state,year,sex,l0,l70,ppd,ppd_pct
Alabama,1990,Male,1e+05,59208.2086922255,0.407917913077745,40.7917913077745
Alabama,1990,Female,1e+05,76375.8760089118,0.236241239910882,23.6241239910882
Alabama,1991,Male,1e+05,59254.5807171951,0.407454192828049,40.7454192828049
Alabama,1991,Female,1e+05,76360.2825426381,0.236397174573619,23.6397174573619
Alabama,1992,Male,1e+05,59855.1146033165,0.401448853966835,40.1448853966835
Alabama,1992,Female,1e+05,76417.8267784184,0.235821732215816,23.5821732215816
Alabama,1993,Male,1e+05,59856.8397308629,0.401431602691371,40.1431602691371
Alabama,1993,Female,1e+05,75554.1948619983,0.244458051380017,24.4458051380017
Alabama,1994,Male,1e+05,59985.9755842971,0.400140244157029,40.0140244157029
Alabama,1994,Female,1e+05,75774.5572994366,0.242254427005634,24.2254427005634
Alabama,1995,Male,1e+05,59795.7653097688,0.402042346902312,40.2042346902312
Alabama,1995,Female,1e+05,75855.4759769715,0.241445240230285,24.1445240230285
Alabama,1996,Male,1e+05,60314.2910647188,0.396857089352812,39.6857089352812
Alabama,1996,Female,1e+05,75965.2169943036,0.240347830056964,24.0347830056964
Alabama,1997,Male,1e+05,61192.5575584277,0.388074424415723,38.8074424415723
Alabama,1997,Female,1e+05,76106.8212420429,0.238931787579571,23.8931787579571
Alabama,1998,Male,1e+05,61779.9023242302,0.382200976757698,38.2200976757698
Alabama,1998,Female,1e+05,76209.3626896016,0.237906373103984,23.7906373103984
Alabama,1999,Male,1e+05,62052.0662605704,0.379479337394296,37.9479337394296
Alabama,1999,Female,1e+05,76185.6031272087,0.238143968727914,23.8143968727914
Alabama,2000,Male,1e+05,62627.5864280611,0.373724135719389,37.3724135719389
Alabama,2000,Female,1e+05,76163.6107574302,0.238363892425699,23.8363892425699
Alabama,2001,Male,1e+05,63067.0252205271,0.36932974779473,36.932974779473
Alabama,2001,Female,1e+05,76310.4837305928,0.236895162694072,23.6895162694072
Alabama,2002,Male,1e+05,63173.6688421824,0.368263311578176,36.8263311578176
Alabama,2002,Female,1e+05,76400.7337804734,0.235992662195266,23.5992662195266
Alabama,2003,Male,1e+05,63173.9147650263,0.368260852349737,36.8260852349737
Alabama,2003,Female,1e+05,76277.9201466937,0.237220798533063,23.7220798533063
Alabama,2004,Male,1e+05,63624.1362596085,0.363758637403915,36.3758637403915
Alabama,2004,Female,1e+05,76368.5962664404,0.236314037335596,23.6314037335596
Alabama,2005,Male,1e+05,63545.4261731707,0.364545738268294,36.4545738268294
Alabama,2005,Female,1e+05,76275.0133611702,0.237249866388298,23.7249866388298
Alabama,2006,Male,1e+05,63585.8626297482,0.364141373702518,36.4141373702518
Alabama,2006,Female,1e+05,76485.7201811853,0.235142798188147,23.5142798188147
Alabama,2007,Male,1e+05,64131.6458264293,0.358683541735707,35.8683541735707
Alabama,2007,Female,1e+05,76925.9420342898,0.230740579657102,23.0740579657102
Alabama,2008,Male,1e+05,64420.8593308814,0.355791406691186,35.5791406691186
Alabama,2008,Female,1e+05,76777.2292362496,0.232227707637504,23.2227707637504
Alabama,2009,Male,1e+05,64797.6860635247,0.352023139364753,35.2023139364753
Alabama,2009,Female,1e+05,76989.4054830377,0.230105945169623,23.0105945169623
Alabama,2010,Male,1e+05,65235.6279543498,0.347643720456502,34.7643720456502
Alabama,2010,Female,1e+05,77290.9499499463,0.227090500500537,22.7090500500537
Alabama,2011,Male,1e+05,65264.0553292931,0.347359446707069,34.7359446707069
Alabama,2011,Female,1e+05,77187.7017370101,0.228122982629899,22.8122982629899
Alabama,2012,Male,1e+05,65406.3041710361,0.34593695828964,34.593695828964
Alabama,2012,Female,1e+05,77360.7050692249,0.226392949307751,22.6392949307751
Alabama,2013,Male,1e+05,65328.1677202831,0.346718322797169,34.6718322797169
Alabama,2013,Female,1e+05,77182.3934800442,0.228176065199558,22.8176065199558
Alabama,2014,Male,1e+05,65603.0052318888,0.343969947681112,34.3969947681112
Alabama,2014,Female,1e+05,76997.7914680316,0.230022085319684,23.0022085319684
Alabama,2015,Male,1e+05,65245.6449520481,0.347543550479519,34.7543550479519
Alabama,2015,Female,1e+05,76978.5024263619,0.230214975736382,23.0214975736382
Alabama,2016,Male,1e+05,64877.4724191018,0.351225275808983,35.1225275808983
Alabama,2016,Female,1e+05,76896.8064485791,0.231031935514209,23.1031935514209
Alabama,2017,Male,1e+05,64802.7319406877,0.351972680593123,35.1972680593123
Alabama,2017,Female,1e+05,77069.3445861961,0.229306554138039,22.9306554138039
Alabama,2018,Male,1e+05,65014.424818597,0.34985575181403,34.985575181403
Alabama,2018,Female,1e+05,77146.138801359,0.228538611986411,22.8538611986411
Alabama,2019,Male,1e+05,65379.4121655833,0.346205878344167,34.6205878344167
Alabama,2019,Female,1e+05,77437.8818724093,0.225621181275907,22.5621181275907
Alabama,2020,Male,1e+05,60350.9394983392,0.396490605016608,39.6490605016608
Alabama,2020,Female,1e+05,73809.0224062699,0.261909775937301,26.1909775937301
Alabama,2021,Male,1e+05,56110.937745681,0.43889062254319,43.889062254319
Alabama,2021,Female,1e+05,70728.3449583423,0.292716550416577,29.2716550416577
Alabama,2022,Male,1e+05,60912.7934299009,0.390872065700991,39.0872065700991
Alabama,2022,Female,1e+05,74733.3714410367,0.252666285589633,25.2666285589633
Alabama,2023,Male,1e+05,62937.1481689248,0.370628518310752,37.0628518310752
Alabama,2023,Female,1e+05,75852.5334278713,0.241474665721287,24.1474665721287
Alaska,1990,Male,1e+05,65077.6303533979,0.349223696466021,34.9223696466021
Alaska,1990,Female,1e+05,78598.1015261105,0.214018984738895,21.4018984738895
Alaska,1991,Male,1e+05,65416.9175578089,0.345830824421911,34.5830824421911
Alaska,1991,Female,1e+05,78954.6328405183,0.210453671594817,21.0453671594817
Alaska,1992,Male,1e+05,66104.1029964499,0.338958970035502,33.8958970035502
Alaska,1992,Female,1e+05,79170.627706046,0.20829372293954,20.829372293954
Alaska,1993,Male,1e+05,66114.9272442062,0.338850727557938,33.8850727557938
Alaska,1993,Female,1e+05,79207.7681324691,0.207922318675309,20.7922318675309
Alaska,1994,Male,1e+05,66478.7873349075,0.335212126650925,33.5212126650925
Alaska,1994,Female,1e+05,79395.0486295741,0.206049513704259,20.6049513704259
Alaska,1995,Male,1e+05,67055.4671580642,0.329445328419358,32.9445328419358
Alaska,1995,Female,1e+05,79674.1851470643,0.203258148529357,20.3258148529357
Alaska,1996,Male,1e+05,68209.5998100856,0.317904001899144,31.7904001899144
Alaska,1996,Female,1e+05,79982.7195920311,0.200172804079689,20.0172804079689
Alaska,1997,Male,1e+05,69242.0633905224,0.307579366094776,30.7579366094776
Alaska,1997,Female,1e+05,80484.3875292406,0.195156124707594,19.5156124707594
Alaska,1998,Male,1e+05,70071.4442085636,0.299285557914364,29.9285557914364
Alaska,1998,Female,1e+05,80496.8569936439,0.195031430063561,19.5031430063561
Alaska,1999,Male,1e+05,70635.411683638,0.293645883163621,29.3645883163621
Alaska,1999,Female,1e+05,80134.0308611655,0.198659691388346,19.8659691388346
Alaska,2000,Male,1e+05,70914.1195188917,0.290858804811083,29.0858804811083
Alaska,2000,Female,1e+05,80061.6441005131,0.199383558994869,19.9383558994869
Alaska,2001,Male,1e+05,71143.4237411585,0.288565762588416,28.8565762588416
Alaska,2001,Female,1e+05,80450.9517550035,0.195490482449965,19.5490482449965
Alaska,2002,Male,1e+05,71273.4463138413,0.287265536861587,28.7265536861587
Alaska,2002,Female,1e+05,80874.883318584,0.19125116681416,19.125116681416
Alaska,2003,Male,1e+05,71769.7325613945,0.282302674386056,28.2302674386056
Alaska,2003,Female,1e+05,80952.7598619054,0.190472401380946,19.0472401380946
Alaska,2004,Male,1e+05,72993.4155059634,0.270065844940366,27.0065844940366
Alaska,2004,Female,1e+05,81350.8361271397,0.186491638728603,18.6491638728603
Alaska,2005,Male,1e+05,73167.403201562,0.26832596798438,26.832596798438
Alaska,2005,Female,1e+05,81459.1071644221,0.185408928355779,18.5408928355779
Alaska,2006,Male,1e+05,73545.08476362,0.2645491523638,26.45491523638
Alaska,2006,Female,1e+05,81341.0784853311,0.186589215146689,18.6589215146689
Alaska,2007,Male,1e+05,73636.9789164098,0.263630210835902,26.3630210835902
Alaska,2007,Female,1e+05,81517.9169119785,0.184820830880215,18.4820830880215
Alaska,2008,Male,1e+05,73604.5420613782,0.263954579386218,26.3954579386218
Alaska,2008,Female,1e+05,81565.6422212086,0.184343577787914,18.4343577787914
Alaska,2009,Male,1e+05,73507.440283986,0.26492559716014,26.492559716014
Alaska,2009,Female,1e+05,81836.7724559649,0.181632275440351,18.1632275440351
Alaska,2010,Male,1e+05,73585.8051032651,0.264141948967349,26.4141948967349
Alaska,2010,Female,1e+05,82190.17883227,0.1780982116773,17.80982116773
Alaska,2011,Male,1e+05,73435.7211190607,0.265642788809393,26.5642788809393
Alaska,2011,Female,1e+05,82304.0333624049,0.176959666375951,17.6959666375951
Alaska,2012,Male,1e+05,73548.2029009355,0.264517970990645,26.4517970990645
Alaska,2012,Female,1e+05,82234.9143503109,0.177650856496891,17.7650856496891
Alaska,2013,Male,1e+05,73451.0502475571,0.265489497524429,26.5489497524429
Alaska,2013,Female,1e+05,82155.3953095466,0.178446046904534,17.8446046904534
Alaska,2014,Male,1e+05,73666.9493492671,0.26333050650733,26.333050650733
Alaska,2014,Female,1e+05,81976.4904207525,0.180235095792475,18.0235095792475
Alaska,2015,Male,1e+05,73522.3185474098,0.264776814525902,26.4776814525902
Alaska,2015,Female,1e+05,81747.3294272156,0.182526705727844,18.2526705727844
Alaska,2016,Male,1e+05,73336.1004654702,0.266638995345298,26.6638995345298
Alaska,2016,Female,1e+05,81556.2635480302,0.184437364519699,18.4437364519699
Alaska,2017,Male,1e+05,73531.0128261154,0.264689871738847,26.4689871738847
Alaska,2017,Female,1e+05,81506.4152647547,0.184935847352453,18.4935847352453
Alaska,2018,Male,1e+05,73526.1677807345,0.264738322192655,26.4738322192655
Alaska,2018,Female,1e+05,81640.2498100472,0.183597501899528,18.3597501899528
Alaska,2019,Male,1e+05,73641.1766715485,0.263588233284515,26.3588233284515
Alaska,2019,Female,1e+05,81654.9173405956,0.183450826594044,18.3450826594044
Alaska,2020,Male,1e+05,70479.2129462245,0.295207870537755,29.5207870537755
Alaska,2020,Female,1e+05,79558.818777201,0.20441181222799,20.441181222799
Alaska,2021,Male,1e+05,64406.291997888,0.35593708002112,35.593708002112
Alaska,2021,Female,1e+05,76261.0036106245,0.237389963893755,23.7389963893755
Alaska,2022,Male,1e+05,66833.4465021038,0.331665534978962,33.1665534978962
Alaska,2022,Female,1e+05,77847.547069336,0.22152452930664,22.152452930664
Alaska,2023,Male,1e+05,67918.2008323224,0.320817991676777,32.0817991676777
Alaska,2023,Female,1e+05,78692.5993663247,0.213074006336753,21.3074006336753
Arizona,1990,Male,1e+05,66257.8144111338,0.337421855888662,33.7421855888662
Arizona,1990,Female,1e+05,80075.0881071395,0.199249118928605,19.9249118928605
Arizona,1991,Male,1e+05,66511.0184862697,0.334889815137303,33.4889815137303
Arizona,1991,Female,1e+05,80502.0294903641,0.194979705096359,19.4979705096359
Arizona,1992,Male,1e+05,66420.4105436934,0.335795894563066,33.5795894563066
Arizona,1992,Female,1e+05,80682.6024905404,0.193173975094596,19.3173975094596
Arizona,1993,Male,1e+05,65819.6768792173,0.341803231207827,34.1803231207827
Arizona,1993,Female,1e+05,80245.6297468731,0.197543702531269,19.7543702531269
Arizona,1994,Male,1e+05,66041.1735062065,0.339588264937935,33.9588264937935
Arizona,1994,Female,1e+05,80239.3106880056,0.197606893119944,19.7606893119944
Arizona,1995,Male,1e+05,66817.1493357517,0.331828506642484,33.1828506642484
Arizona,1995,Female,1e+05,80324.6836084671,0.196753163915329,19.6753163915329
Arizona,1996,Male,1e+05,67888.611738095,0.32111388261905,32.111388261905
Arizona,1996,Female,1e+05,80560.0311868685,0.194399688131315,19.4399688131315
Arizona,1997,Male,1e+05,68945.8965399267,0.310541034600733,31.0541034600733
Arizona,1997,Female,1e+05,80789.6261482055,0.192103738517945,19.2103738517945
Arizona,1998,Male,1e+05,69363.5302911227,0.306364697088773,30.6364697088773
Arizona,1998,Female,1e+05,81005.9290434164,0.189940709565836,18.9940709565836
Arizona,1999,Male,1e+05,69508.6039983547,0.304913960016453,30.4913960016453
Arizona,1999,Female,1e+05,81053.044762229,0.18946955237771,18.946955237771
Arizona,2000,Male,1e+05,70035.0270055352,0.299649729944648,29.9649729944648
Arizona,2000,Female,1e+05,81336.9853601108,0.186630146398892,18.6630146398892
Arizona,2001,Male,1e+05,70500.6822634613,0.294993177365387,29.4993177365387
Arizona,2001,Female,1e+05,81786.8948185767,0.182131051814233,18.2131051814233
Arizona,2002,Male,1e+05,70638.1128672385,0.293618871327615,29.3618871327615
Arizona,2002,Female,1e+05,81950.2883384778,0.180497116615222,18.0497116615222
Arizona,2003,Male,1e+05,70999.9083674222,0.290000916325778,29.0000916325778
Arizona,2003,Female,1e+05,81994.497721583,0.18005502278417,18.005502278417
Arizona,2004,Male,1e+05,71664.3984582636,0.283356015417364,28.3356015417364
Arizona,2004,Female,1e+05,82162.9052083455,0.178370947916545,17.8370947916545
Arizona,2005,Male,1e+05,71422.8583276037,0.285771416723963,28.5771416723963
Arizona,2005,Female,1e+05,82041.3592622504,0.179586407377496,17.9586407377496
Arizona,2006,Male,1e+05,71746.9293612728,0.282530706387272,28.2530706387272
Arizona,2006,Female,1e+05,82325.4818248001,0.176745181751999,17.6745181751999
Arizona,2007,Male,1e+05,72552.9635940876,0.274470364059125,27.4470364059125
Arizona,2007,Female,1e+05,83037.2697161061,0.169627302838939,16.9627302838939
Arizona,2008,Male,1e+05,73234.6893014876,0.267653106985124,26.7653106985124
Arizona,2008,Female,1e+05,83325.7997029703,0.166742002970297,16.6742002970297
Arizona,2009,Male,1e+05,73757.2263323052,0.262427736676948,26.2427736676948
Arizona,2009,Female,1e+05,83525.2322109201,0.164747677890799,16.4747677890799
Arizona,2010,Male,1e+05,74053.6948637703,0.259463051362297,25.9463051362297
Arizona,2010,Female,1e+05,83840.0250860781,0.161599749139219,16.1599749139219
Arizona,2011,Male,1e+05,73853.5993679603,0.261464006320397,26.1464006320397
Arizona,2011,Female,1e+05,83733.6452615092,0.162663547384909,16.2663547384909
Arizona,2012,Male,1e+05,73722.4651059962,0.262775348940039,26.2775348940039
Arizona,2012,Female,1e+05,83756.3784513674,0.162436215486326,16.2436215486326
Arizona,2013,Male,1e+05,73781.3061610212,0.262186938389788,26.2186938389789
Arizona,2013,Female,1e+05,83632.8691066524,0.163671308933476,16.3671308933476
Arizona,2014,Male,1e+05,73757.8191432167,0.262421808567833,26.2421808567833
Arizona,2014,Female,1e+05,83554.6675273006,0.164453324726994,16.4453324726994
Arizona,2015,Male,1e+05,73110.4276705278,0.268895723294722,26.8895723294722
Arizona,2015,Female,1e+05,83268.0486498256,0.167319513501744,16.7319513501744
Arizona,2016,Male,1e+05,72548.7013484867,0.274512986515133,27.4512986515133
Arizona,2016,Female,1e+05,83179.012455118,0.16820987544882,16.820987544882
Arizona,2017,Male,1e+05,72543.4791290507,0.274565208709493,27.4565208709493
Arizona,2017,Female,1e+05,83318.1309562171,0.166818690437829,16.6818690437829
Arizona,2018,Male,1e+05,72629.3539916146,0.273706460083854,27.3706460083854
Arizona,2018,Female,1e+05,83511.7351229264,0.164882648770736,16.4882648770736
Arizona,2019,Male,1e+05,72465.9542919005,0.275340457080995,27.5340457080995
Arizona,2019,Female,1e+05,83147.5604876613,0.168524395123387,16.8524395123387
Arizona,2020,Male,1e+05,66527.951649856,0.33472048350144,33.472048350144
Arizona,2020,Female,1e+05,79554.2227051615,0.204457772948385,20.4457772948385
Arizona,2021,Male,1e+05,63045.2746237246,0.369547253762754,36.9547253762754
Arizona,2021,Female,1e+05,76899.2714207504,0.231007285792496,23.1007285792496
Arizona,2022,Male,1e+05,67911.5558337745,0.320884441662255,32.0884441662255
Arizona,2022,Female,1e+05,80386.1634568897,0.196138365431103,19.6138365431103
Arizona,2023,Male,1e+05,70477.5467120843,0.295224532879157,29.5224532879157
Arizona,2023,Female,1e+05,82096.0323124059,0.179039676875941,17.9039676875941
Arkansas,1990,Male,1e+05,61165.1840935329,0.388348159064671,38.8348159064671
Arkansas,1990,Female,1e+05,77332.4188571132,0.226675811428868,22.6675811428868
Arkansas,1991,Male,1e+05,61451.32229159,0.3854867770841,38.54867770841
Arkansas,1991,Female,1e+05,77371.513267568,0.22628486732432,22.628486732432
Arkansas,1992,Male,1e+05,61590.6688873078,0.384093311126922,38.4093311126922
Arkansas,1992,Female,1e+05,77537.4778636961,0.224625221363039,22.4625221363039
Arkansas,1993,Male,1e+05,61068.1995093502,0.389318004906498,38.9318004906498
Arkansas,1993,Female,1e+05,77158.7588111554,0.228412411888446,22.8412411888446
Arkansas,1994,Male,1e+05,61478.6285785914,0.385213714214087,38.5213714214087
Arkansas,1994,Female,1e+05,77517.1247220145,0.224828752779855,22.4828752779855
Arkansas,1995,Male,1e+05,61870.2066442966,0.381297933557034,38.1297933557034
Arkansas,1995,Female,1e+05,77441.7205190788,0.225582794809212,22.5582794809212
Arkansas,1996,Male,1e+05,62501.7322760876,0.374982677239124,37.4982677239124
Arkansas,1996,Female,1e+05,77271.495187282,0.22728504812718,22.728504812718
Arkansas,1997,Male,1e+05,62888.2543381935,0.371117456618065,37.1117456618065
Arkansas,1997,Female,1e+05,77106.1430209146,0.228938569790854,22.8938569790854
Arkansas,1998,Male,1e+05,63571.3031631271,0.364286968368729,36.4286968368729
Arkansas,1998,Female,1e+05,77225.8324960543,0.227741675039457,22.7741675039457
Arkansas,1999,Male,1e+05,63975.0673845965,0.360249326154035,36.0249326154035
Arkansas,1999,Female,1e+05,77253.7177366547,0.227462822633453,22.7462822633453
Arkansas,2000,Male,1e+05,64412.2403946921,0.355877596053079,35.5877596053079
Arkansas,2000,Female,1e+05,77246.2092250203,0.227537907749797,22.7537907749797
Arkansas,2001,Male,1e+05,64575.4196492608,0.354245803507393,35.4245803507393
Arkansas,2001,Female,1e+05,77167.836748696,0.22832163251304,22.832163251304
Arkansas,2002,Male,1e+05,64648.94772506,0.3535105227494,35.35105227494
Arkansas,2002,Female,1e+05,76977.4251904228,0.230225748095772,23.0225748095772
Arkansas,2003,Male,1e+05,64959.0403635021,0.350409596364979,35.0409596364979
Arkansas,2003,Female,1e+05,77241.1718253973,0.227588281746027,22.7588281746027
Arkansas,2004,Male,1e+05,65560.7284972006,0.344392715027994,34.4392715027994
Arkansas,2004,Female,1e+05,77419.4664616637,0.225805335383363,22.5805335383363
Arkansas,2005,Male,1e+05,65344.7687936845,0.346552312063155,34.6552312063155
Arkansas,2005,Female,1e+05,77362.3926792401,0.226376073207599,22.6376073207599
Arkansas,2006,Male,1e+05,65668.8797237075,0.343311202762925,34.3311202762925
Arkansas,2006,Female,1e+05,77355.3054637022,0.226446945362978,22.6446945362978
Arkansas,2007,Male,1e+05,65875.8635087344,0.341241364912656,34.1241364912656
Arkansas,2007,Female,1e+05,77509.8104571524,0.224901895428476,22.4901895428476
Arkansas,2008,Male,1e+05,65425.536807356,0.34574463192644,34.574463192644
Arkansas,2008,Female,1e+05,77332.8155843266,0.226671844156734,22.6671844156734
Arkansas,2009,Male,1e+05,65681.1865317809,0.343188134682191,34.3188134682191
Arkansas,2009,Female,1e+05,77681.0415314147,0.223189584685853,22.3189584685853
Arkansas,2010,Male,1e+05,66090.5689641565,0.339094310358435,33.9094310358435
Arkansas,2010,Female,1e+05,77940.3434780064,0.220596565219936,22.0596565219936
Arkansas,2011,Male,1e+05,66006.0817436234,0.339939182563766,33.9939182563766
Arkansas,2011,Female,1e+05,77793.5986779362,0.222064013220638,22.2064013220638
Arkansas,2012,Male,1e+05,66133.3281098045,0.338666718901955,33.8666718901955
Arkansas,2012,Female,1e+05,77627.1048426828,0.223728951573172,22.3728951573172
Arkansas,2013,Male,1e+05,66180.7900659203,0.338192099340797,33.8192099340797
Arkansas,2013,Female,1e+05,77340.1260112966,0.226598739887034,22.6598739887034
Arkansas,2014,Male,1e+05,66112.417022922,0.33887582977078,33.887582977078
Arkansas,2014,Female,1e+05,77149.1699889868,0.228508300110132,22.8508300110132
Arkansas,2015,Male,1e+05,65603.8954327328,0.343961045672672,34.3961045672672
Arkansas,2015,Female,1e+05,76870.6635083933,0.231293364916067,23.1293364916067
Arkansas,2016,Male,1e+05,65466.3363297013,0.345336636702987,34.5336636702987
Arkansas,2016,Female,1e+05,76620.5552878235,0.233794447121765,23.3794447121765
Arkansas,2017,Male,1e+05,65655.2580448459,0.343447419551542,34.3447419551542
Arkansas,2017,Female,1e+05,76468.7324951714,0.235312675048286,23.5312675048286
Arkansas,2018,Male,1e+05,65912.335830008,0.34087664169992,34.087664169992
Arkansas,2018,Female,1e+05,76771.5102396547,0.232284897603454,23.2284897603454
Arkansas,2019,Male,1e+05,66037.20082075,0.339627991792501,33.9627991792501
Arkansas,2019,Female,1e+05,76973.0703968703,0.230269296031297,23.0269296031297
Arkansas,2020,Male,1e+05,61578.9903524745,0.384210096475255,38.4210096475255
Arkansas,2020,Female,1e+05,73756.6474815867,0.262433525184133,26.2433525184133
Arkansas,2021,Male,1e+05,57596.132698721,0.42403867301279,42.403867301279
Arkansas,2021,Female,1e+05,71030.7380757947,0.289692619242053,28.9692619242053
Arkansas,2022,Male,1e+05,61737.488418868,0.38262511581132,38.262511581132
Arkansas,2022,Female,1e+05,73609.5242092157,0.263904757907844,26.3904757907844
Arkansas,2023,Male,1e+05,63795.6051477126,0.362043948522874,36.2043948522874
Arkansas,2023,Female,1e+05,75446.4332231419,0.245535667768581,24.5535667768581
California,1990,Male,1e+05,66322.7063086843,0.336772936913157,33.6772936913157
California,1990,Female,1e+05,79530.6607044999,0.204693392955001,20.4693392955001
California,1991,Male,1e+05,66850.1596511047,0.331498403488953,33.1498403488953
California,1991,Female,1e+05,79826.7685166897,0.201732314833103,20.1732314833103
California,1992,Male,1e+05,67399.6484648954,0.326003515351046,32.6003515351046
California,1992,Female,1e+05,80179.3314668098,0.198206685331902,19.8206685331902
California,1993,Male,1e+05,67612.2805390195,0.323877194609805,32.3877194609805
California,1993,Female,1e+05,80173.2254827856,0.198267745172145,19.8267745172145
California,1994,Male,1e+05,68041.9779080848,0.319580220919152,31.9580220919152
California,1994,Female,1e+05,80425.4649624731,0.195745350375269,19.5745350375269
California,1995,Male,1e+05,68793.1376816589,0.312068623183411,31.2068623183411
California,1995,Female,1e+05,80862.1507684028,0.191378492315972,19.1378492315972
California,1996,Male,1e+05,70257.5650948013,0.297424349051988,29.7424349051988
California,1996,Female,1e+05,81139.4117690073,0.188605882309928,18.8605882309928
California,1997,Male,1e+05,71407.3791577557,0.285926208422443,28.5926208422443
California,1997,Female,1e+05,81388.8772785715,0.186111227214285,18.6111227214285
California,1998,Male,1e+05,71891.8425725711,0.281081574274289,28.1081574274289
California,1998,Female,1e+05,81687.9593430115,0.183120406569885,18.3120406569885
California,1999,Male,1e+05,72571.3796968054,0.274286203031946,27.4286203031946
California,1999,Female,1e+05,81735.0371502939,0.182649628497061,18.2649628497061
California,2000,Male,1e+05,73137.0455546926,0.268629544453074,26.8629544453074
California,2000,Female,1e+05,82101.2029970901,0.178987970029099,17.8987970029099
California,2001,Male,1e+05,73104.2685194844,0.268957314805156,26.8957314805156
California,2001,Female,1e+05,82138.0772894444,0.178619227105556,17.8619227105556
California,2002,Male,1e+05,73198.5079972507,0.268014920027493,26.8014920027493
California,2002,Female,1e+05,82478.8532377465,0.175211467622536,17.5211467622536
California,2003,Male,1e+05,73386.9994902897,0.266130005097104,26.6130005097104
California,2003,Female,1e+05,82681.8603218412,0.173181396781588,17.3181396781588
California,2004,Male,1e+05,74298.7514655222,0.257012485344778,25.7012485344778
California,2004,Female,1e+05,83247.4891456982,0.167525108543018,16.7525108543018
California,2005,Male,1e+05,74412.3745594845,0.255876254405155,25.5876254405155
California,2005,Female,1e+05,83459.0956045694,0.165409043954306,16.5409043954306
California,2006,Male,1e+05,74774.7916984358,0.252252083015642,25.2252083015642
California,2006,Female,1e+05,83842.0127045163,0.161579872954837,16.1579872954837
California,2007,Male,1e+05,75395.6134146516,0.246043865853484,24.6043865853484
California,2007,Female,1e+05,84409.5795647667,0.155904204352333,15.5904204352333
California,2008,Male,1e+05,75958.5933772853,0.240414066227147,24.0414066227147
California,2008,Female,1e+05,84646.4883986382,0.153535116013618,15.3535116013618
California,2009,Male,1e+05,76584.6711047783,0.234153288952217,23.4153288952217
California,2009,Female,1e+05,85043.7057934869,0.149562942065131,14.9562942065131
California,2010,Male,1e+05,77385.6262943933,0.226143737056067,22.6143737056067
California,2010,Female,1e+05,85478.3915271204,0.145216084728796,14.5216084728796
California,2011,Male,1e+05,77482.8598488923,0.225171401511077,22.5171401511077
California,2011,Female,1e+05,85588.3090299566,0.144116909700434,14.4116909700434
California,2012,Male,1e+05,77527.8409587608,0.224721590412392,22.4721590412392
California,2012,Female,1e+05,85779.413615357,0.14220586384643,14.220586384643
California,2013,Male,1e+05,77651.68871123,0.2234831128877,22.34831128877
California,2013,Female,1e+05,85957.9649831435,0.140420350168565,14.0420350168565
California,2014,Male,1e+05,77873.0445905263,0.221269554094738,22.1269554094738
California,2014,Female,1e+05,86016.924333246,0.139830756667541,13.9830756667541
California,2015,Male,1e+05,77529.5100605642,0.224704899394358,22.4704899394358
California,2015,Female,1e+05,85830.3488987457,0.141696511012544,14.1696511012544
California,2016,Male,1e+05,77423.9905590809,0.225760094409192,22.5760094409192
California,2016,Female,1e+05,85828.2464695806,0.141717535304194,14.1717535304194
California,2017,Male,1e+05,77484.7904637312,0.225152095362688,22.5152095362688
California,2017,Female,1e+05,85941.4655382032,0.140585344617968,14.0585344617968
California,2018,Male,1e+05,77694.4813521231,0.223055186478769,22.3055186478769
California,2018,Female,1e+05,86346.6327940425,0.136533672059575,13.6533672059575
California,2019,Male,1e+05,77705.3342714699,0.222946657285302,22.2946657285301
California,2019,Female,1e+05,86448.3449095397,0.135516550904603,13.5516550904603
California,2020,Male,1e+05,73039.1470635844,0.269608529364157,26.9608529364157
California,2020,Female,1e+05,84341.5245112585,0.156584754887415,15.6584754887415
California,2021,Male,1e+05,70696.6165374219,0.293033834625781,29.3033834625781
California,2021,Female,1e+05,83145.534329958,0.16854465670042,16.854465670042
California,2022,Male,1e+05,74412.718831426,0.255872811685741,25.5872811685741
California,2022,Female,1e+05,85009.3891441875,0.149906108558125,14.9906108558125
California,2023,Male,1e+05,76130.9274427441,0.238690725572559,23.8690725572559
California,2023,Female,1e+05,86064.7226501473,0.139352773498527,13.9352773498527
Colorado,1990,Male,1e+05,70046.1536442264,0.299538463557737,29.9538463557737
Colorado,1990,Female,1e+05,81474.9815440698,0.185250184559302,18.5250184559302
Colorado,1991,Male,1e+05,70214.3481275335,0.297856518724665,29.7856518724665
Colorado,1991,Female,1e+05,81438.4555395087,0.185615444604913,18.5615444604913
Colorado,1992,Male,1e+05,70605.9773288118,0.293940226711882,29.3940226711882
Colorado,1992,Female,1e+05,81677.335817417,0.18322664182583,18.322664182583
Colorado,1993,Male,1e+05,70462.947456,0.29537052544,29.537052544
Colorado,1993,Female,1e+05,81371.044211767,0.18628955788233,18.628955788233
Colorado,1994,Male,1e+05,70513.4149943816,0.294865850056184,29.4865850056184
Colorado,1994,Female,1e+05,81476.086079538,0.18523913920462,18.523913920462
Colorado,1995,Male,1e+05,71039.2836057775,0.289607163942225,28.9607163942225
Colorado,1995,Female,1e+05,81562.2630440803,0.184377369559197,18.4377369559197
Colorado,1996,Male,1e+05,71970.2587221024,0.280297412778976,28.0297412778976
Colorado,1996,Female,1e+05,81765.0302709835,0.182349697290165,18.2349697290165
Colorado,1997,Male,1e+05,72888.2339576625,0.271117660423375,27.1117660423376
Colorado,1997,Female,1e+05,81956.7953602836,0.180432046397164,18.0432046397164
Colorado,1998,Male,1e+05,73502.009670817,0.264979903291831,26.4979903291831
Colorado,1998,Female,1e+05,82072.1610838616,0.179278389161384,17.9278389161384
Colorado,1999,Male,1e+05,73992.2103311873,0.260077896688127,26.0077896688127
Colorado,1999,Female,1e+05,82119.6324993526,0.178803675006474,17.8803675006474
Colorado,2000,Male,1e+05,74811.6397351,0.251883602649,25.1883602649
Colorado,2000,Female,1e+05,82332.9920331962,0.176670079668038,17.6670079668038
Colorado,2001,Male,1e+05,75106.9243240044,0.248930756759956,24.8930756759956
Colorado,2001,Female,1e+05,82461.7155416269,0.175382844583731,17.5382844583731
Colorado,2002,Male,1e+05,74947.510289534,0.25052489710466,25.052489710466
Colorado,2002,Female,1e+05,82811.7701165665,0.171882298834336,17.1882298834336
Colorado,2003,Male,1e+05,75193.2173362207,0.248067826637793,24.8067826637793
Colorado,2003,Female,1e+05,83191.698744603,0.16808301255397,16.808301255397
Colorado,2004,Male,1e+05,75985.178836928,0.24014821163072,24.014821163072
Colorado,2004,Female,1e+05,83961.4981009265,0.160385018990735,16.0385018990735
Colorado,2005,Male,1e+05,76295.5624840901,0.237044375159099,23.7044375159099
Colorado,2005,Female,1e+05,84224.0305126404,0.157759694873596,15.7759694873596
Colorado,2006,Male,1e+05,76692.9853344167,0.233070146655834,23.3070146655834
Colorado,2006,Female,1e+05,84501.633618838,0.15498366381162,15.498366381162
Colorado,2007,Male,1e+05,76745.7884728505,0.232542115271495,23.2542115271495
Colorado,2007,Female,1e+05,84721.6078636011,0.15278392136399,15.278392136399
Colorado,2008,Male,1e+05,76656.6893772293,0.233433106227708,23.3433106227708
Colorado,2008,Female,1e+05,84689.5039283382,0.153104960716618,15.3104960716618
Colorado,2009,Male,1e+05,77045.3766088793,0.229546233911207,22.9546233911207
Colorado,2009,Female,1e+05,84826.3704372709,0.151736295627291,15.1736295627291
Colorado,2010,Male,1e+05,77536.7375575374,0.224632624424626,22.4632624424626
Colorado,2010,Female,1e+05,85154.4361532054,0.148455638467947,14.8455638467947
Colorado,2011,Male,1e+05,77411.2488153537,0.225887511846463,22.5887511846463
Colorado,2011,Female,1e+05,85276.001576708,0.14723998423292,14.723998423292
Colorado,2012,Male,1e+05,77529.0078857765,0.224709921142235,22.4709921142235
Colorado,2012,Female,1e+05,85377.7144160049,0.146222855839951,14.6222855839951
Colorado,2013,Male,1e+05,77560.0616806249,0.224399383193751,22.4399383193751
Colorado,2013,Female,1e+05,85421.9704455199,0.145780295544801,14.5780295544801
Colorado,2014,Male,1e+05,77313.7355985435,0.226862644014565,22.6862644014565
Colorado,2014,Female,1e+05,85397.1662620513,0.146028337379487,14.6028337379487
Colorado,2015,Male,1e+05,77047.2243920687,0.229527756079314,22.9527756079314
Colorado,2015,Female,1e+05,85428.797060964,0.14571202939036,14.571202939036
Colorado,2016,Male,1e+05,76732.0863958356,0.232679136041644,23.2679136041644
Colorado,2016,Female,1e+05,85492.4231303587,0.145075768696413,14.5075768696413
Colorado,2017,Male,1e+05,76973.8623819814,0.230261376180186,23.0261376180186
Colorado,2017,Female,1e+05,85457.749905681,0.14542250094319,14.542250094319
Colorado,2018,Male,1e+05,77029.5450447339,0.229704549552662,22.9704549552662
Colorado,2018,Female,1e+05,85654.2423695662,0.143457576304338,14.3457576304338
Colorado,2019,Male,1e+05,76787.6026665697,0.232123973334303,23.2123973334303
Colorado,2019,Female,1e+05,85489.3778284765,0.145106221715235,14.5106221715235
Colorado,2020,Male,1e+05,73508.598940068,0.26491401059932,26.491401059932
Colorado,2020,Female,1e+05,83797.4054746384,0.162025945253617,16.2025945253617
Colorado,2021,Male,1e+05,71376.831015006,0.28623168984994,28.623168984994
Colorado,2021,Female,1e+05,82226.4157362473,0.177735842637527,17.7735842637527
Colorado,2022,Male,1e+05,73661.1674647913,0.263388325352087,26.3388325352087
Colorado,2022,Female,1e+05,83643.2796162931,0.163567203837069,16.3567203837069
Colorado,2023,Male,1e+05,75119.4904531854,0.248805095468146,24.8805095468146
Colorado,2023,Female,1e+05,84850.5805259119,0.151494194740881,15.1494194740881
Connecticut,1990,Male,1e+05,69008.2227996739,0.309917772003261,30.9917772003261
Connecticut,1990,Female,1e+05,81029.6731694045,0.189703268305955,18.9703268305955
Connecticut,1991,Male,1e+05,69298.9115703699,0.307010884296301,30.7010884296301
Connecticut,1991,Female,1e+05,81381.1821299658,0.186188178700342,18.6188178700342
Connecticut,1992,Male,1e+05,69551.7473156311,0.30448252684369,30.448252684369
Connecticut,1992,Female,1e+05,81667.4378225639,0.183325621774361,18.3325621774361
Connecticut,1993,Male,1e+05,69577.3474034558,0.304226525965442,30.4226525965442
Connecticut,1993,Female,1e+05,81523.7555104367,0.184762444895633,18.4762444895633
Connecticut,1994,Male,1e+05,69629.2075319331,0.303707924680669,30.3707924680669
Connecticut,1994,Female,1e+05,81396.7799952123,0.186032200047877,18.6032200047877
Connecticut,1995,Male,1e+05,70133.9238512576,0.298660761487425,29.8660761487425
Connecticut,1995,Female,1e+05,81295.9830702675,0.187040169297325,18.7040169297325
Connecticut,1996,Male,1e+05,71012.4696363789,0.289875303636212,28.9875303636212
Connecticut,1996,Female,1e+05,81309.2574807946,0.186907425192054,18.6907425192054
Connecticut,1997,Male,1e+05,71893.7954925996,0.281062045074004,28.1062045074004
Connecticut,1997,Female,1e+05,81798.7849276386,0.182012150723614,18.2012150723614
Connecticut,1998,Male,1e+05,72566.470782941,0.27433529217059,27.433529217059
Connecticut,1998,Female,1e+05,82188.7936378431,0.178112063621569,17.8112063621569
Connecticut,1999,Male,1e+05,72912.793226792,0.27087206773208,27.087206773208
Connecticut,1999,Female,1e+05,82389.7672858574,0.176102327141426,17.6102327141426
Connecticut,2000,Male,1e+05,73271.8769409022,0.267281230590978,26.7281230590978
Connecticut,2000,Female,1e+05,82557.6061250697,0.174423938749303,17.4423938749303
Connecticut,2001,Male,1e+05,73825.5656704487,0.261744343295514,26.1744343295514
Connecticut,2001,Female,1e+05,82705.6358704046,0.172943641295955,17.2943641295955
Connecticut,2002,Male,1e+05,74252.4066044162,0.257475933955838,25.7475933955838
Connecticut,2002,Female,1e+05,83117.2800186092,0.168827199813908,16.8827199813908
Connecticut,2003,Male,1e+05,74612.2003424436,0.253877996575564,25.3877996575564
Connecticut,2003,Female,1e+05,83439.5054092959,0.165604945907041,16.5604945907041
Connecticut,2004,Male,1e+05,75477.2617907967,0.245227382092034,24.5227382092034
Connecticut,2004,Female,1e+05,83992.0510944585,0.160079489055415,16.0079489055415
Connecticut,2005,Male,1e+05,76010.2722499995,0.239897277500005,23.9897277500005
Connecticut,2005,Female,1e+05,84317.0646534044,0.156829353465956,15.6829353465956
Connecticut,2006,Male,1e+05,76685.3107233319,0.233146892766681,23.3146892766681
Connecticut,2006,Female,1e+05,84667.9548923502,0.153320451076498,15.3320451076498
Connecticut,2007,Male,1e+05,77261.6186189952,0.227383813810048,22.7383813810048
Connecticut,2007,Female,1e+05,85127.1900441646,0.148728099558354,14.8728099558354
Connecticut,2008,Male,1e+05,77599.7313655971,0.224002686344029,22.4002686344029
Connecticut,2008,Female,1e+05,85429.345382967,0.14570654617033,14.570654617033
Connecticut,2009,Male,1e+05,77923.5856097101,0.220764143902899,22.0764143902899
Connecticut,2009,Female,1e+05,85681.904513943,0.14318095486057,14.318095486057
Connecticut,2010,Male,1e+05,78110.4877238387,0.218895122761613,21.8895122761613
Connecticut,2010,Female,1e+05,86047.7476175923,0.139522523824077,13.9522523824077
Connecticut,2011,Male,1e+05,78205.2655826635,0.217947344173365,21.7947344173365
Connecticut,2011,Female,1e+05,86171.4844688046,0.138285155311954,13.8285155311954
Connecticut,2012,Male,1e+05,78359.8706056123,0.216401293943878,21.6401293943878
Connecticut,2012,Female,1e+05,86333.2919832845,0.136667080167155,13.6667080167155
Connecticut,2013,Male,1e+05,78429.0515036998,0.215709484963002,21.5709484963002
Connecticut,2013,Female,1e+05,86353.8365362255,0.136461634637745,13.6461634637745
Connecticut,2014,Male,1e+05,78505.0877296626,0.214949122703374,21.4949122703374
Connecticut,2014,Female,1e+05,86435.7888248694,0.135642111751306,13.5642111751306
Connecticut,2015,Male,1e+05,78079.8059881182,0.219201940118818,21.9201940118818
Connecticut,2015,Female,1e+05,86461.1616460738,0.135388383539262,13.5388383539262
Connecticut,2016,Male,1e+05,77722.9207462805,0.222770792537195,22.2770792537195
Connecticut,2016,Female,1e+05,86450.6471843602,0.135493528156398,13.5493528156398
Connecticut,2017,Male,1e+05,77632.4692106402,0.223675307893598,22.3675307893598
Connecticut,2017,Female,1e+05,86366.2632296543,0.136337367703457,13.6337367703457
Connecticut,2018,Male,1e+05,77410.5130790157,0.225894869209843,22.5894869209843
Connecticut,2018,Female,1e+05,86471.2115651317,0.135287884348683,13.5287884348683
Connecticut,2019,Male,1e+05,76940.1404563548,0.230598595436452,23.0598595436452
Connecticut,2019,Female,1e+05,86395.5060255579,0.136044939744421,13.6044939744421
Connecticut,2020,Male,1e+05,73299.8138119742,0.267001861880258,26.7001861880258
Connecticut,2020,Female,1e+05,84494.8045554493,0.155051954445507,15.5051954445507
Connecticut,2021,Male,1e+05,73810.1935628498,0.261898064371502,26.1898064371502
Connecticut,2021,Female,1e+05,84534.3804908104,0.154656195091896,15.4656195091896
Connecticut,2022,Male,1e+05,75247.4655914231,0.247525344085769,24.7525344085769
Connecticut,2022,Female,1e+05,85017.0604481014,0.149829395518986,14.9829395518986
Connecticut,2023,Male,1e+05,76876.7467790591,0.231232532209409,23.1232532209409
Connecticut,2023,Female,1e+05,86265.2712873513,0.137347287126487,13.7347287126487
Delaware,1990,Male,1e+05,64176.1849985608,0.358238150014393,35.8238150014393
Delaware,1990,Female,1e+05,76938.9436166958,0.230610563833042,23.0610563833042
Delaware,1991,Male,1e+05,64499.14497791,0.355008550220901,35.5008550220901
Delaware,1991,Female,1e+05,76968.4988178851,0.23031501182115,23.031501182115
Delaware,1992,Male,1e+05,64947.1021555782,0.350528978444219,35.0528978444219
Delaware,1992,Female,1e+05,77513.0317057551,0.224869682942449,22.4869682942449
Delaware,1993,Male,1e+05,64479.768923203,0.35520231076797,35.520231076797
Delaware,1993,Female,1e+05,77524.3291349881,0.224756708650119,22.4756708650119
Delaware,1994,Male,1e+05,64689.1357431376,0.353108642568624,35.3108642568624
Delaware,1994,Female,1e+05,77768.3138336431,0.222316861663569,22.2316861663569
Delaware,1995,Male,1e+05,65341.1934063151,0.346588065936849,34.6588065936849
Delaware,1995,Female,1e+05,77859.0034405343,0.221409965594657,22.1409965594657
Delaware,1996,Male,1e+05,66330.1071121158,0.336698928878842,33.6698928878842
Delaware,1996,Female,1e+05,78031.4332775064,0.219685667224936,21.9685667224936
Delaware,1997,Male,1e+05,67487.4255670664,0.325125744329336,32.5125744329336
Delaware,1997,Female,1e+05,78522.1570452099,0.214778429547901,21.4778429547901
Delaware,1998,Male,1e+05,68300.8721122926,0.316991278877074,31.6991278877074
Delaware,1998,Female,1e+05,78953.080956222,0.21046919043778,21.046919043778
Delaware,1999,Male,1e+05,68625.065932094,0.31374934067906,31.374934067906
Delaware,1999,Female,1e+05,79081.4458306427,0.209185541693573,20.9185541693573
Delaware,2000,Male,1e+05,69209.0076943272,0.307909923056728,30.7909923056728
Delaware,2000,Female,1e+05,79585.3942703554,0.204146057296446,20.4146057296446
Delaware,2001,Male,1e+05,69724.5870542353,0.302754129457647,30.2754129457647
Delaware,2001,Female,1e+05,79631.5624188022,0.203684375811978,20.3684375811978
Delaware,2002,Male,1e+05,70087.5730845628,0.299124269154372,29.9124269154372
Delaware,2002,Female,1e+05,79985.5204567572,0.200144795432429,20.0144795432429
Delaware,2003,Male,1e+05,69900.9106281208,0.300990893718792,30.0990893718792
Delaware,2003,Female,1e+05,80343.1628602051,0.19656837139795,19.656837139795
Delaware,2004,Male,1e+05,70194.8011364313,0.298051988635687,29.8051988635687
Delaware,2004,Female,1e+05,81037.3709971045,0.189626290028955,18.9626290028955
Delaware,2005,Male,1e+05,70095.3206146097,0.299046793853903,29.9046793853903
Delaware,2005,Female,1e+05,80907.4193801574,0.190925806198426,19.0925806198426
Delaware,2006,Male,1e+05,70719.4843254507,0.292805156745493,29.2805156745493
Delaware,2006,Female,1e+05,81224.2655425531,0.187757344574469,18.7757344574469
Delaware,2007,Male,1e+05,71192.6567631647,0.288073432368354,28.8073432368354
Delaware,2007,Female,1e+05,81592.0353697883,0.184079646302117,18.4079646302117
Delaware,2008,Male,1e+05,71568.8321204778,0.284311678795222,28.4311678795222
Delaware,2008,Female,1e+05,81708.7705379766,0.182912294620234,18.2912294620234
Delaware,2009,Male,1e+05,71913.2912792929,0.280867087207071,28.0867087207071
Delaware,2009,Female,1e+05,81909.5005302397,0.180904994697603,18.0904994697603
Delaware,2010,Male,1e+05,72381.1996667292,0.276188003332708,27.6188003332708
Delaware,2010,Female,1e+05,82175.9260625514,0.178240739374486,17.8240739374486
Delaware,2011,Male,1e+05,72823.3192678304,0.271766807321696,27.1766807321696
Delaware,2011,Female,1e+05,82165.9055781338,0.178340944218662,17.8340944218662
Delaware,2012,Male,1e+05,73439.5217202923,0.265604782797077,26.5604782797077
Delaware,2012,Female,1e+05,82249.5093261135,0.177504906738865,17.7504906738865
Delaware,2013,Male,1e+05,73461.9665371737,0.265380334628263,26.5380334628263
Delaware,2013,Female,1e+05,82334.2975152121,0.176657024847879,17.6657024847879
Delaware,2014,Male,1e+05,73493.1640993556,0.265068359006444,26.5068359006444
Delaware,2014,Female,1e+05,82436.2407714106,0.175637592285894,17.5637592285894
Delaware,2015,Male,1e+05,72953.1515748802,0.270468484251198,27.0468484251198
Delaware,2015,Female,1e+05,82508.7923461496,0.174912076538504,17.4912076538504
Delaware,2016,Male,1e+05,72281.4677375026,0.277185322624974,27.7185322624974
Delaware,2016,Female,1e+05,82393.8365704943,0.176061634295057,17.6061634295057
Delaware,2017,Male,1e+05,71975.5272954164,0.280244727045836,28.0244727045836
Delaware,2017,Female,1e+05,82427.8081963161,0.175721918036839,17.5721918036839
Delaware,2018,Male,1e+05,72040.8106426102,0.279591893573898,27.9591893573899
Delaware,2018,Female,1e+05,82770.6452083841,0.172293547916159,17.2293547916159
Delaware,2019,Male,1e+05,72252.8256594198,0.277471743405802,27.7471743405802
Delaware,2019,Female,1e+05,82842.7603635869,0.171572396364132,17.1572396364132
Delaware,2020,Male,1e+05,69205.166898508,0.30794833101492,30.794833101492
Delaware,2020,Female,1e+05,80769.1075739361,0.192308924260639,19.2308924260639
Delaware,2021,Male,1e+05,66941.9548674258,0.330580451325742,33.0580451325742
Delaware,2021,Female,1e+05,79451.494747521,0.20548505252479,20.548505252479
Delaware,2022,Male,1e+05,67833.3047847984,0.321666952152016,32.1666952152016
Delaware,2022,Female,1e+05,80354.2736247522,0.196457263752478,19.6457263752478
Delaware,2023,Male,1e+05,70507.4870401337,0.294925129598663,29.4925129598663
Delaware,2023,Female,1e+05,81716.0753909801,0.1828392460902,18.28392460902
District of Columbia,1990,Male,1e+05,43077.7707272529,0.569222292727471,56.9222292727471
District of Columbia,1990,Female,1e+05,67473.1291743155,0.325268708256845,32.5268708256845
District of Columbia,1991,Male,1e+05,43732.9452865431,0.562670547134569,56.2670547134569
District of Columbia,1991,Female,1e+05,68151.8351524382,0.318481648475618,31.8481648475618
District of Columbia,1992,Male,1e+05,44285.2946683062,0.557147053316938,55.7147053316938
District of Columbia,1992,Female,1e+05,68585.4308939909,0.314145691060091,31.4145691060091
District of Columbia,1993,Male,1e+05,43576.6110135462,0.564233889864538,56.4233889864538
District of Columbia,1993,Female,1e+05,68711.6323547469,0.312883676452531,31.2883676452531
District of Columbia,1994,Male,1e+05,44080.9480636687,0.559190519363313,55.9190519363313
District of Columbia,1994,Female,1e+05,68983.977721251,0.31016022278749,31.016022278749
District of Columbia,1995,Male,1e+05,45755.3378688232,0.542446621311768,54.2446621311768
District of Columbia,1995,Female,1e+05,69163.1797707546,0.308368202292454,30.8368202292454
District of Columbia,1996,Male,1e+05,48486.9243465671,0.515130756534329,51.5130756534329
District of Columbia,1996,Female,1e+05,70267.5296619928,0.297324703380072,29.7324703380072
District of Columbia,1997,Male,1e+05,51516.0908312962,0.484839091687038,48.4839091687038
District of Columbia,1997,Female,1e+05,70983.3475100343,0.290166524899657,29.0166524899657
District of Columbia,1998,Male,1e+05,53205.2149262912,0.467947850737088,46.7947850737088
District of Columbia,1998,Female,1e+05,71510.8479988102,0.284891520011898,28.4891520011898
District of Columbia,1999,Male,1e+05,53672.1727780757,0.463278272219243,46.3278272219243
District of Columbia,1999,Female,1e+05,71782.9911342992,0.282170088657008,28.2170088657008
District of Columbia,2000,Male,1e+05,54847.2814322942,0.451527185677058,45.1527185677058
District of Columbia,2000,Female,1e+05,72290.9470010329,0.277090529989671,27.7090529989671
District of Columbia,2001,Male,1e+05,55600.4785004067,0.443995214995934,44.3995214995934
District of Columbia,2001,Female,1e+05,72666.0245098259,0.273339754901742,27.3339754901742
District of Columbia,2002,Male,1e+05,56470.4317613516,0.435295682386484,43.5295682386484
District of Columbia,2002,Female,1e+05,73306.4030770876,0.266935969229124,26.6935969229124
District of Columbia,2003,Male,1e+05,57414.2101314516,0.425857898685485,42.5857898685485
District of Columbia,2003,Female,1e+05,73628.2666192861,0.263717333807139,26.3717333807139
District of Columbia,2004,Male,1e+05,59095.9144890647,0.409040855109354,40.9040855109354
District of Columbia,2004,Female,1e+05,74280.0253297033,0.257199746702967,25.7199746702967
District of Columbia,2005,Male,1e+05,59671.0815293754,0.403289184706246,40.3289184706246
District of Columbia,2005,Female,1e+05,74367.7138597952,0.256322861402048,25.6322861402048
District of Columbia,2006,Male,1e+05,60557.7477625258,0.394422522374742,39.4422522374742
District of Columbia,2006,Female,1e+05,74711.7834633348,0.252882165366653,25.2882165366653
District of Columbia,2007,Male,1e+05,61913.0483635149,0.380869516364851,38.0869516364851
District of Columbia,2007,Female,1e+05,75819.2336300274,0.241807663699726,24.1807663699726
District of Columbia,2008,Male,1e+05,63246.5900651948,0.367534099348052,36.7534099348052
District of Columbia,2008,Female,1e+05,76537.6562239805,0.234623437760195,23.4623437760195
District of Columbia,2009,Male,1e+05,65077.9077389358,0.349220922610642,34.9220922610642
District of Columbia,2009,Female,1e+05,77154.1715273607,0.228458284726393,22.8458284726393
District of Columbia,2010,Male,1e+05,67202.6834732693,0.327973165267307,32.7973165267307
District of Columbia,2010,Female,1e+05,77750.0673130312,0.222499326869688,22.2499326869688
District of Columbia,2011,Male,1e+05,68344.6123892457,0.316553876107543,31.6553876107543
District of Columbia,2011,Female,1e+05,78296.1153658246,0.217038846341754,21.7038846341754
District of Columbia,2012,Male,1e+05,68730.9771816768,0.312690228183232,31.2690228183232
District of Columbia,2012,Female,1e+05,78598.3629283908,0.214016370716092,21.4016370716092
District of Columbia,2013,Male,1e+05,68329.0586808186,0.316709413191814,31.6709413191814
District of Columbia,2013,Female,1e+05,78686.2808898254,0.213137191101746,21.3137191101746
District of Columbia,2014,Male,1e+05,67647.5301406961,0.323524698593039,32.3524698593039
District of Columbia,2014,Female,1e+05,78503.648734587,0.21496351265413,21.496351265413
District of Columbia,2015,Male,1e+05,66813.132157075,0.33186867842925,33.186867842925
District of Columbia,2015,Female,1e+05,78262.9873520659,0.217370126479341,21.7370126479341
District of Columbia,2016,Male,1e+05,65798.7963590497,0.342012036409503,34.2012036409503
District of Columbia,2016,Female,1e+05,77751.4198022009,0.222485801977991,22.2485801977991
District of Columbia,2017,Male,1e+05,65636.1797910556,0.343638202089444,34.3638202089444
District of Columbia,2017,Female,1e+05,77769.0275192497,0.222309724807503,22.2309724807503
District of Columbia,2018,Male,1e+05,65818.7806460423,0.341812193539577,34.1812193539577
District of Columbia,2018,Female,1e+05,77967.3539498895,0.220326460501105,22.0326460501105
District of Columbia,2019,Male,1e+05,65791.3629329011,0.342086370670989,34.2086370670989
District of Columbia,2019,Female,1e+05,78027.7992142961,0.219722007857039,21.9722007857039
District of Columbia,2020,Male,1e+05,59201.7673025497,0.407982326974503,40.7982326974503
District of Columbia,2020,Female,1e+05,74303.0122970173,0.256969877029827,25.6969877029827
District of Columbia,2021,Male,1e+05,59211.4264350826,0.407885735649174,40.7885735649174
District of Columbia,2021,Female,1e+05,74516.4405605328,0.254835594394672,25.4835594394672
District of Columbia,2022,Male,1e+05,63476.8684535187,0.365231315464813,36.5231315464813
District of Columbia,2022,Female,1e+05,76885.6938984734,0.231143061015266,23.1143061015266
District of Columbia,2023,Male,1e+05,66403.8332226732,0.335961667773268,33.5961667773268
District of Columbia,2023,Female,1e+05,78446.7239010556,0.215532760989445,21.5532760989445
Florida,1990,Male,1e+05,64705.409124468,0.35294590875532,35.294590875532
Florida,1990,Female,1e+05,79948.4391626984,0.200515608373017,20.0515608373017
Florida,1991,Male,1e+05,65112.8010463983,0.348871989536017,34.8871989536017
Florida,1991,Female,1e+05,80207.3135991786,0.197926864008214,19.7926864008214
Florida,1992,Male,1e+05,65562.4754140916,0.344375245859085,34.4375245859085
Florida,1992,Female,1e+05,80328.3326799917,0.196716673200083,19.6716673200083
Florida,1993,Male,1e+05,65218.3706217938,0.347816293782062,34.7816293782062
Florida,1993,Female,1e+05,80068.7544054703,0.199312455945297,19.9312455945297
Florida,1994,Male,1e+05,65446.3578192163,0.345536421807837,34.5536421807837
Florida,1994,Female,1e+05,80102.3739717504,0.198976260282496,19.8976260282496
Florida,1995,Male,1e+05,65627.9947555342,0.343720052444658,34.3720052444658
Florida,1995,Female,1e+05,80061.834306458,0.19938165693542,19.938165693542
Florida,1996,Male,1e+05,66901.9984461276,0.330980015538724,33.0980015538724
Florida,1996,Female,1e+05,80479.327105037,0.19520672894963,19.520672894963
Florida,1997,Male,1e+05,68262.3786028879,0.317376213971121,31.7376213971121
Florida,1997,Female,1e+05,80856.7615831014,0.191432384168986,19.1432384168986
Florida,1998,Male,1e+05,68816.051027073,0.31183948972927,31.183948972927
Florida,1998,Female,1e+05,80958.0400847758,0.190419599152242,19.0419599152242
Florida,1999,Male,1e+05,68994.2635369862,0.310057364630138,31.0057364630138
Florida,1999,Female,1e+05,80962.1166885969,0.190378833114031,19.0378833114031
Florida,2000,Male,1e+05,69144.2053126713,0.308557946873287,30.8557946873287
Florida,2000,Female,1e+05,81103.8638788321,0.188961361211679,18.8961361211679
Florida,2001,Male,1e+05,69386.0721388112,0.306139278611889,30.6139278611889
Florida,2001,Female,1e+05,81087.5046649806,0.189124953350194,18.9124953350194
Florida,2002,Male,1e+05,69658.3747990645,0.303416252009355,30.3416252009355
Florida,2002,Female,1e+05,81234.6060093135,0.187653939906866,18.7653939906866
Florida,2003,Male,1e+05,69736.9335025835,0.302630664974165,30.2630664974165
Florida,2003,Female,1e+05,81264.101183838,0.18735898816162,18.735898816162
Florida,2004,Male,1e+05,70279.7317502276,0.297202682497724,29.7202682497724
Florida,2004,Female,1e+05,81605.2589181211,0.183947410818789,18.3947410818789
Florida,2005,Male,1e+05,70453.5230013411,0.29546476998659,29.546476998659
Florida,2005,Female,1e+05,81855.7394306324,0.181442605693676,18.1442605693676
Florida,2006,Male,1e+05,70863.9349567233,0.291360650432768,29.1360650432768
Florida,2006,Female,1e+05,82200.8559295486,0.177991440704514,17.7991440704514
Florida,2007,Male,1e+05,71490.6394660654,0.285093605339346,28.5093605339346
Florida,2007,Female,1e+05,82675.1803056167,0.173248196943833,17.3248196943833
Florida,2008,Male,1e+05,71708.0259778731,0.282919740221269,28.2919740221269
Florida,2008,Female,1e+05,82919.8774212725,0.170801225787275,17.0801225787275
Florida,2009,Male,1e+05,72225.7986316198,0.277742013683802,27.7742013683802
Florida,2009,Female,1e+05,83099.0814910691,0.169009185089309,16.9009185089309
Florida,2010,Male,1e+05,72761.8099467954,0.272381900532046,27.2381900532046
Florida,2010,Female,1e+05,83266.8342201474,0.167331657798526,16.7331657798526
Florida,2011,Male,1e+05,73276.3567644677,0.267236432355323,26.7236432355323
Florida,2011,Female,1e+05,83413.1786306067,0.165868213693934,16.5868213693934
Florida,2012,Male,1e+05,73566.3670615134,0.264336329384866,26.4336329384866
Florida,2012,Female,1e+05,83546.9025111055,0.164530974888945,16.4530974888945
Florida,2013,Male,1e+05,73740.5303284275,0.262594696715725,26.2594696715725
Florida,2013,Female,1e+05,83598.4461073441,0.164015538926559,16.4015538926559
Florida,2014,Male,1e+05,73450.1425022618,0.265498574977382,26.5498574977382
Florida,2014,Female,1e+05,83559.2727874208,0.164407272125792,16.4407272125792
Florida,2015,Male,1e+05,72896.5136921247,0.271034863078753,27.1034863078753
Florida,2015,Female,1e+05,83326.6772194837,0.166733227805163,16.6733227805163
Florida,2016,Male,1e+05,72379.1906719576,0.276208093280424,27.6208093280424
Florida,2016,Female,1e+05,82828.9461697526,0.171710538302474,17.1710538302474
Florida,2017,Male,1e+05,72209.1600404692,0.277908399595308,27.7908399595308
Florida,2017,Female,1e+05,82788.4194114988,0.172115805885012,17.2115805885012
Florida,2018,Male,1e+05,72491.0810137749,0.275089189862251,27.5089189862251
Florida,2018,Female,1e+05,83063.5886267349,0.169364113732651,16.9364113732651
Florida,2019,Male,1e+05,72737.7071770959,0.272622928229042,27.2622928229042
Florida,2019,Female,1e+05,83264.3201644938,0.167356798355062,16.7356798355062
Florida,2020,Male,1e+05,69244.7430732496,0.307552569267504,30.7552569267504
Florida,2020,Female,1e+05,81289.1089614528,0.187108910385472,18.7108910385472
Florida,2021,Male,1e+05,65493.4028045083,0.345065971954917,34.5065971954917
Florida,2021,Female,1e+05,78483.3760834807,0.215166239165193,21.5166239165193
Florida,2022,Male,1e+05,70483.1398238527,0.295168601761473,29.5168601761473
Florida,2022,Female,1e+05,81732.1115178137,0.182678884821863,18.2678884821863
Florida,2023,Male,1e+05,72318.031578001,0.27681968421999,27.681968421999
Florida,2023,Female,1e+05,82904.6018357035,0.170953981642965,17.0953981642965
Georgia,1990,Male,1e+05,59298.8495454367,0.407011504545634,40.7011504545634
Georgia,1990,Female,1e+05,76157.317423024,0.23842682576976,23.842682576976
Georgia,1991,Male,1e+05,59730.5218838415,0.402694781161585,40.2694781161585
Georgia,1991,Female,1e+05,76563.0028617462,0.234369971382538,23.4369971382538
Georgia,1992,Male,1e+05,60409.9476281378,0.395900523718622,39.5900523718622
Georgia,1992,Female,1e+05,76470.7046667468,0.235292953332532,23.5292953332532
Georgia,1993,Male,1e+05,60239.8513728594,0.397601486271407,39.7601486271407
Georgia,1993,Female,1e+05,76216.7160726666,0.237832839273334,23.7832839273334
Georgia,1994,Male,1e+05,61028.8602036767,0.389711397963233,38.9711397963233
Georgia,1994,Female,1e+05,76690.4838850076,0.233095161149925,23.3095161149925
Georgia,1995,Male,1e+05,61555.9953057229,0.384440046942771,38.4440046942771
Georgia,1995,Female,1e+05,76599.7802007689,0.234002197992311,23.4002197992311
Georgia,1996,Male,1e+05,62383.0094177322,0.376169905822679,37.6169905822679
Georgia,1996,Female,1e+05,76721.5054457257,0.232784945542743,23.2784945542743
Georgia,1997,Male,1e+05,63450.6724117625,0.365493275882375,36.5493275882375
Georgia,1997,Female,1e+05,77019.8786299927,0.229801213700073,22.9801213700073
Georgia,1998,Male,1e+05,64108.9510322139,0.358910489677861,35.8910489677861
Georgia,1998,Female,1e+05,77234.2219756341,0.227657780243659,22.7657780243659
Georgia,1999,Male,1e+05,64520.465686459,0.35479534313541,35.479534313541
Georgia,1999,Female,1e+05,77226.6849460776,0.227733150539224,22.7733150539224
Georgia,2000,Male,1e+05,65098.186730399,0.34901813269601,34.901813269601
Georgia,2000,Female,1e+05,77277.7560689136,0.227222439310864,22.7222439310864
Georgia,2001,Male,1e+05,65633.8727032629,0.343661272967371,34.3661272967371
Georgia,2001,Female,1e+05,77517.5506212577,0.224824493787423,22.4824493787423
Georgia,2002,Male,1e+05,66014.5057767723,0.339854942232278,33.9854942232278
Georgia,2002,Female,1e+05,77672.4296539606,0.223275703460394,22.3275703460394
Georgia,2003,Male,1e+05,66576.305938266,0.33423694061734,33.423694061734
Georgia,2003,Female,1e+05,77660.5594859928,0.223394405140072,22.3394405140072
Georgia,2004,Male,1e+05,67304.000157574,0.32695999842426,32.695999842426
Georgia,2004,Female,1e+05,78529.4636191546,0.214705363808454,21.4705363808454
Georgia,2005,Male,1e+05,67531.8581266751,0.324681418733249,32.4681418733249
Georgia,2005,Female,1e+05,78966.4059541854,0.210335940458147,21.0335940458147
Georgia,2006,Male,1e+05,68076.9245516192,0.319230754483808,31.9230754483808
Georgia,2006,Female,1e+05,79267.8473390805,0.207321526609195,20.7321526609195
Georgia,2007,Male,1e+05,68899.3139997718,0.311006860002282,31.1006860002282
Georgia,2007,Female,1e+05,79836.8091689419,0.201631908310581,20.1631908310581
Georgia,2008,Male,1e+05,69452.8897293986,0.305471102706015,30.5471102706015
Georgia,2008,Female,1e+05,79867.8864003825,0.201321135996175,20.1321135996175
Georgia,2009,Male,1e+05,69856.366755902,0.30143633244098,30.143633244098
Georgia,2009,Female,1e+05,80161.396312335,0.19838603687665,19.838603687665
Georgia,2010,Male,1e+05,70384.6545447859,0.296153454552141,29.6153454552141
Georgia,2010,Female,1e+05,80387.6180202353,0.196123819797647,19.6123819797648
Georgia,2011,Male,1e+05,70944.3031640066,0.290556968359934,29.0556968359934
Georgia,2011,Female,1e+05,80630.1940589106,0.193698059410894,19.3698059410894
Georgia,2012,Male,1e+05,70983.9056025403,0.290160943974597,29.0160943974597
Georgia,2012,Female,1e+05,81028.8399503539,0.189711600496461,18.9711600496461
Georgia,2013,Male,1e+05,70684.7141003528,0.293152858996473,29.3152858996473
Georgia,2013,Female,1e+05,80978.4047690495,0.190215952309505,19.0215952309505
Georgia,2014,Male,1e+05,70687.3336434855,0.293126663565145,29.3126663565145
Georgia,2014,Female,1e+05,80776.1874122904,0.192238125877096,19.2238125877096
Georgia,2015,Male,1e+05,70436.4375571018,0.295635624428982,29.5635624428982
Georgia,2015,Female,1e+05,80585.5351318541,0.194144648681459,19.4144648681459
Georgia,2016,Male,1e+05,70089.8810241926,0.299101189758074,29.9101189758074
Georgia,2016,Female,1e+05,80401.397562537,0.19598602437463,19.598602437463
Georgia,2017,Male,1e+05,70283.7107750822,0.297162892249178,29.7162892249178
Georgia,2017,Female,1e+05,80511.4162168429,0.194885837831571,19.4885837831571
Georgia,2018,Male,1e+05,70560.6279654609,0.294393720345391,29.4393720345391
Georgia,2018,Female,1e+05,80633.7503312503,0.193662496687497,19.3662496687497
Georgia,2019,Male,1e+05,70703.2938270139,0.292967061729861,29.2967061729861
Georgia,2019,Female,1e+05,80718.2456972411,0.19281754302759,19.281754302759
Georgia,2020,Male,1e+05,66215.3840893734,0.337846159106266,33.7846159106266
Georgia,2020,Female,1e+05,77925.9554150204,0.220740445849797,22.0740445849797
Georgia,2021,Male,1e+05,62624.1828004005,0.373758171995996,37.3758171995996
Georgia,2021,Female,1e+05,74968.4703734292,0.250315296265708,25.0315296265708
Georgia,2022,Male,1e+05,66932.6818513267,0.330673181486733,33.0673181486733
Georgia,2022,Female,1e+05,78446.4767418856,0.215535232581144,21.5535232581144
Georgia,2023,Male,1e+05,69373.2991124055,0.306267008875945,30.6267008875945
Georgia,2023,Female,1e+05,79907.6220690798,0.200923779309202,20.0923779309202
Hawaii,1990,Male,1e+05,71998.2191844749,0.280017808155251,28.0017808155251
Hawaii,1990,Female,1e+05,83271.4954846361,0.167285045153639,16.7285045153639
Hawaii,1991,Male,1e+05,72286.3380650017,0.277136619349983,27.7136619349983
Hawaii,1991,Female,1e+05,83243.1081370236,0.167568918629764,16.7568918629764
Hawaii,1992,Male,1e+05,72345.9847755242,0.276540152244758,27.6540152244758
Hawaii,1992,Female,1e+05,83546.9229465186,0.164530770534814,16.4530770534814
Hawaii,1993,Male,1e+05,72039.4130939184,0.279605869060816,27.9605869060816
Hawaii,1993,Female,1e+05,83788.3564253602,0.162116435746398,16.2116435746398
Hawaii,1994,Male,1e+05,71958.1749719818,0.280418250280182,28.0418250280182
Hawaii,1994,Female,1e+05,83958.6938867794,0.160413061132207,16.0413061132207
Hawaii,1995,Male,1e+05,72085.8116405045,0.279141883594956,27.9141883594956
Hawaii,1995,Female,1e+05,84018.8598770772,0.159811401229228,15.9811401229228
Hawaii,1996,Male,1e+05,72292.9964109632,0.277070035890368,27.7070035890368
Hawaii,1996,Female,1e+05,83917.4883969211,0.16082511603079,16.082511603079
Hawaii,1997,Male,1e+05,72855.9360588707,0.271440639411293,27.1440639411294
Hawaii,1997,Female,1e+05,83903.9674234902,0.160960325765099,16.0960325765099
Hawaii,1998,Male,1e+05,73188.3673499004,0.268116326500996,26.8116326500996
Hawaii,1998,Female,1e+05,83960.5115272057,0.160394884727944,16.0394884727944
Hawaii,1999,Male,1e+05,73460.2252432759,0.265397747567241,26.5397747567241
Hawaii,1999,Female,1e+05,83882.5550606156,0.161174449393844,16.1174449393844
Hawaii,2000,Male,1e+05,74394.9784507697,0.256050215492303,25.6050215492303
Hawaii,2000,Female,1e+05,84077.4556479101,0.159225443520899,15.9225443520899
Hawaii,2001,Male,1e+05,74885.3551393866,0.251146448606134,25.1146448606134
Hawaii,2001,Female,1e+05,84373.4971816891,0.156265028183109,15.6265028183109
Hawaii,2002,Male,1e+05,75026.0932378607,0.249739067621393,24.9739067621393
Hawaii,2002,Female,1e+05,84535.187257606,0.15464812742394,15.464812742394
Hawaii,2003,Male,1e+05,75229.5065377378,0.247704934622623,24.7704934622623
Hawaii,2003,Female,1e+05,84689.5423749008,0.153104576250992,15.3104576250992
Hawaii,2004,Male,1e+05,75484.9501005566,0.245150498994434,24.5150498994434
Hawaii,2004,Female,1e+05,85004.0101513312,0.149959898486688,14.9959898486688
Hawaii,2005,Male,1e+05,75416.1921773396,0.245838078226604,24.5838078226604
Hawaii,2005,Female,1e+05,85087.9250870157,0.149120749129843,14.9120749129843
Hawaii,2006,Male,1e+05,75383.9530100497,0.246160469899504,24.6160469899504
Hawaii,2006,Female,1e+05,85278.6604729859,0.147213395270141,14.7213395270141
Hawaii,2007,Male,1e+05,75717.8042895871,0.242821957104129,24.2821957104129
Hawaii,2007,Female,1e+05,85586.9761773458,0.144130238226542,14.4130238226542
Hawaii,2008,Male,1e+05,75705.7216948779,0.242942783051221,24.2942783051221
Hawaii,2008,Female,1e+05,85878.5288702706,0.141214711297294,14.1214711297294
Hawaii,2009,Male,1e+05,75940.5678316408,0.240594321683592,24.0594321683592
Hawaii,2009,Female,1e+05,86235.4029586644,0.137645970413356,13.7645970413356
Hawaii,2010,Male,1e+05,76405.4008145217,0.235945991854783,23.5945991854783
Hawaii,2010,Female,1e+05,86501.2844025419,0.134987155974581,13.4987155974581
Hawaii,2011,Male,1e+05,76676.5324511648,0.233234675488352,23.3234675488352
Hawaii,2011,Female,1e+05,86379.8100940382,0.136201899059618,13.6201899059618
Hawaii,2012,Male,1e+05,76916.9668549123,0.230830331450877,23.0830331450877
Hawaii,2012,Female,1e+05,86351.638124835,0.13648361875165,13.648361875165
Hawaii,2013,Male,1e+05,76930.0438170617,0.230699561829383,23.0699561829383
Hawaii,2013,Female,1e+05,86413.5706128807,0.135864293871193,13.5864293871193
Hawaii,2014,Male,1e+05,76864.7259832394,0.231352740167606,23.1352740167606
Hawaii,2014,Female,1e+05,86419.9529972062,0.135800470027938,13.5800470027938
Hawaii,2015,Male,1e+05,76978.3947274,0.230216052726,23.0216052726
Hawaii,2015,Female,1e+05,86485.4457220694,0.135145542779307,13.5145542779307
Hawaii,2016,Male,1e+05,76978.6720975985,0.230213279024015,23.0213279024015
Hawaii,2016,Female,1e+05,86557.0732333753,0.134429267666247,13.4429267666247
Hawaii,2017,Male,1e+05,76783.1305170307,0.232168694829693,23.2168694829693
Hawaii,2017,Female,1e+05,86651.7601319725,0.133482398680275,13.3482398680275
Hawaii,2018,Male,1e+05,76818.1545755589,0.231818454244411,23.1818454244411
Hawaii,2018,Female,1e+05,86819.8111579039,0.131801888420961,13.1801888420961
Hawaii,2019,Male,1e+05,76882.1042444181,0.231178957555819,23.1178957555819
Hawaii,2019,Female,1e+05,86976.201290217,0.13023798709783,13.023798709783
Hawaii,2020,Male,1e+05,74924.5714887628,0.250754285112372,25.0754285112372
Hawaii,2020,Female,1e+05,86066.6333477241,0.139333666522759,13.9333666522759
Hawaii,2021,Male,1e+05,72736.9753038715,0.272630246961285,27.2630246961285
Hawaii,2021,Female,1e+05,84469.2905306231,0.155307094693769,15.5307094693769
Hawaii,2022,Male,1e+05,73496.0825262575,0.265039174737425,26.5039174737425
Hawaii,2022,Female,1e+05,85288.3429762811,0.147116570237189,14.7116570237189
Hawaii,2023,Male,1e+05,74355.3087799217,0.256446912200783,25.6446912200783
Hawaii,2023,Female,1e+05,85800.2302124295,0.141997697875705,14.1997697875705
Idaho,1990,Male,1e+05,70269.6736958988,0.297303263041012,29.7303263041012
Idaho,1990,Female,1e+05,81338.2216231242,0.186617783768758,18.6617783768758
Idaho,1991,Male,1e+05,70854.2346991455,0.291457653008545,29.1457653008545
Idaho,1991,Female,1e+05,81358.1624346119,0.186418375653881,18.6418375653881
Idaho,1992,Male,1e+05,71077.9142557027,0.289220857442973,28.9220857442973
Idaho,1992,Female,1e+05,81570.8967196684,0.184291032803316,18.4291032803316
Idaho,1993,Male,1e+05,70939.6432728364,0.290603567271636,29.0603567271636
Idaho,1993,Female,1e+05,81120.0108995834,0.188799891004166,18.8799891004166
Idaho,1994,Male,1e+05,70990.8699328433,0.290091300671567,29.0091300671567
Idaho,1994,Female,1e+05,80928.4302996859,0.190715697003141,19.0715697003141
Idaho,1995,Male,1e+05,70879.8274249101,0.291201725750899,29.1201725750899
Idaho,1995,Female,1e+05,80906.5146165031,0.190934853834969,19.0934853834969
Idaho,1996,Male,1e+05,71344.420743498,0.28655579256502,28.655579256502
Idaho,1996,Female,1e+05,81074.5308737787,0.189254691262213,18.9254691262213
Idaho,1997,Male,1e+05,72007.3307739931,0.279926692260069,27.9926692260069
Idaho,1997,Female,1e+05,81303.824015583,0.186961759844171,18.6961759844171
Idaho,1998,Male,1e+05,72625.7297858006,0.273742702141995,27.3742702141995
Idaho,1998,Female,1e+05,81536.7920593611,0.184632079406389,18.4632079406389
Idaho,1999,Male,1e+05,72926.5210653209,0.270734789346791,27.0734789346791
Idaho,1999,Female,1e+05,81599.7795448631,0.184002204551369,18.4002204551369
Idaho,2000,Male,1e+05,73630.6652733968,0.263693347266032,26.3693347266032
Idaho,2000,Female,1e+05,81807.5970163904,0.181924029836096,18.1924029836096
Idaho,2001,Male,1e+05,74000.5173387264,0.259994826612736,25.9994826612736
Idaho,2001,Female,1e+05,82025.4007001043,0.179745992998957,17.9745992998957
Idaho,2002,Male,1e+05,74268.8334710823,0.257311665289177,25.7311665289177
Idaho,2002,Female,1e+05,82286.6689430756,0.177133310569245,17.7133310569245
Idaho,2003,Male,1e+05,74393.5208307724,0.256064791692276,25.6064791692276
Idaho,2003,Female,1e+05,82581.4975996538,0.174185024003462,17.4185024003462
Idaho,2004,Male,1e+05,75004.1757315643,0.249958242684358,24.9958242684358
Idaho,2004,Female,1e+05,83122.7859084282,0.168772140915718,16.8772140915718
Idaho,2005,Male,1e+05,75099.9707582436,0.249000292417564,24.9000292417564
Idaho,2005,Female,1e+05,83383.7964812054,0.166162035187946,16.6162035187947
Idaho,2006,Male,1e+05,75308.6335175576,0.246913664824424,24.6913664824424
Idaho,2006,Female,1e+05,83488.9110135608,0.165110889864392,16.5110889864392
Idaho,2007,Male,1e+05,75864.4298842531,0.241355701157469,24.1355701157469
Idaho,2007,Female,1e+05,83683.8333394824,0.163161666605176,16.3161666605176
Idaho,2008,Male,1e+05,76070.6438061392,0.239293561938608,23.9293561938608
Idaho,2008,Female,1e+05,83553.4900549146,0.164465099450854,16.4465099450854
Idaho,2009,Male,1e+05,76057.5307866439,0.239424692133561,23.9424692133561
Idaho,2009,Female,1e+05,83720.1298599968,0.162798701400032,16.2798701400032
Idaho,2010,Male,1e+05,76189.4332688589,0.238105667311411,23.8105667311411
Idaho,2010,Female,1e+05,83916.6435352808,0.160833564647192,16.0833564647192
Idaho,2011,Male,1e+05,76109.9705977791,0.238900294022209,23.8900294022209
Idaho,2011,Female,1e+05,83990.9414178701,0.160090585821299,16.0090585821299
Idaho,2012,Male,1e+05,76161.3673281618,0.238386326718382,23.8386326718382
Idaho,2012,Female,1e+05,84181.0159133504,0.158189840866496,15.8189840866496
Idaho,2013,Male,1e+05,76067.2799064846,0.239327200935154,23.9327200935154
Idaho,2013,Female,1e+05,84150.1880520115,0.158498119479886,15.8498119479886
Idaho,2014,Male,1e+05,76338.0699238152,0.236619300761848,23.6619300761848
Idaho,2014,Female,1e+05,84078.0207641733,0.159219792358267,15.9219792358267
Idaho,2015,Male,1e+05,76341.6994404109,0.236583005595891,23.6583005595891
Idaho,2015,Female,1e+05,84162.9682052325,0.158370317947675,15.8370317947675
Idaho,2016,Male,1e+05,76320.8766894762,0.236791233105238,23.6791233105238
Idaho,2016,Female,1e+05,84119.4745194794,0.158805254805206,15.8805254805206
Idaho,2017,Male,1e+05,76435.8904037896,0.235641095962104,23.5641095962104
Idaho,2017,Female,1e+05,84193.9465091167,0.158060534908834,15.8060534908834
Idaho,2018,Male,1e+05,76813.1610199972,0.231868389800028,23.1868389800028
Idaho,2018,Female,1e+05,84603.7023134985,0.153962976865015,15.3962976865015
Idaho,2019,Male,1e+05,77408.3697110499,0.225916302889501,22.5916302889501
Idaho,2019,Female,1e+05,84997.0865877755,0.150029134122245,15.0029134122245
Idaho,2020,Male,1e+05,75004.1045890027,0.249958954109973,24.9958954109973
Idaho,2020,Female,1e+05,83326.2104961657,0.166737895038343,16.6737895038343
Idaho,2021,Male,1e+05,70817.2470044079,0.291827529955922,29.1827529955922
Idaho,2021,Female,1e+05,80543.6269790241,0.194563730209759,19.4563730209759
Idaho,2022,Male,1e+05,73872.6112066318,0.261273887933682,26.1273887933682
Idaho,2022,Female,1e+05,82861.5160081593,0.171384839918407,17.1384839918407
Idaho,2023,Male,1e+05,75789.222856857,0.24210777143143,24.210777143143
Idaho,2023,Female,1e+05,84002.5622954365,0.159974377045635,15.9974377045635
Illinois,1990,Male,1e+05,63490.0622559574,0.365099377440426,36.5099377440426
Illinois,1990,Female,1e+05,77742.4643073196,0.222575356926804,22.2575356926804
Illinois,1991,Male,1e+05,63748.6286619402,0.362513713380598,36.2513713380598
Illinois,1991,Female,1e+05,77840.0529732256,0.221599470267744,22.1599470267744
Illinois,1992,Male,1e+05,64178.184220746,0.358218157792541,35.8218157792541
Illinois,1992,Female,1e+05,78187.7697468449,0.218122302531551,21.8122302531551
Illinois,1993,Male,1e+05,63734.3755642942,0.362656244357058,36.2656244357058
Illinois,1993,Female,1e+05,77776.9075094158,0.222230924905842,22.2230924905842
Illinois,1994,Male,1e+05,63903.2995120541,0.360967004879459,36.0967004879459
Illinois,1994,Female,1e+05,77832.3330451527,0.221676669548473,22.1676669548473
Illinois,1995,Male,1e+05,64362.4843232536,0.356375156767464,35.6375156767464
Illinois,1995,Female,1e+05,77974.204473866,0.22025795526134,22.025795526134
Illinois,1996,Male,1e+05,65656.2171738345,0.343437828261656,34.3437828261656
Illinois,1996,Female,1e+05,78487.534256572,0.21512465743428,21.512465743428
Illinois,1997,Male,1e+05,67066.1667625975,0.329338332374025,32.9338332374025
Illinois,1997,Female,1e+05,79064.9999964722,0.209350000035278,20.9350000035278
Illinois,1998,Male,1e+05,67809.7279616201,0.321902720383799,32.1902720383799
Illinois,1998,Female,1e+05,79224.8899244759,0.207751100755241,20.7751100755241
Illinois,1999,Male,1e+05,67911.8922406747,0.320881077593253,32.0881077593253
Illinois,1999,Female,1e+05,79130.9419185934,0.208690580814066,20.8690580814066
Illinois,2000,Male,1e+05,68731.0376693588,0.312689623306412,31.2689623306412
Illinois,2000,Female,1e+05,79369.8738765962,0.206301261234038,20.6301261234038
Illinois,2001,Male,1e+05,69229.6490435493,0.307703509564507,30.7703509564507
Illinois,2001,Female,1e+05,79485.2090941378,0.205147909058622,20.5147909058622
Illinois,2002,Male,1e+05,69387.8586425308,0.306121413574692,30.6121413574693
Illinois,2002,Female,1e+05,79817.0389244421,0.201829610755579,20.1829610755579
Illinois,2003,Male,1e+05,70054.041577064,0.29945958422936,29.945958422936
Illinois,2003,Female,1e+05,80307.006329762,0.19692993670238,19.692993670238
Illinois,2004,Male,1e+05,71086.9944566377,0.289130055433623,28.9130055433623
Illinois,2004,Female,1e+05,80923.7279776775,0.190762720223225,19.0762720223225
Illinois,2005,Male,1e+05,71326.9303865806,0.286730696134194,28.6730696134194
Illinois,2005,Female,1e+05,81281.8602982169,0.187181397017832,18.7181397017832
Illinois,2006,Male,1e+05,71920.6613526529,0.280793386473471,28.0793386473471
Illinois,2006,Female,1e+05,81655.2028768814,0.183447971231186,18.3447971231186
Illinois,2007,Male,1e+05,72641.0518802175,0.273589481197826,27.3589481197826
Illinois,2007,Female,1e+05,81935.2673436706,0.180647326563294,18.0647326563294
Illinois,2008,Male,1e+05,72746.7967659756,0.272532032340244,27.2532032340244
Illinois,2008,Female,1e+05,81900.620340471,0.18099379659529,18.099379659529
Illinois,2009,Male,1e+05,73404.9213832867,0.265950786167133,26.5950786167133
Illinois,2009,Female,1e+05,82454.6075208276,0.175453924791725,17.5453924791725
Illinois,2010,Male,1e+05,74068.3364579169,0.259316635420831,25.9316635420831
Illinois,2010,Female,1e+05,83067.0080161772,0.169329919838228,16.9329919838228
Illinois,2011,Male,1e+05,74278.6476645991,0.257213523354009,25.7213523354009
Illinois,2011,Female,1e+05,83156.6080327728,0.168433919672272,16.8433919672272
Illinois,2012,Male,1e+05,74439.136138069,0.25560863861931,25.560863861931
Illinois,2012,Female,1e+05,83410.1211646531,0.16589878835347,16.589878835347
Illinois,2013,Male,1e+05,74635.4343664743,0.253645656335257,25.3645656335258
Illinois,2013,Female,1e+05,83521.0845964588,0.164789154035413,16.4789154035413
Illinois,2014,Male,1e+05,74594.7610681413,0.254052389318587,25.4052389318587
Illinois,2014,Female,1e+05,83437.3867397653,0.165626132602347,16.5626132602347
Illinois,2015,Male,1e+05,74374.1097823888,0.256258902176112,25.6258902176112
Illinois,2015,Female,1e+05,83316.5076735517,0.166834923264483,16.6834923264483
Illinois,2016,Male,1e+05,74066.5974407032,0.259334025592968,25.9334025592968
Illinois,2016,Female,1e+05,83334.234114973,0.16665765885027,16.665765885027
Illinois,2017,Male,1e+05,74032.2579481912,0.259677420518088,25.9677420518088
Illinois,2017,Female,1e+05,83356.5711215641,0.166434288784359,16.6434288784359
Illinois,2018,Male,1e+05,73980.5838341508,0.260194161658492,26.0194161658492
Illinois,2018,Female,1e+05,83549.0854150372,0.164509145849628,16.4509145849628
Illinois,2019,Male,1e+05,74046.6095672854,0.259533904327146,25.9533904327146
Illinois,2019,Female,1e+05,83587.6803640161,0.164123196359839,16.4123196359839
Illinois,2020,Male,1e+05,69180.81546823,0.3081918453177,30.81918453177
Illinois,2020,Female,1e+05,81144.9223874419,0.188550776125581,18.8550776125581
Illinois,2021,Male,1e+05,69248.3927059311,0.307516072940689,30.7516072940689
Illinois,2021,Female,1e+05,80936.2679967206,0.190637320032795,19.0637320032795
Illinois,2022,Male,1e+05,70913.5946080802,0.290864053919198,29.0864053919198
Illinois,2022,Female,1e+05,81766.2011343817,0.182337988656183,18.2337988656183
Illinois,2023,Male,1e+05,73042.9643531897,0.269570356468104,26.9570356468104
Illinois,2023,Female,1e+05,83559.0682059537,0.164409317940464,16.4409317940464
Indiana,1990,Male,1e+05,64772.0394783522,0.352279605216478,35.2279605216478
Indiana,1990,Female,1e+05,78606.3125264561,0.213936874735439,21.3936874735439
Indiana,1991,Male,1e+05,65306.6739001238,0.346933260998762,34.6933260998762
Indiana,1991,Female,1e+05,78572.8057331189,0.214271942668811,21.4271942668811
Indiana,1992,Male,1e+05,65708.480930492,0.34291519069508,34.291519069508
Indiana,1992,Female,1e+05,78839.2534359865,0.211607465640135,21.1607465640135
Indiana,1993,Male,1e+05,65206.6573513793,0.347933426486207,34.7933426486207
Indiana,1993,Female,1e+05,78389.8473442741,0.216101526557259,21.6101526557259
Indiana,1994,Male,1e+05,65484.7637381688,0.345152362618312,34.5152362618312
Indiana,1994,Female,1e+05,78252.8155204413,0.217471844795587,21.7471844795587
Indiana,1995,Male,1e+05,65720.3562593919,0.342796437406081,34.2796437406081
Indiana,1995,Female,1e+05,78015.3273667947,0.219846726332053,21.9846726332053
Indiana,1996,Male,1e+05,66322.1883625021,0.336778116374979,33.6778116374979
Indiana,1996,Female,1e+05,78180.8984543772,0.218191015456229,21.8191015456229
Indiana,1997,Male,1e+05,67013.5595384301,0.329864404615699,32.9864404615699
Indiana,1997,Female,1e+05,78346.0517103202,0.216539482896799,21.6539482896798
Indiana,1998,Male,1e+05,67200.9787213552,0.327990212786448,32.7990212786448
Indiana,1998,Female,1e+05,78505.9282514721,0.214940717485279,21.4940717485279
Indiana,1999,Male,1e+05,67267.7398462039,0.327322601537961,32.7322601537961
Indiana,1999,Female,1e+05,78173.0878978969,0.218269121021031,21.8269121021031
Indiana,2000,Male,1e+05,67630.1333712514,0.323698666287487,32.3698666287487
Indiana,2000,Female,1e+05,78262.1918665276,0.217378081334724,21.7378081334724
Indiana,2001,Male,1e+05,67982.5919240277,0.320174080759724,32.0174080759724
Indiana,2001,Female,1e+05,78675.0646823866,0.213249353176134,21.3249353176134
Indiana,2002,Male,1e+05,68154.5685608126,0.318454314391874,31.8454314391874
Indiana,2002,Female,1e+05,78887.5507018677,0.211124492981323,21.1124492981323
Indiana,2003,Male,1e+05,68524.0929357829,0.314759070642171,31.4759070642171
Indiana,2003,Female,1e+05,78956.0131848337,0.210439868151663,21.0439868151663
Indiana,2004,Male,1e+05,69548.5201232105,0.304514798767895,30.4514798767895
Indiana,2004,Female,1e+05,79508.7489006962,0.204912510993038,20.4912510993038
Indiana,2005,Male,1e+05,69511.2008337633,0.304887991662367,30.4887991662367
Indiana,2005,Female,1e+05,79558.2646270107,0.204417353729893,20.4417353729893
Indiana,2006,Male,1e+05,69582.402316572,0.30417597683428,30.417597683428
Indiana,2006,Female,1e+05,79660.9315472604,0.203390684527396,20.3390684527396
Indiana,2007,Male,1e+05,70362.2788134812,0.296377211865188,29.6377211865188
Indiana,2007,Female,1e+05,80025.0230836321,0.199749769163679,19.9749769163679
Indiana,2008,Male,1e+05,70252.5445559099,0.297474554440901,29.7474554440901
Indiana,2008,Female,1e+05,80064.8464511608,0.199351535488392,19.9351535488392
Indiana,2009,Male,1e+05,70439.3451317495,0.295606548682505,29.5606548682505
Indiana,2009,Female,1e+05,80309.7123844687,0.196902876155313,19.6902876155313
Indiana,2010,Male,1e+05,70733.7756121321,0.292662243878679,29.2662243878679
Indiana,2010,Female,1e+05,80498.7034197442,0.195012965802558,19.5012965802558
Indiana,2011,Male,1e+05,70640.266894358,0.29359733105642,29.359733105642
Indiana,2011,Female,1e+05,80381.8419009252,0.196181580990748,19.6181580990748
Indiana,2012,Male,1e+05,70553.9816436469,0.294460183563531,29.4460183563531
Indiana,2012,Female,1e+05,80492.9010736427,0.195070989263573,19.5070989263573
Indiana,2013,Male,1e+05,70626.3574275973,0.293736425724027,29.3736425724027
Indiana,2013,Female,1e+05,80372.4476258945,0.196275523741055,19.6275523741055
Indiana,2014,Male,1e+05,70575.9951454929,0.294240048545071,29.4240048545072
Indiana,2014,Female,1e+05,80153.2431161848,0.198467568838152,19.8467568838152
Indiana,2015,Male,1e+05,70266.9136678558,0.297330863321443,29.7330863321443
Indiana,2015,Female,1e+05,80127.8578950709,0.198721421049291,19.8721421049291
Indiana,2016,Male,1e+05,69777.9917407673,0.302220082592327,30.2220082592327
Indiana,2016,Female,1e+05,79946.6815734589,0.200533184265411,20.0533184265411
Indiana,2017,Male,1e+05,69692.6761776722,0.303073238223278,30.3073238223278
Indiana,2017,Female,1e+05,79730.79073842,0.202692092615801,20.2692092615801
Indiana,2018,Male,1e+05,69762.6490553363,0.302373509446637,30.2373509446637
Indiana,2018,Female,1e+05,79931.2997470707,0.200687002529293,20.0687002529293
Indiana,2019,Male,1e+05,69877.4375063807,0.301225624936194,30.1225624936194
Indiana,2019,Female,1e+05,80054.264271768,0.19945735728232,19.945735728232
Indiana,2020,Male,1e+05,65944.7417891591,0.340552582108409,34.055258210841
Indiana,2020,Female,1e+05,77571.6562964607,0.224283437035393,22.4283437035393
Indiana,2021,Male,1e+05,63754.0139291803,0.362459860708197,36.2459860708197
Indiana,2021,Female,1e+05,75776.8444851799,0.242231555148201,24.2231555148201
Indiana,2022,Male,1e+05,65799.5962920793,0.342004037079207,34.2004037079207
Indiana,2022,Female,1e+05,77462.914784873,0.22537085215127,22.537085215127
Indiana,2023,Male,1e+05,68789.3644588749,0.312106355411251,31.2106355411251
Indiana,2023,Female,1e+05,79409.3969340606,0.205906030659394,20.5906030659394
Iowa,1990,Male,1e+05,69742.3177043311,0.302576822956689,30.2576822956689
Iowa,1990,Female,1e+05,82234.9749000894,0.177650250999106,17.7650250999107
Iowa,1991,Male,1e+05,69901.3548008424,0.300986451991577,30.0986451991577
Iowa,1991,Female,1e+05,82178.6707800789,0.178213292199211,17.8213292199211
Iowa,1992,Male,1e+05,70411.6670926976,0.295883329073024,29.5883329073024
Iowa,1992,Female,1e+05,82238.8188933319,0.177611811066681,17.7611811066681
Iowa,1993,Male,1e+05,69931.0754057082,0.300689245942918,30.0689245942919
Iowa,1993,Female,1e+05,81808.8290456965,0.181911709543035,18.1911709543035
Iowa,1994,Male,1e+05,70174.3304557179,0.298256695442821,29.8256695442821
Iowa,1994,Female,1e+05,81755.910323187,0.18244089676813,18.244089676813
Iowa,1995,Male,1e+05,70461.8393539892,0.295381606460108,29.5381606460109
Iowa,1995,Female,1e+05,81559.2104366754,0.184407895633246,18.4407895633246
Iowa,1996,Male,1e+05,70962.7776730661,0.290372223269339,29.0372223269339
Iowa,1996,Female,1e+05,81762.6662327432,0.182373337672568,18.2373337672568
Iowa,1997,Male,1e+05,71592.0613310287,0.284079386689713,28.4079386689713
Iowa,1997,Female,1e+05,82001.5577868937,0.179984422131063,17.9984422131063
Iowa,1998,Male,1e+05,72341.7700804164,0.276582299195836,27.6582299195836
Iowa,1998,Female,1e+05,82238.0572759701,0.177619427240299,17.7619427240299
Iowa,1999,Male,1e+05,72675.4257728885,0.273245742271115,27.3245742271115
Iowa,1999,Female,1e+05,82223.9560886037,0.177760439113963,17.7760439113963
Iowa,2000,Male,1e+05,73292.9831163853,0.267070168836147,26.7070168836147
Iowa,2000,Female,1e+05,82454.5353248773,0.175454646751227,17.5454646751227
Iowa,2001,Male,1e+05,73637.9825026735,0.263620174973265,26.3620174973265
Iowa,2001,Female,1e+05,82685.8539248661,0.173141460751339,17.3141460751339
Iowa,2002,Male,1e+05,73576.9286464443,0.264230713535558,26.4230713535558
Iowa,2002,Female,1e+05,82971.1603724739,0.170288396275261,17.0288396275261
Iowa,2003,Male,1e+05,73756.300294165,0.26243699705835,26.243699705835
Iowa,2003,Female,1e+05,82957.0041552568,0.170429958447432,17.0429958447432
Iowa,2004,Male,1e+05,74439.5418007015,0.255604581992985,25.5604581992985
Iowa,2004,Female,1e+05,83268.6031417419,0.167313968582582,16.7313968582582
Iowa,2005,Male,1e+05,74566.7823609094,0.254332176390906,25.4332176390906
Iowa,2005,Female,1e+05,83062.964793099,0.169370352069011,16.9370352069011
Iowa,2006,Male,1e+05,74914.8646133305,0.250851353866695,25.0851353866695
Iowa,2006,Female,1e+05,83161.8766475141,0.168381233524859,16.8381233524859
Iowa,2007,Male,1e+05,75175.5766435511,0.248244233564489,24.8244233564489
Iowa,2007,Female,1e+05,83418.9986338607,0.165810013661393,16.5810013661393
Iowa,2008,Male,1e+05,75122.1663999415,0.248778336000585,24.8778336000585
Iowa,2008,Female,1e+05,83302.1774983854,0.166978225016146,16.6978225016146
Iowa,2009,Male,1e+05,75220.3886066728,0.247796113933273,24.7796113933273
Iowa,2009,Female,1e+05,83604.6482317373,0.163953517682627,16.3953517682627
Iowa,2010,Male,1e+05,75481.4182450415,0.245185817549585,24.5185817549585
Iowa,2010,Female,1e+05,83879.0817942794,0.161209182057206,16.1209182057206
Iowa,2011,Male,1e+05,75836.6108043631,0.241633891956369,24.1633891956369
Iowa,2011,Female,1e+05,83910.0802820716,0.160899197179284,16.0899197179284
Iowa,2012,Male,1e+05,75919.090186454,0.240809098135461,24.0809098135461
Iowa,2012,Female,1e+05,84104.0748877025,0.158959251122975,15.8959251122975
Iowa,2013,Male,1e+05,75758.4942014855,0.242415057985145,24.2415057985145
Iowa,2013,Female,1e+05,84077.6817337033,0.159223182662967,15.9223182662967
Iowa,2014,Male,1e+05,75690.6284000853,0.243093715999147,24.3093715999147
Iowa,2014,Female,1e+05,84096.5917771561,0.159034082228439,15.9034082228439
Iowa,2015,Male,1e+05,75706.7369656641,0.242932630343359,24.2932630343359
Iowa,2015,Female,1e+05,84023.7378908808,0.159762621091192,15.9762621091192
Iowa,2016,Male,1e+05,75514.6827374248,0.244853172625752,24.4853172625752
Iowa,2016,Female,1e+05,83905.0830349074,0.160949169650926,16.0949169650926
Iowa,2017,Male,1e+05,75210.4800471572,0.247895199528428,24.7895199528428
Iowa,2017,Female,1e+05,83726.5317234693,0.162734682765307,16.2734682765307
Iowa,2018,Male,1e+05,74811.8586378811,0.251881413621189,25.1881413621189
Iowa,2018,Female,1e+05,83868.9655006274,0.161310344993726,16.1310344993726
Iowa,2019,Male,1e+05,74720.2799236503,0.252797200763497,25.2797200763497
Iowa,2019,Female,1e+05,83893.2459162061,0.161067540837939,16.1067540837939
Iowa,2020,Male,1e+05,71683.6902610886,0.283163097389114,28.3163097389114
Iowa,2020,Female,1e+05,81629.2085126899,0.183707914873101,18.3707914873101
Iowa,2021,Male,1e+05,70882.0600273536,0.291179399726464,29.1179399726464
Iowa,2021,Female,1e+05,80855.1976215617,0.191448023784383,19.1448023784383
Iowa,2022,Male,1e+05,72314.1867363929,0.276858132636071,27.6858132636071
Iowa,2022,Female,1e+05,81934.1210608488,0.180658789391512,18.0658789391512
Iowa,2023,Male,1e+05,73906.3102037002,0.260936897962998,26.0936897962998
Iowa,2023,Female,1e+05,82930.2413052479,0.170697586947522,17.0697586947522
Kansas,1990,Male,1e+05,68292.2364672215,0.317077635327785,31.7077635327785
Kansas,1990,Female,1e+05,80827.7738459492,0.191722261540508,19.1722261540508
Kansas,1991,Male,1e+05,68416.5386231457,0.315834613768543,31.5834613768543
Kansas,1991,Female,1e+05,80965.0969412295,0.190349030587705,19.0349030587705
Kansas,1992,Male,1e+05,68796.8028831971,0.312031971168029,31.2031971168029
Kansas,1992,Female,1e+05,81152.3229457143,0.188476770542858,18.8476770542858
Kansas,1993,Male,1e+05,68644.2549333086,0.313557450666914,31.3557450666914
Kansas,1993,Female,1e+05,80660.8956277353,0.193391043722647,19.3391043722648
Kansas,1994,Male,1e+05,68941.8929583153,0.310581070416847,31.0581070416847
Kansas,1994,Female,1e+05,80745.0891417615,0.192549108582385,19.2549108582385
Kansas,1995,Male,1e+05,68929.7450752613,0.310702549247387,31.0702549247387
Kansas,1995,Female,1e+05,80304.3114133879,0.196956885866121,19.6956885866121
Kansas,1996,Male,1e+05,69438.6145719202,0.305613854280798,30.5613854280798
Kansas,1996,Female,1e+05,80386.9168201538,0.196130831798462,19.6130831798462
Kansas,1997,Male,1e+05,69758.8856333539,0.302411143666461,30.2411143666461
Kansas,1997,Female,1e+05,80721.1094987799,0.192788905012201,19.2788905012201
Kansas,1998,Male,1e+05,70159.7306964445,0.298402693035555,29.8402693035555
Kansas,1998,Female,1e+05,80803.7382547285,0.191962617452715,19.1962617452715
Kansas,1999,Male,1e+05,70481.8415340075,0.295181584659926,29.5181584659926
Kansas,1999,Female,1e+05,80463.7713274853,0.195362286725148,19.5362286725148
Kansas,2000,Male,1e+05,71060.3065053464,0.289396934946536,28.9396934946536
Kansas,2000,Female,1e+05,80513.7192507965,0.194862807492035,19.4862807492035
Kansas,2001,Male,1e+05,71090.8732437244,0.289091267562756,28.9091267562756
Kansas,2001,Female,1e+05,80496.5567311225,0.195034432688775,19.5034432688775
Kansas,2002,Male,1e+05,71139.0708171799,0.288609291828201,28.8609291828201
Kansas,2002,Female,1e+05,80709.0213287095,0.192909786712905,19.2909786712905
Kansas,2003,Male,1e+05,71457.9719237797,0.285420280762203,28.5420280762203
Kansas,2003,Female,1e+05,80968.7978252406,0.190312021747594,19.0312021747594
Kansas,2004,Male,1e+05,72035.6408627288,0.279643591372712,27.9643591372712
Kansas,2004,Female,1e+05,81344.3313100684,0.186556686899316,18.6556686899316
Kansas,2005,Male,1e+05,72019.6955308226,0.279803044691774,27.9803044691774
Kansas,2005,Female,1e+05,81173.274101847,0.18826725898153,18.826725898153
Kansas,2006,Male,1e+05,72226.5226362689,0.277734773637311,27.7734773637311
Kansas,2006,Female,1e+05,81239.7693616225,0.187602306383775,18.7602306383775
Kansas,2007,Male,1e+05,72677.715414344,0.27322284585656,27.322284585656
Kansas,2007,Female,1e+05,81588.8909950562,0.184111090049438,18.4111090049438
Kansas,2008,Male,1e+05,72566.2086965477,0.274337913034523,27.4337913034523
Kansas,2008,Female,1e+05,81762.6127574071,0.182373872425929,18.2373872425929
Kansas,2009,Male,1e+05,72823.2400630896,0.271767599369104,27.1767599369104
Kansas,2009,Female,1e+05,82041.7201855682,0.179582798144318,17.9582798144318
Kansas,2010,Male,1e+05,73023.8520652532,0.269761479347468,26.9761479347468
Kansas,2010,Female,1e+05,82340.3453534487,0.176596546465513,17.6596546465513
Kansas,2011,Male,1e+05,73209.3161447007,0.267906838552993,26.7906838552993
Kansas,2011,Female,1e+05,82039.2560395866,0.179607439604134,17.9607439604134
Kansas,2012,Male,1e+05,73439.8037461012,0.265601962538988,26.5601962538988
Kansas,2012,Female,1e+05,82141.3200012168,0.178586799987833,17.8586799987833
Kansas,2013,Male,1e+05,73570.6197148218,0.264293802851782,26.4293802851782
Kansas,2013,Female,1e+05,82262.5488355645,0.177374511644355,17.7374511644355
Kansas,2014,Male,1e+05,73388.3141205931,0.266116858794069,26.6116858794069
Kansas,2014,Female,1e+05,82192.3067398179,0.178076932601821,17.8076932601821
Kansas,2015,Male,1e+05,73296.0906159777,0.267039093840223,26.7039093840223
Kansas,2015,Female,1e+05,81961.1356450063,0.180388643549937,18.0388643549937
Kansas,2016,Male,1e+05,73086.5385429612,0.269134614570388,26.9134614570388
Kansas,2016,Female,1e+05,81975.1264145221,0.18024873585478,18.024873585478
Kansas,2017,Male,1e+05,72883.8878328234,0.271161121671766,27.1161121671766
Kansas,2017,Female,1e+05,81874.142554597,0.18125857445403,18.125857445403
Kansas,2018,Male,1e+05,72671.7880366781,0.273282119633219,27.3282119633219
Kansas,2018,Female,1e+05,81933.7113255468,0.180662886744532,18.0662886744532
Kansas,2019,Male,1e+05,72895.0770741728,0.271049229258272,27.1049229258272
Kansas,2019,Female,1e+05,81899.1843283011,0.181008156716989,18.1008156716989
Kansas,2020,Male,1e+05,69251.3965745971,0.30748603425403,30.748603425403
Kansas,2020,Female,1e+05,79796.9096659444,0.202030903340556,20.2030903340556
Kansas,2021,Male,1e+05,66848.8989479695,0.331511010520305,33.1511010520305
Kansas,2021,Female,1e+05,77858.9957493039,0.221410042506961,22.1410042506961
Kansas,2022,Male,1e+05,68939.4727752446,0.310605272247554,31.0605272247554
Kansas,2022,Female,1e+05,78733.4616731225,0.212665383268775,21.2665383268775
Kansas,2023,Male,1e+05,71728.5926882119,0.282714073117881,28.2714073117881
Kansas,2023,Female,1e+05,80989.5962446764,0.190104037553236,19.0104037553236
Kentucky,1990,Male,1e+05,61063.8555968824,0.389361444031176,38.9361444031176
Kentucky,1990,Female,1e+05,76774.2343539795,0.232257656460205,23.2257656460205
Kentucky,1991,Male,1e+05,61490.0962386658,0.385099037613342,38.5099037613342
Kentucky,1991,Female,1e+05,77074.9605630385,0.229250394369615,22.9250394369615
Kentucky,1992,Male,1e+05,61841.11912174,0.3815888087826,38.15888087826
Kentucky,1992,Female,1e+05,77335.6742338337,0.226643257661663,22.6643257661663
Kentucky,1993,Male,1e+05,61539.7353764989,0.384602646235011,38.4602646235011
Kentucky,1993,Female,1e+05,76816.4220843621,0.231835779156379,23.1835779156379
Kentucky,1994,Male,1e+05,61843.024316205,0.38156975683795,38.156975683795
Kentucky,1994,Female,1e+05,76712.5913024637,0.232874086975364,23.2874086975364
Kentucky,1995,Male,1e+05,62134.0511041661,0.378659488958339,37.8659488958339
Kentucky,1995,Female,1e+05,76898.049286279,0.23101950713721,23.101950713721
Kentucky,1996,Male,1e+05,62711.2234779597,0.372887765220403,37.2887765220403
Kentucky,1996,Female,1e+05,77134.5536126567,0.228654463873433,22.8654463873433
Kentucky,1997,Male,1e+05,63423.3730319655,0.365766269680345,36.5766269680345
Kentucky,1997,Female,1e+05,77389.6602143766,0.226103397856234,22.6103397856234
Kentucky,1998,Male,1e+05,64199.9195871923,0.358000804128077,35.8000804128077
Kentucky,1998,Female,1e+05,77545.0598367613,0.224549401632387,22.4549401632387
Kentucky,1999,Male,1e+05,64295.4458351382,0.357045541648618,35.7045541648618
Kentucky,1999,Female,1e+05,77129.3738092634,0.228706261907367,22.8706261907367
Kentucky,2000,Male,1e+05,64564.7885011659,0.354352114988341,35.4352114988341
Kentucky,2000,Female,1e+05,76996.0355722121,0.230039644277879,23.0039644277879
Kentucky,2001,Male,1e+05,64417.998239509,0.35582001760491,35.582001760491
Kentucky,2001,Female,1e+05,76836.3495399532,0.231636504600468,23.1636504600468
Kentucky,2002,Male,1e+05,64334.7223205751,0.356652776794249,35.6652776794249
Kentucky,2002,Female,1e+05,76796.9328483164,0.232030671516836,23.2030671516836
Kentucky,2003,Male,1e+05,64864.3746173599,0.351356253826401,35.1356253826401
Kentucky,2003,Female,1e+05,77030.050622352,0.22969949377648,22.969949377648
Kentucky,2004,Male,1e+05,65929.5826680995,0.340704173319005,34.0704173319005
Kentucky,2004,Female,1e+05,77599.7375113709,0.224002624886291,22.4002624886291
Kentucky,2005,Male,1e+05,65919.7521227788,0.340802478772212,34.0802478772212
Kentucky,2005,Female,1e+05,77538.5149956139,0.224614850043861,22.4614850043861
Kentucky,2006,Male,1e+05,66178.89923764,0.3382110076236,33.82110076236
Kentucky,2006,Female,1e+05,77646.4506600712,0.223535493399288,22.3535493399288
Kentucky,2007,Male,1e+05,66613.9415918748,0.333860584081252,33.3860584081252
Kentucky,2007,Female,1e+05,77860.1761631167,0.221398238368834,22.1398238368834
Kentucky,2008,Male,1e+05,66525.7706261724,0.334742293738276,33.4742293738276
Kentucky,2008,Female,1e+05,77514.4285337398,0.224855714662602,22.4855714662602
Kentucky,2009,Male,1e+05,66716.4107376507,0.332835892623493,33.2835892623493
Kentucky,2009,Female,1e+05,77246.792377233,0.22753207622767,22.753207622767
Kentucky,2010,Male,1e+05,66944.4650510046,0.330555349489954,33.0555349489954
Kentucky,2010,Female,1e+05,77441.1226142445,0.225588773857555,22.5588773857555
Kentucky,2011,Male,1e+05,66821.7385359706,0.331782614640294,33.1782614640294
Kentucky,2011,Female,1e+05,77385.8134070825,0.226141865929175,22.6141865929175
Kentucky,2012,Male,1e+05,66875.6154168632,0.331243845831368,33.1243845831368
Kentucky,2012,Female,1e+05,77528.3345464341,0.224716654535659,22.4716654535659
Kentucky,2013,Male,1e+05,66970.416848582,0.33029583151418,33.029583151418
Kentucky,2013,Female,1e+05,77598.7734323435,0.224012265676565,22.4012265676565
Kentucky,2014,Male,1e+05,66528.4794978309,0.334715205021691,33.4715205021691
Kentucky,2014,Female,1e+05,77315.5110494112,0.226844889505888,22.6844889505888
Kentucky,2015,Male,1e+05,65732.7073805813,0.342672926194187,34.2672926194187
Kentucky,2015,Female,1e+05,76781.1806911664,0.232188193088336,23.2188193088336
Kentucky,2016,Male,1e+05,65286.0920092755,0.347139079907245,34.7139079907245
Kentucky,2016,Female,1e+05,76283.856779216,0.237161432207841,23.7161432207841
Kentucky,2017,Male,1e+05,65353.6683532755,0.346463316467245,34.6463316467245
Kentucky,2017,Female,1e+05,76341.5195207468,0.236584804792532,23.6584804792532
Kentucky,2018,Male,1e+05,65352.1210918754,0.346478789081246,34.6478789081246
Kentucky,2018,Female,1e+05,76630.4892502854,0.233695107497146,23.3695107497146
Kentucky,2019,Male,1e+05,65242.4466359685,0.347575533640315,34.7575533640315
Kentucky,2019,Female,1e+05,76732.2356574311,0.232677643425689,23.2677643425689
Kentucky,2020,Male,1e+05,61301.7168404011,0.386982831595989,38.6982831595989
Kentucky,2020,Female,1e+05,74108.655396604,0.25891344603396,25.891344603396
Kentucky,2021,Male,1e+05,57796.2531531643,0.422037468468357,42.2037468468357
Kentucky,2021,Female,1e+05,70369.4922797162,0.296305077202838,29.6305077202838
Kentucky,2022,Male,1e+05,61306.1471819278,0.386938528180722,38.6938528180722
Kentucky,2022,Female,1e+05,72998.2585807277,0.270017414192723,27.0017414192723
Kentucky,2023,Male,1e+05,63584.9385891198,0.364150614108802,36.4150614108802
Kentucky,2023,Female,1e+05,75125.3930591033,0.248746069408967,24.8746069408967
Louisiana,1990,Male,1e+05,57910.1511156099,0.420898488843901,42.0898488843901
Louisiana,1990,Female,1e+05,74529.1762740012,0.254708237259988,25.4708237259988
Louisiana,1991,Male,1e+05,57925.7433182563,0.420742566817437,42.0742566817437
Louisiana,1991,Female,1e+05,74871.1220516659,0.251288779483342,25.1288779483342
Louisiana,1992,Male,1e+05,58595.4184330833,0.414045815669167,41.4045815669167
Louisiana,1992,Female,1e+05,75153.9003257663,0.248460996742337,24.8460996742337
Louisiana,1993,Male,1e+05,58464.4330398308,0.415355669601692,41.5355669601692
Louisiana,1993,Female,1e+05,74833.3229172541,0.25166677082746,25.166677082746
Louisiana,1994,Male,1e+05,59238.4177672777,0.407615822327223,40.7615822327223
Louisiana,1994,Female,1e+05,75128.5420527284,0.248714579472716,24.8714579472716
Louisiana,1995,Male,1e+05,59243.5360829544,0.407564639170456,40.7564639170456
Louisiana,1995,Female,1e+05,75049.9138993773,0.249500861006227,24.9500861006227
Louisiana,1996,Male,1e+05,59972.2976328771,0.400277023671229,40.0277023671229
Louisiana,1996,Female,1e+05,75153.0058949844,0.248469941050156,24.8469941050156
Louisiana,1997,Male,1e+05,60730.7214563062,0.392692785436938,39.2692785436938
Louisiana,1997,Female,1e+05,75266.771111617,0.24733228888383,24.733228888383
Louisiana,1998,Male,1e+05,61148.6368534551,0.388513631465449,38.8513631465449
Louisiana,1998,Female,1e+05,75193.7981133519,0.248062018866481,24.8062018866481
Louisiana,1999,Male,1e+05,61715.8173000808,0.382841826999192,38.2841826999192
Louisiana,1999,Female,1e+05,75098.5796133379,0.249014203866621,24.9014203866621
Louisiana,2000,Male,1e+05,62089.1164407071,0.379108835592929,37.9108835592929
Louisiana,2000,Female,1e+05,75083.8514034329,0.249161485965671,24.9161485965671
Louisiana,2001,Male,1e+05,62296.0216665756,0.377039783334244,37.7039783334244
Louisiana,2001,Female,1e+05,75247.1198949298,0.247528801050702,24.7528801050702
Louisiana,2002,Male,1e+05,62357.4199427911,0.376425800572089,37.6425800572089
Louisiana,2002,Female,1e+05,75445.9035775148,0.245540964224852,24.5540964224852
Louisiana,2003,Male,1e+05,62200.6700516428,0.377993299483572,37.7993299483572
Louisiana,2003,Female,1e+05,75197.1459265814,0.248028540734186,24.8028540734186
Louisiana,2004,Male,1e+05,62768.9904944573,0.372310095055427,37.2310095055427
Louisiana,2004,Female,1e+05,75338.5628972359,0.246614371027641,24.6614371027641
Louisiana,2005,Male,1e+05,62098.7508536533,0.379012491463467,37.9012491463467
Louisiana,2005,Female,1e+05,74096.259835588,0.259037401644121,25.9037401644121
Louisiana,2006,Male,1e+05,63658.2952971432,0.363417047028568,36.3417047028568
Louisiana,2006,Female,1e+05,76175.5227117829,0.238244772882171,23.8244772882171
Louisiana,2007,Male,1e+05,64377.728023807,0.35622271976193,35.622271976193
Louisiana,2007,Female,1e+05,76893.9279207899,0.231060720792101,23.1060720792101
Louisiana,2008,Male,1e+05,64768.9840240314,0.352310159759686,35.2310159759686
Louisiana,2008,Female,1e+05,77012.1299935899,0.229878700064101,22.9878700064101
Louisiana,2009,Male,1e+05,65292.927886886,0.347070721131141,34.7070721131141
Louisiana,2009,Female,1e+05,77434.2112611843,0.225657887388157,22.5657887388157
Louisiana,2010,Male,1e+05,65967.2937169751,0.340327062830249,34.0327062830249
Louisiana,2010,Female,1e+05,77740.4201752458,0.222595798247543,22.2595798247543
Louisiana,2011,Male,1e+05,66374.0792475698,0.336259207524302,33.6259207524302
Louisiana,2011,Female,1e+05,77823.9547417014,0.221760452582986,22.1760452582986
Louisiana,2012,Male,1e+05,66247.921672898,0.33752078327102,33.752078327102
Louisiana,2012,Female,1e+05,77818.115222376,0.221818847776241,22.181884777624
Louisiana,2013,Male,1e+05,65930.5278999418,0.340694721000582,34.0694721000582
Louisiana,2013,Female,1e+05,77443.9360251626,0.225560639748374,22.5560639748374
Louisiana,2014,Male,1e+05,65804.2109639209,0.341957890360791,34.1957890360791
Louisiana,2014,Female,1e+05,77307.6639930957,0.226923360069043,22.6923360069043
Louisiana,2015,Male,1e+05,65696.1118441658,0.343038881558342,34.3038881558342
Louisiana,2015,Female,1e+05,77572.1213953618,0.224278786046382,22.4278786046382
Louisiana,2016,Male,1e+05,65520.7269186614,0.344792730813386,34.4792730813387
Louisiana,2016,Female,1e+05,77561.5419671043,0.224384580328957,22.4384580328957
Louisiana,2017,Male,1e+05,65599.9212863285,0.344000787136715,34.4000787136715
Louisiana,2017,Female,1e+05,77352.6449096174,0.226473550903826,22.6473550903826
Louisiana,2018,Male,1e+05,65619.0757593816,0.343809242406185,34.3809242406185
Louisiana,2018,Female,1e+05,77435.1102564839,0.225648897435161,22.5648897435161
Louisiana,2019,Male,1e+05,65596.0931599026,0.344039068400974,34.4039068400974
Louisiana,2019,Female,1e+05,77559.9813736783,0.224400186263217,22.4400186263217
Louisiana,2020,Male,1e+05,59537.1950893443,0.404628049106557,40.4628049106557
Louisiana,2020,Female,1e+05,73744.6720220619,0.262553279779381,26.2553279779381
Louisiana,2021,Male,1e+05,56197.447761267,0.438025522387331,43.8025522387331
Louisiana,2021,Female,1e+05,72171.2642835628,0.278287357164372,27.8287357164372
Louisiana,2022,Male,1e+05,60748.9388403363,0.392510611596637,39.2510611596637
Louisiana,2022,Female,1e+05,75056.0473566071,0.24943952643393,24.943952643393
Louisiana,2023,Male,1e+05,62867.4789223692,0.371325210776308,37.1325210776308
Louisiana,2023,Female,1e+05,76779.0237910348,0.232209762089652,23.2209762089652
Maine,1990,Male,1e+05,66947.508593577,0.33052491406423,33.052491406423
Maine,1990,Female,1e+05,80072.7977824864,0.199272022175136,19.9272022175136
Maine,1991,Male,1e+05,67473.7987110135,0.325262012889865,32.5262012889865
Maine,1991,Female,1e+05,80284.9731397538,0.197150268602462,19.7150268602462
Maine,1992,Male,1e+05,68456.453060443,0.31543546939557,31.543546939557
Maine,1992,Female,1e+05,80492.3486911939,0.195076513088061,19.5076513088061
Maine,1993,Male,1e+05,68398.1540487778,0.316018459512222,31.6018459512222
Maine,1993,Female,1e+05,80331.912758386,0.19668087241614,19.668087241614
Maine,1994,Male,1e+05,68592.1350209206,0.314078649790795,31.4078649790795
Maine,1994,Female,1e+05,80348.514841292,0.19651485158708,19.651485158708
Maine,1995,Male,1e+05,68938.2466426761,0.310617533573239,31.0617533573239
Maine,1995,Female,1e+05,80447.7995242041,0.195522004757959,19.5522004757959
Maine,1996,Male,1e+05,69783.200125587,0.30216799874413,30.216799874413
Maine,1996,Female,1e+05,80818.4853356886,0.191815146643114,19.1815146643114
Maine,1997,Male,1e+05,70488.355284785,0.29511644715215,29.511644715215
Maine,1997,Female,1e+05,80987.466811969,0.19012533188031,19.012533188031
Maine,1998,Male,1e+05,71018.511418553,0.28981488581447,28.981488581447
Maine,1998,Female,1e+05,81195.76401434,0.1880423598566,18.80423598566
Maine,1999,Male,1e+05,71500.6373305059,0.284993626694941,28.4993626694941
Maine,1999,Female,1e+05,81163.9886494366,0.188360113505634,18.8360113505634
Maine,2000,Male,1e+05,71681.7686910998,0.283182313089002,28.3182313089002
Maine,2000,Female,1e+05,81276.9970383168,0.187230029616832,18.7230029616832
Maine,2001,Male,1e+05,71852.6716058,0.281473283942,28.1473283942
Maine,2001,Female,1e+05,81473.1933332186,0.185268066667814,18.5268066667814
Maine,2002,Male,1e+05,71690.3624589336,0.283096375410664,28.3096375410664
Maine,2002,Female,1e+05,81718.1314100202,0.182818685899798,18.2818685899798
Maine,2003,Male,1e+05,72120.9285451372,0.278790714548629,27.8790714548629
Maine,2003,Female,1e+05,81857.143642382,0.18142856357618,18.142856357618
Maine,2004,Male,1e+05,73002.504851122,0.26997495148878,26.997495148878
Maine,2004,Female,1e+05,82041.7487325466,0.179582512674534,17.9582512674534
Maine,2005,Male,1e+05,72933.3132677554,0.270666867322446,27.0666867322446
Maine,2005,Female,1e+05,82360.2117077161,0.176397882922839,17.6397882922839
Maine,2006,Male,1e+05,73217.7058933175,0.267822941066825,26.7822941066825
Maine,2006,Female,1e+05,82844.6347351365,0.171553652648635,17.1553652648635
Maine,2007,Male,1e+05,73819.466499091,0.26180533500909,26.180533500909
Maine,2007,Female,1e+05,83343.7594434788,0.166562405565212,16.6562405565212
Maine,2008,Male,1e+05,74477.4625597843,0.255225374402157,25.5225374402157
Maine,2008,Female,1e+05,83567.6581214237,0.164323418785763,16.4323418785763
Maine,2009,Male,1e+05,75020.7878320103,0.249792121679897,24.9792121679897
Maine,2009,Female,1e+05,83773.9207204766,0.162260792795234,16.2260792795234
Maine,2010,Male,1e+05,75138.1048873486,0.248618951126514,24.8618951126514
Maine,2010,Female,1e+05,84107.535449287,0.15892464550713,15.892464550713
Maine,2011,Male,1e+05,75183.8909544531,0.248161090455469,24.8161090455469
Maine,2011,Female,1e+05,84333.859503945,0.156661404960551,15.6661404960551
Maine,2012,Male,1e+05,75104.7257345041,0.248952742654959,24.8952742654959
Maine,2012,Female,1e+05,84560.8122612503,0.154391877387497,15.4391877387497
Maine,2013,Male,1e+05,75024.7175290729,0.249752824709271,24.9752824709271
Maine,2013,Female,1e+05,84569.54150782,0.1543045849218,15.43045849218
Maine,2014,Male,1e+05,74940.3658974698,0.250596341025303,25.0596341025303
Maine,2014,Female,1e+05,84374.9772234768,0.156250227765232,15.6250227765232
Maine,2015,Male,1e+05,74513.5773710214,0.254864226289786,25.4864226289786
Maine,2015,Female,1e+05,84199.212066491,0.158007879335091,15.8007879335091
Maine,2016,Male,1e+05,74011.0580456489,0.259889419543511,25.9889419543511
Maine,2016,Female,1e+05,83866.0395343346,0.161339604656654,16.1339604656654
Maine,2017,Male,1e+05,73783.2830108808,0.262167169891192,26.2167169891192
Maine,2017,Female,1e+05,83774.7510490635,0.162252489509365,16.2252489509365
Maine,2018,Male,1e+05,73719.4658149844,0.262805341850156,26.2805341850156
Maine,2018,Female,1e+05,84048.0957043981,0.159519042956019,15.9519042956019
Maine,2019,Male,1e+05,73841.4727389208,0.261585272610792,26.1585272610792
Maine,2019,Female,1e+05,84414.1710822192,0.155858289177808,15.5858289177808
Maine,2020,Male,1e+05,71658.38071695,0.2834161928305,28.34161928305
Maine,2020,Female,1e+05,83428.2636407459,0.165717363592541,16.5717363592541
Maine,2021,Male,1e+05,68072.959015322,0.31927040984678,31.927040984678
Maine,2021,Female,1e+05,81519.5997581852,0.184804002418148,18.4804002418148
Maine,2022,Male,1e+05,68637.2399206038,0.313627600793962,31.3627600793962
Maine,2022,Female,1e+05,81106.1842772412,0.188938157227588,18.8938157227588
Maine,2023,Male,1e+05,71616.121652435,0.28383878347565,28.383878347565
Maine,2023,Female,1e+05,81999.0209968116,0.180009790031884,18.0009790031884
Maryland,1990,Male,1e+05,63484.1879515856,0.365158120484144,36.5158120484144
Maryland,1990,Female,1e+05,77448.4918497334,0.225515081502666,22.5515081502666
Maryland,1991,Male,1e+05,64018.2802578897,0.359817197421103,35.9817197421103
Maryland,1991,Female,1e+05,77724.8470725053,0.222751529274947,22.2751529274947
Maryland,1992,Male,1e+05,64559.3499448831,0.354406500551169,35.4406500551169
Maryland,1992,Female,1e+05,77970.861926339,0.22029138073661,22.029138073661
Maryland,1993,Male,1e+05,64300.4582252737,0.356995417747263,35.6995417747263
Maryland,1993,Female,1e+05,77879.5621427898,0.221204378572102,22.1204378572102
Maryland,1994,Male,1e+05,64363.3859524197,0.356366140475803,35.6366140475803
Maryland,1994,Female,1e+05,77982.6669710393,0.220173330289607,22.0173330289607
Maryland,1995,Male,1e+05,64654.2706485037,0.353457293514964,35.3457293514964
Maryland,1995,Female,1e+05,78160.7531566639,0.218392468433361,21.8392468433361
Maryland,1996,Male,1e+05,65588.338629144,0.34411661370856,34.411661370856
Maryland,1996,Female,1e+05,78555.0686024616,0.214449313975384,21.4449313975384
Maryland,1997,Male,1e+05,66850.8538412184,0.331491461587816,33.1491461587816
Maryland,1997,Female,1e+05,78980.7028520263,0.210192971479737,21.0192971479737
Maryland,1998,Male,1e+05,67842.2852230755,0.321577147769245,32.1577147769245
Maryland,1998,Female,1e+05,79242.2233047803,0.207577766952197,20.7577766952197
Maryland,1999,Male,1e+05,67988.9559689591,0.320110440310409,32.0110440310409
Maryland,1999,Female,1e+05,79205.3115680594,0.207946884319406,20.7946884319406
Maryland,2000,Male,1e+05,68443.0998661648,0.315569001338352,31.5569001338352
Maryland,2000,Female,1e+05,79200.5685865037,0.207994314134963,20.7994314134963
Maryland,2001,Male,1e+05,68792.7788993759,0.312072211006242,31.2072211006242
Maryland,2001,Female,1e+05,79368.3462756072,0.206316537243928,20.6316537243928
Maryland,2002,Male,1e+05,69236.4349213231,0.307635650786769,30.7635650786769
Maryland,2002,Female,1e+05,79693.4386072427,0.203065613927573,20.3065613927573
Maryland,2003,Male,1e+05,69674.3209889999,0.303256790110002,30.3256790110002
Maryland,2003,Female,1e+05,80063.7415199415,0.199362584800585,19.9362584800585
Maryland,2004,Male,1e+05,70628.071764762,0.29371928235238,29.371928235238
Maryland,2004,Female,1e+05,80764.391664554,0.19235608335446,19.235608335446
Maryland,2005,Male,1e+05,70840.5761632553,0.291594238367447,29.1594238367447
Maryland,2005,Female,1e+05,81040.2471171584,0.189597528828417,18.9597528828417
Maryland,2006,Male,1e+05,71679.6561045129,0.283203438954871,28.3203438954871
Maryland,2006,Female,1e+05,81477.0671084264,0.185229328915736,18.5229328915736
Maryland,2007,Male,1e+05,72291.413771028,0.27708586228972,27.708586228972
Maryland,2007,Female,1e+05,82105.948295368,0.17894051704632,17.894051704632
Maryland,2008,Male,1e+05,72798.3675305243,0.272016324694757,27.2016324694757
Maryland,2008,Female,1e+05,82482.4980572307,0.175175019427693,17.5175019427693
Maryland,2009,Male,1e+05,73361.9504622595,0.266380495377405,26.6380495377405
Maryland,2009,Female,1e+05,82638.1909657707,0.173618090342293,17.3618090342293
Maryland,2010,Male,1e+05,74199.7334110526,0.258002665889474,25.8002665889474
Maryland,2010,Female,1e+05,83125.5412863287,0.168744587136713,16.8744587136713
Maryland,2011,Male,1e+05,74688.9375732874,0.253110624267126,25.3110624267126
Maryland,2011,Female,1e+05,83514.6655676066,0.164853344323935,16.4853344323935
Maryland,2012,Male,1e+05,74955.6890675894,0.250443109324106,25.0443109324106
Maryland,2012,Female,1e+05,83721.5813298307,0.162784186701693,16.2784186701693
Maryland,2013,Male,1e+05,74863.8677121791,0.251361322878209,25.1361322878209
Maryland,2013,Female,1e+05,83758.6702231673,0.162413297768327,16.2413297768327
Maryland,2014,Male,1e+05,74698.0055414473,0.253019944585527,25.3019944585527
Maryland,2014,Female,1e+05,83740.2357580634,0.162597642419366,16.2597642419366
Maryland,2015,Male,1e+05,74210.5393784905,0.257894606215095,25.7894606215095
Maryland,2015,Female,1e+05,83632.3041258155,0.163676958741845,16.3676958741845
Maryland,2016,Male,1e+05,73471.7723120517,0.265282276879483,26.5282276879483
Maryland,2016,Female,1e+05,83145.6494704266,0.168543505295734,16.8543505295734
Maryland,2017,Male,1e+05,73288.2295349346,0.267117704650654,26.7117704650654
Maryland,2017,Female,1e+05,82990.8172736766,0.170091827263234,17.0091827263234
Maryland,2018,Male,1e+05,73239.0991815668,0.267609008184332,26.7609008184332
Maryland,2018,Female,1e+05,83254.3814788889,0.167456185211111,16.7456185211111
Maryland,2019,Male,1e+05,73250.0318731259,0.267499681268741,26.7499681268742
Maryland,2019,Female,1e+05,83333.6184508862,0.166663815491139,16.6663815491139
Maryland,2020,Male,1e+05,69310.46166503,0.3068953833497,30.68953833497
Maryland,2020,Female,1e+05,81364.7410451802,0.186352589548198,18.6352589548198
Maryland,2021,Male,1e+05,69584.799202216,0.30415200797784,30.415200797784
Maryland,2021,Female,1e+05,80984.9170242299,0.190150829757701,19.0150829757701
Maryland,2022,Male,1e+05,71714.0322464515,0.282859677535485,28.2859677535485
Maryland,2022,Female,1e+05,82014.0025407267,0.179859974592733,17.9859974592733
Maryland,2023,Male,1e+05,73135.0667813301,0.268649332186699,26.8649332186699
Maryland,2023,Female,1e+05,83468.9387455968,0.165310612544032,16.5310612544032
Massachusetts,1990,Male,1e+05,67472.6069003305,0.325273930996695,32.5273930996695
Massachusetts,1990,Female,1e+05,80469.1976628995,0.195308023371005,19.5308023371005
Massachusetts,1991,Male,1e+05,68127.898364376,0.31872101635624,31.872101635624
Massachusetts,1991,Female,1e+05,80899.1154453847,0.191008845546153,19.1008845546153
Massachusetts,1992,Male,1e+05,68223.0511629883,0.317769488370118,31.7769488370118
Massachusetts,1992,Female,1e+05,80998.5927068817,0.190014072931183,19.0014072931183
Massachusetts,1993,Male,1e+05,68288.5259644218,0.317114740355783,31.7114740355783
Massachusetts,1993,Female,1e+05,80757.2663893241,0.192427336106759,19.2427336106759
Massachusetts,1994,Male,1e+05,68918.7712269584,0.310812287730416,31.0812287730416
Massachusetts,1994,Female,1e+05,80978.7821991835,0.190212178008165,19.0212178008165
Massachusetts,1995,Male,1e+05,69824.5805269302,0.301754194730698,30.1754194730698
Massachusetts,1995,Female,1e+05,81299.5458444492,0.187004541555508,18.7004541555508
Massachusetts,1996,Male,1e+05,70848.3265628824,0.291516734371176,29.1516734371176
Massachusetts,1996,Female,1e+05,81732.2371230915,0.182677628769085,18.2677628769085
Massachusetts,1997,Male,1e+05,71810.1434259408,0.281898565740592,28.1898565740592
Massachusetts,1997,Female,1e+05,82031.3895984283,0.179686104015717,17.9686104015717
Massachusetts,1998,Male,1e+05,72433.3506084811,0.275666493915189,27.5666493915189
Massachusetts,1998,Female,1e+05,82217.6906090455,0.177823093909545,17.7823093909545
Massachusetts,1999,Male,1e+05,72592.8139537051,0.27407186046295,27.407186046295
Massachusetts,1999,Female,1e+05,82359.9148432462,0.176400851567538,17.6400851567538
Massachusetts,2000,Male,1e+05,72849.6459057141,0.271503540942859,27.1503540942859
Massachusetts,2000,Female,1e+05,82304.6344977064,0.176953655022937,17.6953655022937
Massachusetts,2001,Male,1e+05,73022.3729327581,0.269776270672419,26.9776270672419
Massachusetts,2001,Female,1e+05,82252.2306556629,0.177477693443371,17.7477693443371
Massachusetts,2002,Male,1e+05,73115.9725356284,0.268840274643716,26.8840274643716
Massachusetts,2002,Female,1e+05,82647.6986928022,0.173523013071978,17.3523013071978
Massachusetts,2003,Male,1e+05,73485.0566682723,0.265149433317278,26.5149433317278
Massachusetts,2003,Female,1e+05,82908.2831336118,0.170917168663882,17.0917168663882
Massachusetts,2004,Male,1e+05,74508.6109933858,0.254913890066142,25.4913890066142
Massachusetts,2004,Female,1e+05,83694.819495577,0.16305180504423,16.305180504423
Massachusetts,2005,Male,1e+05,75018.564613301,0.24981435386699,24.981435386699
Massachusetts,2005,Female,1e+05,84031.788672133,0.15968211327867,15.968211327867
Massachusetts,2006,Male,1e+05,75593.0749136823,0.244069250863177,24.4069250863177
Massachusetts,2006,Female,1e+05,84400.1891730653,0.155998108269347,15.5998108269347
Massachusetts,2007,Male,1e+05,76173.8808114388,0.238261191885612,23.8261191885613
Massachusetts,2007,Female,1e+05,84799.1769992786,0.152008230007214,15.2008230007214
Massachusetts,2008,Male,1e+05,76825.9500784705,0.231740499215295,23.1740499215295
Massachusetts,2008,Female,1e+05,85184.4177775864,0.148155822224136,14.8155822224136
Massachusetts,2009,Male,1e+05,77228.7816319385,0.227712183680615,22.7712183680615
Massachusetts,2009,Female,1e+05,85431.171317522,0.14568828682478,14.568828682478
Massachusetts,2010,Male,1e+05,77587.1046631656,0.224128953368345,22.4128953368345
Massachusetts,2010,Female,1e+05,85833.4375255675,0.141665624744325,14.1665624744325
Massachusetts,2011,Male,1e+05,77783.7442390537,0.222162557609463,22.2162557609463
Massachusetts,2011,Female,1e+05,86020.6869266529,0.139793130733471,13.9793130733471
Massachusetts,2012,Male,1e+05,78037.8038187199,0.219621961812801,21.9621961812802
Massachusetts,2012,Female,1e+05,86226.2256779344,0.137737743220656,13.7737743220656
Massachusetts,2013,Male,1e+05,77948.1580293581,0.220518419706419,22.0518419706419
Massachusetts,2013,Female,1e+05,86292.5999373108,0.137074000626892,13.7074000626892
Massachusetts,2014,Male,1e+05,77705.9840073193,0.222940159926807,22.2940159926807
Massachusetts,2014,Female,1e+05,86219.7682074675,0.137802317925325,13.7802317925325
Massachusetts,2015,Male,1e+05,77436.7083664916,0.225632916335084,22.5632916335084
Massachusetts,2015,Female,1e+05,86159.7944649082,0.138402055350918,13.8402055350918
Massachusetts,2016,Male,1e+05,77188.2242104085,0.228117757895915,22.8117757895915
Massachusetts,2016,Female,1e+05,86173.7467407018,0.138262532592982,13.8262532592982
Massachusetts,2017,Male,1e+05,77181.9454763516,0.228180545236485,22.8180545236485
Massachusetts,2017,Female,1e+05,86291.1446703073,0.137088553296927,13.7088553296927
Massachusetts,2018,Male,1e+05,77558.8335852743,0.224411664147257,22.4411664147257
Massachusetts,2018,Female,1e+05,86465.0641817848,0.135349358182152,13.5349358182152
Massachusetts,2019,Male,1e+05,77831.0259682827,0.221689740317173,22.1689740317173
Massachusetts,2019,Female,1e+05,86700.7954935153,0.132992045064847,13.2992045064847
Massachusetts,2020,Male,1e+05,75325.9114875324,0.246740885124676,24.6740885124676
Massachusetts,2020,Female,1e+05,85505.7856470227,0.144942143529774,14.4942143529774
Massachusetts,2021,Male,1e+05,75365.1839663132,0.246348160336868,24.6348160336868
Massachusetts,2021,Female,1e+05,85326.4802581459,0.146735197418541,14.6735197418541
Massachusetts,2022,Male,1e+05,76559.7034209384,0.234402965790616,23.4402965790616
Massachusetts,2022,Female,1e+05,85609.8022042103,0.143901977957897,14.3901977957897
Massachusetts,2023,Male,1e+05,78027.4443685542,0.219725556314458,21.9725556314458
Massachusetts,2023,Female,1e+05,86538.2518932035,0.134617481067965,13.4617481067965
Michigan,1990,Male,1e+05,64551.0830178992,0.354489169821008,35.4489169821008
Michigan,1990,Female,1e+05,77562.3648398221,0.224376351601779,22.4376351601779
Michigan,1991,Male,1e+05,64997.760379775,0.350022396202251,35.0022396202251
Michigan,1991,Female,1e+05,77619.48761797,0.2238051238203,22.38051238203
Michigan,1992,Male,1e+05,65568.1007215099,0.344318992784901,34.4318992784901
Michigan,1992,Female,1e+05,78007.0734043068,0.219929265956932,21.9929265956932
Michigan,1993,Male,1e+05,65303.4993240041,0.346965006759959,34.6965006759959
Michigan,1993,Female,1e+05,77861.0341781343,0.221389658218657,22.1389658218657
Michigan,1994,Male,1e+05,65688.0917138598,0.343119082861402,34.3119082861402
Michigan,1994,Female,1e+05,78078.2734241841,0.219217265758159,21.9217265758159
Michigan,1995,Male,1e+05,66119.7345715299,0.338802654284701,33.8802654284701
Michigan,1995,Female,1e+05,78176.6639999354,0.218233360000646,21.8233360000646
Michigan,1996,Male,1e+05,66950.636046691,0.33049363953309,33.049363953309
Michigan,1996,Female,1e+05,78400.4983487022,0.215995016512978,21.5995016512978
Michigan,1997,Male,1e+05,67737.1214117674,0.322628785882326,32.2628785882326
Michigan,1997,Female,1e+05,78547.528425361,0.21452471574639,21.452471574639
Michigan,1998,Male,1e+05,68015.1748535165,0.319848251464835,31.9848251464835
Michigan,1998,Female,1e+05,78713.9970498449,0.212860029501551,21.2860029501551
Michigan,1999,Male,1e+05,68115.5474624645,0.318844525375355,31.8844525375355
Michigan,1999,Female,1e+05,78531.1031583318,0.214688968416682,21.4688968416682
Michigan,2000,Male,1e+05,68615.9431917928,0.313840568082072,31.3840568082072
Michigan,2000,Female,1e+05,78799.5805414048,0.212004194585952,21.2004194585952
Michigan,2001,Male,1e+05,69188.8948563642,0.308111051436358,30.8111051436358
Michigan,2001,Female,1e+05,79145.7386526571,0.208542613473429,20.8542613473429
Michigan,2002,Male,1e+05,69463.620549463,0.30536379450537,30.536379450537
Michigan,2002,Female,1e+05,79366.4916430736,0.206335083569264,20.6335083569264
Michigan,2003,Male,1e+05,70156.7432883329,0.298432567116671,29.8432567116671
Michigan,2003,Female,1e+05,79698.228301417,0.20301771698583,20.301771698583
Michigan,2004,Male,1e+05,70980.9175169925,0.290190824830075,29.0190824830075
Michigan,2004,Female,1e+05,80167.7480460375,0.198322519539625,19.8322519539625
Michigan,2005,Male,1e+05,70904.6863823229,0.290953136176771,29.0953136176771
Michigan,2005,Female,1e+05,80098.9548464877,0.199010451535123,19.9010451535123
Michigan,2006,Male,1e+05,71160.6474566191,0.288393525433809,28.8393525433809
Michigan,2006,Female,1e+05,80392.5853276956,0.196074146723044,19.6074146723044
Michigan,2007,Male,1e+05,71389.7921483905,0.286102078516095,28.6102078516095
Michigan,2007,Female,1e+05,80761.8982242456,0.192381017757544,19.2381017757544
Michigan,2008,Male,1e+05,71576.3156847785,0.284236843152215,28.4236843152215
Michigan,2008,Female,1e+05,80758.290814126,0.19241709185874,19.241709185874
Michigan,2009,Male,1e+05,71920.7665692178,0.280792334307822,28.0792334307822
Michigan,2009,Female,1e+05,81058.5774590389,0.189414225409611,18.9414225409611
Michigan,2010,Male,1e+05,72141.6512752411,0.278583487247589,27.8583487247589
Michigan,2010,Female,1e+05,81341.1138239762,0.186588861760238,18.6588861760238
Michigan,2011,Male,1e+05,72172.9313869322,0.278270686130678,27.8270686130678
Michigan,2011,Female,1e+05,81370.2332122072,0.186297667877928,18.6297667877928
Michigan,2012,Male,1e+05,72494.2367176459,0.275057632823541,27.5057632823541
Michigan,2012,Female,1e+05,81642.7824218578,0.183572175781422,18.3572175781422
Michigan,2013,Male,1e+05,72439.9191624156,0.275600808375844,27.5600808375844
Michigan,2013,Female,1e+05,81591.2875090343,0.184087124909657,18.4087124909657
Michigan,2014,Male,1e+05,72359.910947949,0.276400890520511,27.6400890520511
Michigan,2014,Female,1e+05,81407.3620419177,0.185926379580823,18.5926379580823
Michigan,2015,Male,1e+05,72209.5334908636,0.277904665091364,27.7904665091364
Michigan,2015,Female,1e+05,81293.0496357507,0.187069503642493,18.7069503642493
Michigan,2016,Male,1e+05,71791.5819115571,0.282084180884429,28.2084180884429
Michigan,2016,Female,1e+05,81151.8191632555,0.188481808367445,18.8481808367445
Michigan,2017,Male,1e+05,71952.1501767218,0.280478498232782,28.0478498232782
Michigan,2017,Female,1e+05,81176.5537541084,0.188234462458916,18.8234462458916
Michigan,2018,Male,1e+05,72225.6233025677,0.277743766974323,27.7743766974323
Michigan,2018,Female,1e+05,81342.5565017766,0.186574434982234,18.6574434982234
Michigan,2019,Male,1e+05,72284.5391689325,0.277154608310675,27.7154608310675
Michigan,2019,Female,1e+05,81589.8528320974,0.184101471679026,18.4101471679026
Michigan,2020,Male,1e+05,68014.8132252782,0.319851867747218,31.9851867747218
Michigan,2020,Female,1e+05,79344.0046077035,0.206559953922965,20.6559953922965
Michigan,2021,Male,1e+05,65848.4625049144,0.341515374950856,34.1515374950856
Michigan,2021,Female,1e+05,77953.5996231921,0.220464003768079,22.0464003768079
Michigan,2022,Male,1e+05,69472.1294139668,0.305278705860332,30.5278705860332
Michigan,2022,Female,1e+05,79890.147063358,0.20109852936642,20.109852936642
Michigan,2023,Male,1e+05,71524.2197406317,0.284757802593684,28.4757802593684
Michigan,2023,Female,1e+05,81372.7193070876,0.186272806929124,18.6272806929124
Minnesota,1990,Male,1e+05,71217.2998320559,0.287827001679441,28.7827001679441
Minnesota,1990,Female,1e+05,82671.3114113146,0.173286885886854,17.3286885886854
Minnesota,1991,Male,1e+05,71414.9817615716,0.285850182384284,28.5850182384284
Minnesota,1991,Female,1e+05,82624.7711484937,0.173752288515063,17.3752288515063
Minnesota,1992,Male,1e+05,71966.9606477568,0.280330393522432,28.0330393522432
Minnesota,1992,Female,1e+05,82861.8492476489,0.171381507523511,17.1381507523511
Minnesota,1993,Male,1e+05,72040.6088615819,0.279593911384181,27.9593911384181
Minnesota,1993,Female,1e+05,82711.3476123893,0.172886523876107,17.2886523876107
Minnesota,1994,Male,1e+05,72321.2513290473,0.276787486709527,27.6787486709527
Minnesota,1994,Female,1e+05,82672.0760982113,0.173279239017887,17.3279239017887
Minnesota,1995,Male,1e+05,72358.7308519701,0.2764126914803,27.64126914803
Minnesota,1995,Female,1e+05,82521.1403698027,0.174788596301973,17.4788596301973
Minnesota,1996,Male,1e+05,73027.2133551261,0.269727866448739,26.9727866448739
Minnesota,1996,Female,1e+05,82645.0955589373,0.173549044410627,17.3549044410627
Minnesota,1997,Male,1e+05,73894.2002619468,0.261057997380532,26.1057997380532
Minnesota,1997,Female,1e+05,83168.3183692506,0.168316816307494,16.8316816307494
Minnesota,1998,Male,1e+05,74538.7489317384,0.254612510682617,25.4612510682617
Minnesota,1998,Female,1e+05,83572.0015441065,0.164279984558935,16.4279984558935
Minnesota,1999,Male,1e+05,74650.669466965,0.253493305330351,25.3493305330351
Minnesota,1999,Female,1e+05,83629.4962152472,0.163705037847529,16.3705037847529
Minnesota,2000,Male,1e+05,75227.8945669305,0.247721054330695,24.7721054330695
Minnesota,2000,Female,1e+05,83817.6822936929,0.161823177063071,16.1823177063071
Minnesota,2001,Male,1e+05,75360.0499004481,0.246399500995519,24.6399500995519
Minnesota,2001,Female,1e+05,84098.7676803412,0.159012323196588,15.9012323196588
Minnesota,2002,Male,1e+05,75822.0615438468,0.241779384561532,24.1779384561532
Minnesota,2002,Female,1e+05,84359.9209437307,0.156400790562694,15.6400790562694
Minnesota,2003,Male,1e+05,76491.2581677989,0.235087418322011,23.5087418322011
Minnesota,2003,Female,1e+05,84719.5050081931,0.152804949918069,15.2804949918069
Minnesota,2004,Male,1e+05,77326.2801907141,0.226737198092859,22.6737198092859
Minnesota,2004,Female,1e+05,85004.539294949,0.14995460705051,14.995460705051
Minnesota,2005,Male,1e+05,77531.1080993944,0.224688919006056,22.4688919006056
Minnesota,2005,Female,1e+05,85185.4398049658,0.148145601950342,14.8145601950342
Minnesota,2006,Male,1e+05,77782.9443460256,0.222170556539744,22.2170556539744
Minnesota,2006,Female,1e+05,85454.7993947663,0.145452006052337,14.5452006052337
Minnesota,2007,Male,1e+05,78188.1876757433,0.218118123242567,21.8118123242567
Minnesota,2007,Female,1e+05,85666.2077581392,0.143337922418608,14.3337922418608
Minnesota,2008,Male,1e+05,78353.9704999341,0.216460295000659,21.6460295000659
Minnesota,2008,Female,1e+05,85546.7442549198,0.144532557450802,14.4532557450802
Minnesota,2009,Male,1e+05,78444.5047062863,0.215554952937137,21.5554952937137
Minnesota,2009,Female,1e+05,85790.0824513938,0.142099175486062,14.2099175486062
Minnesota,2010,Male,1e+05,78714.6128908902,0.212853871091098,21.2853871091098
Minnesota,2010,Female,1e+05,86093.9762179078,0.139060237820922,13.9060237820922
Minnesota,2011,Male,1e+05,78791.5347810213,0.212084652189788,21.2084652189788
Minnesota,2011,Female,1e+05,86105.2299179481,0.138947700820519,13.8947700820519
Minnesota,2012,Male,1e+05,79075.369596702,0.20924630403298,20.924630403298
Minnesota,2012,Female,1e+05,86224.1757796696,0.137758242203304,13.7758242203304
Minnesota,2013,Male,1e+05,79265.2792308565,0.207347207691435,20.7347207691435
Minnesota,2013,Female,1e+05,86248.2260714999,0.137517739285001,13.7517739285001
Minnesota,2014,Male,1e+05,79388.096171223,0.206119038287771,20.6119038287771
Minnesota,2014,Female,1e+05,86242.6418034437,0.137573581965563,13.7573581965563
Minnesota,2015,Male,1e+05,79220.2071692533,0.207797928307467,20.7797928307467
Minnesota,2015,Female,1e+05,86247.5137351157,0.137524862648843,13.7524862648843
Minnesota,2016,Male,1e+05,78920.6744329384,0.210793255670616,21.0793255670616
Minnesota,2016,Female,1e+05,86286.3882112185,0.137136117887815,13.7136117887815
Minnesota,2017,Male,1e+05,78829.5879034581,0.211704120965419,21.1704120965419
Minnesota,2017,Female,1e+05,86252.1139948418,0.137478860051582,13.7478860051582
Minnesota,2018,Male,1e+05,78922.9052654191,0.210770947345809,21.0770947345809
Minnesota,2018,Female,1e+05,86290.0302025889,0.137099697974111,13.7099697974111
Minnesota,2019,Male,1e+05,78898.6401357274,0.211013598642726,21.1013598642726
Minnesota,2019,Female,1e+05,86250.9872264984,0.137490127735016,13.7490127735016
Minnesota,2020,Male,1e+05,76406.4932097349,0.235935067902651,23.5935067902651
Minnesota,2020,Female,1e+05,84780.6584110953,0.152193415889047,15.2193415889047
Minnesota,2021,Male,1e+05,74328.273808967,0.256717261910331,25.6717261910331
Minnesota,2021,Female,1e+05,83943.0348922351,0.160569651077649,16.0569651077649
Minnesota,2022,Male,1e+05,75726.7785969135,0.242732214030865,24.2732214030865
Minnesota,2022,Female,1e+05,84410.2073147825,0.155897926852175,15.5897926852175
Minnesota,2023,Male,1e+05,77690.3737357716,0.223096262642284,22.3096262642284
Minnesota,2023,Female,1e+05,85483.8496718664,0.145161503281336,14.5161503281336
Mississippi,1990,Male,1e+05,57346.8286188784,0.426531713811216,42.6531713811216
Mississippi,1990,Female,1e+05,75084.3739566215,0.249156260433785,24.9156260433785
Mississippi,1991,Male,1e+05,57396.2058741809,0.426037941258191,42.6037941258191
Mississippi,1991,Female,1e+05,75034.0549397589,0.249659450602411,24.9659450602411
Mississippi,1992,Male,1e+05,57770.9585131487,0.422290414868513,42.2290414868513
Mississippi,1992,Female,1e+05,75306.1100775293,0.246938899224707,24.6938899224707
Mississippi,1993,Male,1e+05,57417.3302249979,0.425826697750021,42.5826697750021
Mississippi,1993,Female,1e+05,74844.6226206423,0.251553773793577,25.1553773793577
Mississippi,1994,Male,1e+05,57834.0713737711,0.421659286262289,42.1659286262289
Mississippi,1994,Female,1e+05,74420.7603605524,0.255792396394476,25.5792396394476
Mississippi,1995,Male,1e+05,58086.1294847799,0.419138705152201,41.9138705152201
Mississippi,1995,Female,1e+05,74299.9133157569,0.257000866842431,25.7000866842431
Mississippi,1996,Male,1e+05,58606.8627924926,0.413931372075074,41.3931372075074
Mississippi,1996,Female,1e+05,74547.5304924063,0.254524695075937,25.4524695075937
Mississippi,1997,Male,1e+05,59022.7398997222,0.409772601002778,40.9772601002778
Mississippi,1997,Female,1e+05,74471.3816243245,0.255286183756755,25.5286183756755
Mississippi,1998,Male,1e+05,59218.7860060139,0.407812139939861,40.7812139939861
Mississippi,1998,Female,1e+05,74546.387158643,0.25453612841357,25.453612841357
Mississippi,1999,Male,1e+05,59390.6406024791,0.406093593975209,40.6093593975209
Mississippi,1999,Female,1e+05,74355.1449144482,0.256448550855518,25.6448550855518
Mississippi,2000,Male,1e+05,60137.5556624307,0.398624443375693,39.8624443375693
Mississippi,2000,Female,1e+05,74355.9473857008,0.256440526142992,25.6440526142992
Mississippi,2001,Male,1e+05,60703.7031475901,0.392962968524099,39.2962968524099
Mississippi,2001,Female,1e+05,74384.9608835989,0.256150391164011,25.6150391164011
Mississippi,2002,Male,1e+05,60756.5608201111,0.392434391798889,39.2434391798889
Mississippi,2002,Female,1e+05,74564.6223260196,0.254353776739804,25.4353776739804
Mississippi,2003,Male,1e+05,61055.6215125126,0.389443784874874,38.9443784874874
Mississippi,2003,Female,1e+05,74796.6304603205,0.252033695396795,25.2033695396795
Mississippi,2004,Male,1e+05,61565.3686523111,0.384346313476889,38.4346313476889
Mississippi,2004,Female,1e+05,75138.13698329,0.2486186301671,24.86186301671
Mississippi,2005,Male,1e+05,61305.6121969686,0.386943878030314,38.6943878030314
Mississippi,2005,Female,1e+05,74870.5764227329,0.251294235772671,25.1294235772671
Mississippi,2006,Male,1e+05,61538.6723400883,0.384613276599117,38.4613276599117
Mississippi,2006,Female,1e+05,75366.6373765445,0.246333626234556,24.6333626234556
Mississippi,2007,Male,1e+05,62107.6176788942,0.378923823211058,37.8923823211058
Mississippi,2007,Female,1e+05,75794.7316760789,0.242052683239212,24.2052683239212
Mississippi,2008,Male,1e+05,62574.6595781051,0.37425340421895,37.425340421895
Mississippi,2008,Female,1e+05,75746.4790946946,0.242535209053054,24.2535209053054
Mississippi,2009,Male,1e+05,63438.9437454935,0.365610562545065,36.5610562545065
Mississippi,2009,Female,1e+05,75995.4111372961,0.240045888627039,24.004588862704
Mississippi,2010,Male,1e+05,63861.7272766897,0.361382727233103,36.1382727233104
Mississippi,2010,Female,1e+05,75984.7611386972,0.240152388613028,24.0152388613028
Mississippi,2011,Male,1e+05,63901.7112085505,0.360982887914495,36.0982887914495
Mississippi,2011,Female,1e+05,75852.6287893437,0.241473712106563,24.1473712106563
Mississippi,2012,Male,1e+05,63836.7315627455,0.361632684372545,36.1632684372545
Mississippi,2012,Female,1e+05,75980.0055284955,0.240199944715045,24.0199944715045
Mississippi,2013,Male,1e+05,63292.329050084,0.36707670949916,36.707670949916
Mississippi,2013,Female,1e+05,75836.4995088634,0.241635004911366,24.1635004911366
Mississippi,2014,Male,1e+05,63068.1760333546,0.369318239666454,36.9318239666454
Mississippi,2014,Female,1e+05,75633.9151845723,0.243660848154277,24.3660848154277
Mississippi,2015,Male,1e+05,63030.9725000967,0.369690274999033,36.9690274999033
Mississippi,2015,Female,1e+05,75460.1500348155,0.245398499651845,24.5398499651845
Mississippi,2016,Male,1e+05,62799.8329171283,0.372001670828718,37.2001670828718
Mississippi,2016,Female,1e+05,75302.926241178,0.24697073758822,24.697073758822
Mississippi,2017,Male,1e+05,62612.6008563303,0.373873991436697,37.3873991436697
Mississippi,2017,Female,1e+05,75281.0863335253,0.247189136664747,24.7189136664747
Mississippi,2018,Male,1e+05,62232.2721137836,0.377677278862164,37.7677278862164
Mississippi,2018,Female,1e+05,75366.5925423985,0.246334074576015,24.6334074576015
Mississippi,2019,Male,1e+05,62024.6023352437,0.379753976647563,37.9753976647563
Mississippi,2019,Female,1e+05,75472.7313020042,0.245272686979958,24.5272686979958
Mississippi,2020,Male,1e+05,55664.0752020984,0.443359247979016,44.3359247979016
Mississippi,2020,Female,1e+05,70419.8177606608,0.295801822393393,29.5801822393393
Mississippi,2021,Male,1e+05,53066.524836441,0.46933475163559,46.933475163559
Mississippi,2021,Female,1e+05,67739.014106434,0.322609858935661,32.2609858935661
Mississippi,2022,Male,1e+05,57838.7359720634,0.421612640279366,42.1612640279366
Mississippi,2022,Female,1e+05,71371.566351393,0.286284336486071,28.6284336486071
Mississippi,2023,Male,1e+05,60928.0651964052,0.390719348035948,39.0719348035948
Mississippi,2023,Female,1e+05,73821.910844397,0.26178089155603,26.1780891556031
Missouri,1990,Male,1e+05,63932.056109692,0.360679438903081,36.0679438903081
Missouri,1990,Female,1e+05,78572.529435658,0.21427470564342,21.427470564342
Missouri,1991,Male,1e+05,64048.1857335849,0.359518142664151,35.9518142664151
Missouri,1991,Female,1e+05,78663.3765466779,0.213366234533221,21.3366234533221
Missouri,1992,Male,1e+05,64171.149127674,0.35828850872326,35.828850872326
Missouri,1992,Female,1e+05,78815.8247858284,0.211841752141716,21.1841752141716
Missouri,1993,Male,1e+05,63766.7057106202,0.362332942893798,36.2332942893798
Missouri,1993,Female,1e+05,78259.6300673965,0.217403699326036,21.7403699326036
Missouri,1994,Male,1e+05,64052.8297810231,0.359471702189769,35.9471702189769
Missouri,1994,Female,1e+05,78117.5612431623,0.218824387568377,21.8824387568377
Missouri,1995,Male,1e+05,64293.5773573283,0.357064226426717,35.7064226426717
Missouri,1995,Female,1e+05,78008.5519158816,0.219914480841184,21.9914480841184
Missouri,1996,Male,1e+05,65299.3849220509,0.347006150779491,34.7006150779491
Missouri,1996,Female,1e+05,78095.2982817411,0.219047017182589,21.9047017182589
Missouri,1997,Male,1e+05,65842.2915481105,0.341577084518895,34.1577084518895
Missouri,1997,Female,1e+05,78273.1842806723,0.217268157193277,21.7268157193277
Missouri,1998,Male,1e+05,66381.5851839051,0.336184148160949,33.6184148160949
Missouri,1998,Female,1e+05,78291.1485862649,0.217088514137351,21.7088514137351
Missouri,1999,Male,1e+05,66664.2269471193,0.333357730528807,33.3357730528807
Missouri,1999,Female,1e+05,78102.6946529381,0.218973053470619,21.8973053470619
Missouri,2000,Male,1e+05,67654.690195707,0.32345309804293,32.345309804293
Missouri,2000,Female,1e+05,78379.0215713271,0.21620978428673,21.620978428673
Missouri,2001,Male,1e+05,67917.3158706807,0.320826841293193,32.0826841293193
Missouri,2001,Female,1e+05,78757.1911118013,0.212428088881987,21.2428088881987
Missouri,2002,Male,1e+05,67628.9924243685,0.323710075756316,32.3710075756316
Missouri,2002,Female,1e+05,78870.16118606,0.2112983881394,21.12983881394
Missouri,2003,Male,1e+05,68034.0874395439,0.319659125604561,31.9659125604561
Missouri,2003,Female,1e+05,78866.5166103509,0.211334833896491,21.1334833896491
Missouri,2004,Male,1e+05,68793.5980412249,0.312064019587751,31.2064019587751
Missouri,2004,Female,1e+05,79461.0327144339,0.205389672855661,20.5389672855661
Missouri,2005,Male,1e+05,68968.9163605752,0.310310836394248,31.0310836394248
Missouri,2005,Female,1e+05,79621.2605539455,0.203787394460545,20.3787394460545
Missouri,2006,Male,1e+05,69182.2844679317,0.308177155320683,30.8177155320683
Missouri,2006,Female,1e+05,79764.5024883816,0.202354975116184,20.2354975116184
Missouri,2007,Male,1e+05,69528.166313123,0.30471833686877,30.471833686877
Missouri,2007,Female,1e+05,80211.2218039066,0.197887781960934,19.7887781960934
Missouri,2008,Male,1e+05,69340.4490521962,0.306595509478039,30.6595509478039
Missouri,2008,Female,1e+05,80086.5112718095,0.199134887281905,19.9134887281905
Missouri,2009,Male,1e+05,70098.1545628646,0.299018454371354,29.9018454371354
Missouri,2009,Female,1e+05,80219.4872817213,0.197805127182787,19.7805127182787
Missouri,2010,Male,1e+05,70492.9967147434,0.295070032852566,29.5070032852566
Missouri,2010,Female,1e+05,80420.214954661,0.19579785045339,19.579785045339
Missouri,2011,Male,1e+05,70445.371430571,0.295546285694291,29.5546285694291
Missouri,2011,Female,1e+05,80414.7960558434,0.195852039441566,19.5852039441567
Missouri,2012,Male,1e+05,70597.8731360257,0.294021268639743,29.4021268639743
Missouri,2012,Female,1e+05,80692.6081954451,0.193073918045549,19.3073918045549
Missouri,2013,Male,1e+05,70526.2903750226,0.294737096249774,29.4737096249774
Missouri,2013,Female,1e+05,80479.928190482,0.19520071809518,19.520071809518
Missouri,2014,Male,1e+05,70299.9249482133,0.297000750517867,29.7000750517867
Missouri,2014,Female,1e+05,80253.9851437315,0.197460148562685,19.7460148562685
Missouri,2015,Male,1e+05,70006.3226980087,0.299936773019913,29.9936773019913
Missouri,2015,Female,1e+05,80166.1829797624,0.198338170202376,19.8338170202376
Missouri,2016,Male,1e+05,69766.7837335956,0.302332162664044,30.2332162664044
Missouri,2016,Female,1e+05,80045.3797823859,0.199546202176141,19.9546202176141
Missouri,2017,Male,1e+05,69353.3990485399,0.306466009514601,30.6466009514601
Missouri,2017,Female,1e+05,79857.162962685,0.20142837037315,20.142837037315
Missouri,2018,Male,1e+05,68883.1455327585,0.311168544672415,31.1168544672415
Missouri,2018,Female,1e+05,79866.3435743293,0.201336564256707,20.1336564256707
Missouri,2019,Male,1e+05,68966.1180887892,0.310338819112108,31.0338819112108
Missouri,2019,Female,1e+05,80058.0799929197,0.199419200070803,19.9419200070803
Missouri,2020,Male,1e+05,65114.636268949,0.34885363731051,34.885363731051
Missouri,2020,Female,1e+05,77481.3753557321,0.225186246442679,22.5186246442679
Missouri,2021,Male,1e+05,62801.1316084951,0.371988683915049,37.1988683915049
Missouri,2021,Female,1e+05,75823.7661205617,0.241762338794383,24.1762338794383
Missouri,2022,Male,1e+05,65099.851389082,0.34900148610918,34.900148610918
Missouri,2022,Female,1e+05,77079.6742957403,0.229203257042597,22.9203257042597
Missouri,2023,Male,1e+05,67721.3483947904,0.322786516052096,32.2786516052096
Missouri,2023,Female,1e+05,79389.2074311135,0.206107925688865,20.6107925688865
Montana,1990,Male,1e+05,68725.0127099934,0.312749872900066,31.2749872900066
Montana,1990,Female,1e+05,80049.959800018,0.19950040199982,19.950040199982
Montana,1991,Male,1e+05,68613.8053572591,0.313861946427409,31.3861946427409
Montana,1991,Female,1e+05,80052.1711047362,0.199478288952638,19.9478288952638
Montana,1992,Male,1e+05,68759.0768747275,0.312409231252725,31.2409231252725
Montana,1992,Female,1e+05,80425.9398646917,0.195740601353083,19.5740601353084
Montana,1993,Male,1e+05,68280.0776383501,0.317199223616499,31.7199223616499
Montana,1993,Female,1e+05,80200.8317084862,0.197991682915139,19.7991682915139
Montana,1994,Male,1e+05,68359.2420994956,0.316407579005045,31.6407579005045
Montana,1994,Female,1e+05,80343.5795398108,0.196564204601892,19.6564204601892
Montana,1995,Male,1e+05,68687.0536290233,0.313129463709767,31.3129463709767
Montana,1995,Female,1e+05,80277.1148311505,0.197228851688495,19.7228851688495
Montana,1996,Male,1e+05,69078.7339219533,0.309212660780467,30.9212660780467
Montana,1996,Female,1e+05,80475.8899188547,0.195241100811453,19.5241100811453
Montana,1997,Male,1e+05,69944.6246838341,0.300553753161659,30.0553753161659
Montana,1997,Female,1e+05,80892.2429103586,0.191077570896415,19.1077570896415
Montana,1998,Male,1e+05,70473.7956037467,0.295262043962533,29.5262043962533
Montana,1998,Female,1e+05,81094.6474938199,0.189053525061801,18.9053525061801
Montana,1999,Male,1e+05,70912.9237777115,0.290870762222886,29.0870762222886
Montana,1999,Female,1e+05,81003.5139706408,0.189964860293592,18.9964860293592
Montana,2000,Male,1e+05,71521.5226491202,0.284784773508799,28.4784773508799
Montana,2000,Female,1e+05,81261.0051098965,0.187389948901035,18.7389948901035
Montana,2001,Male,1e+05,71909.3424915673,0.280906575084327,28.0906575084327
Montana,2001,Female,1e+05,81210.4396430384,0.187895603569616,18.7895603569616
Montana,2002,Male,1e+05,72008.781451907,0.27991218548093,27.991218548093
Montana,2002,Female,1e+05,81243.2383691574,0.187567616308426,18.7567616308426
Montana,2003,Male,1e+05,72299.5178934622,0.277004821065378,27.7004821065378
Montana,2003,Female,1e+05,81464.9981596195,0.185350018403805,18.5350018403805
Montana,2004,Male,1e+05,73386.2082893338,0.266137917106662,26.6137917106662
Montana,2004,Female,1e+05,81741.9860264053,0.182580139735947,18.2580139735947
Montana,2005,Male,1e+05,73298.9436089084,0.267010563910916,26.7010563910916
Montana,2005,Female,1e+05,81774.233260636,0.18225766739364,18.225766739364
Montana,2006,Male,1e+05,73387.2545579305,0.266127454420695,26.6127454420695
Montana,2006,Female,1e+05,81919.4990380109,0.180805009619891,18.0805009619891
Montana,2007,Male,1e+05,73371.6401785631,0.266283598214369,26.6283598214369
Montana,2007,Female,1e+05,82170.0472788107,0.178299527211893,17.8299527211893
Montana,2008,Male,1e+05,73531.7095766692,0.264682904233308,26.4682904233308
Montana,2008,Female,1e+05,82083.3293577073,0.179166706422927,17.9166706422927
Montana,2009,Male,1e+05,74018.4497847652,0.259815502152348,25.9815502152348
Montana,2009,Female,1e+05,82370.7830958617,0.176292169041384,17.6292169041384
Montana,2010,Male,1e+05,74301.8373467314,0.256981626532686,25.6981626532686
Montana,2010,Female,1e+05,82726.5046952713,0.172734953047287,17.2734953047287
Montana,2011,Male,1e+05,74223.1727967443,0.257768272032557,25.7768272032558
Montana,2011,Female,1e+05,82722.7291755906,0.172772708244094,17.2772708244094
Montana,2012,Male,1e+05,74287.4513640793,0.257125486359207,25.7125486359207
Montana,2012,Female,1e+05,82889.8169241121,0.171101830758879,17.1101830758879
Montana,2013,Male,1e+05,74279.3262395015,0.257206737604985,25.7206737604985
Montana,2013,Female,1e+05,82766.7396693843,0.172332603306157,17.2332603306157
Montana,2014,Male,1e+05,74242.6105259546,0.257573894740454,25.7573894740455
Montana,2014,Female,1e+05,82562.4173744369,0.174375826255631,17.4375826255631
Montana,2015,Male,1e+05,73962.4318415198,0.260375681584802,26.0375681584802
Montana,2015,Female,1e+05,82585.146259242,0.17414853740758,17.414853740758
Montana,2016,Male,1e+05,74125.2125152001,0.258747874847999,25.8747874847999
Montana,2016,Female,1e+05,82449.3288908305,0.175506711091695,17.5506711091695
Montana,2017,Male,1e+05,74258.2502024911,0.257417497975089,25.7417497975089
Montana,2017,Female,1e+05,82638.5455281258,0.173614544718742,17.3614544718742
Montana,2018,Male,1e+05,74172.9359292245,0.258270640707755,25.8270640707755
Montana,2018,Female,1e+05,83015.1240971176,0.169848759028824,16.9848759028824
Montana,2019,Male,1e+05,74088.198119545,0.259118018804551,25.9118018804551
Montana,2019,Female,1e+05,83245.2743084918,0.167547256915082,16.7547256915082
Montana,2020,Male,1e+05,70291.2636474965,0.297087363525035,29.7087363525035
Montana,2020,Female,1e+05,81030.8202806833,0.189691797193167,18.9691797193167
Montana,2021,Male,1e+05,67154.0834403126,0.328459165596875,32.8459165596875
Montana,2021,Female,1e+05,78504.7424862248,0.214952575137752,21.4952575137752
Montana,2022,Male,1e+05,70518.2004112948,0.294817995887053,29.4817995887053
Montana,2022,Female,1e+05,81026.508982978,0.189734910170221,18.9734910170221
Montana,2023,Male,1e+05,73537.1766956647,0.264628233043354,26.4628233043354
Montana,2023,Female,1e+05,81788.9152362205,0.182110847637796,18.2110847637796
Nebraska,1990,Male,1e+05,68664.4882448003,0.313355117551997,31.3355117551997
Nebraska,1990,Female,1e+05,81145.5316586729,0.188544683413271,18.8544683413271
Nebraska,1991,Male,1e+05,69286.7724238846,0.307132275761154,30.7132275761154
Nebraska,1991,Female,1e+05,81205.7542953134,0.187942457046866,18.7942457046866
Nebraska,1992,Male,1e+05,69684.6444747271,0.30315355525273,30.315355525273
Nebraska,1992,Female,1e+05,81430.8231660616,0.185691768339384,18.5691768339384
Nebraska,1993,Male,1e+05,69431.1777117179,0.305688222882821,30.5688222882821
Nebraska,1993,Female,1e+05,81335.238376036,0.18664761623964,18.664761623964
Nebraska,1994,Male,1e+05,69652.4135889758,0.303475864110243,30.3475864110243
Nebraska,1994,Female,1e+05,81494.4629332396,0.185055370667604,18.5055370667604
Nebraska,1995,Male,1e+05,70156.1861056983,0.298438138943017,29.8438138943017
Nebraska,1995,Female,1e+05,81378.0295991774,0.186219704008226,18.6219704008226
Nebraska,1996,Male,1e+05,70481.0114742907,0.295189885257093,29.5189885257093
Nebraska,1996,Female,1e+05,81497.3877670085,0.185026122329915,18.5026122329915
Nebraska,1997,Male,1e+05,70918.9884503298,0.290810115496702,29.0810115496702
Nebraska,1997,Female,1e+05,81837.9881464645,0.181620118535355,18.1620118535355
Nebraska,1998,Male,1e+05,71610.9877834374,0.283890122165627,28.3890122165627
Nebraska,1998,Female,1e+05,81852.7602252002,0.181472397747999,18.1472397747999
Nebraska,1999,Male,1e+05,71995.2261413955,0.280047738586045,28.0047738586045
Nebraska,1999,Female,1e+05,81754.0793444589,0.182459206555411,18.2459206555411
Nebraska,2000,Male,1e+05,72878.1112295891,0.271218887704109,27.1218887704109
Nebraska,2000,Female,1e+05,82007.2818083196,0.179927181916804,17.9927181916804
Nebraska,2001,Male,1e+05,73066.0670644445,0.269339329355555,26.9339329355555
Nebraska,2001,Female,1e+05,81970.2733983913,0.180297266016087,18.0297266016087
Nebraska,2002,Male,1e+05,73373.7869775658,0.266262130224342,26.6262130224342
Nebraska,2002,Female,1e+05,82063.2610620552,0.179367389379448,17.9367389379448
Nebraska,2003,Male,1e+05,74104.1147576044,0.258958852423956,25.8958852423956
Nebraska,2003,Female,1e+05,82347.3658008455,0.176526341991545,17.6526341991545
Nebraska,2004,Male,1e+05,74688.0844488672,0.253119155511328,25.3119155511328
Nebraska,2004,Female,1e+05,82936.271162696,0.17063728837304,17.063728837304
Nebraska,2005,Male,1e+05,74823.1686442555,0.251768313557445,25.1768313557445
Nebraska,2005,Female,1e+05,83108.626140976,0.16891373859024,16.891373859024
Nebraska,2006,Male,1e+05,74968.7656728144,0.250312343271857,25.0312343271857
Nebraska,2006,Female,1e+05,83231.3775352421,0.167686224647579,16.7686224647579
Nebraska,2007,Male,1e+05,75134.6340796675,0.248653659203325,24.8653659203325
Nebraska,2007,Female,1e+05,83388.3934585112,0.166116065414888,16.6116065414888
Nebraska,2008,Male,1e+05,75378.2158206209,0.246217841793791,24.6217841793791
Nebraska,2008,Female,1e+05,83421.842108858,0.16578157891142,16.578157891142
Nebraska,2009,Male,1e+05,75685.3461323951,0.243146538676049,24.3146538676049
Nebraska,2009,Female,1e+05,83680.4759897635,0.163195240102365,16.3195240102365
Nebraska,2010,Male,1e+05,75795.9303854117,0.242040696145883,24.2040696145883
Nebraska,2010,Female,1e+05,84041.7099988713,0.159582900011287,15.9582900011287
Nebraska,2011,Male,1e+05,76062.3372029651,0.239376627970349,23.9376627970349
Nebraska,2011,Female,1e+05,84092.1027818675,0.159078972181325,15.9078972181325
Nebraska,2012,Male,1e+05,76406.4030358108,0.235935969641892,23.5935969641892
Nebraska,2012,Female,1e+05,84198.2469428698,0.158017530571303,15.8017530571303
Nebraska,2013,Male,1e+05,76538.3951015013,0.234616048984987,23.4616048984987
Nebraska,2013,Female,1e+05,84040.9910066539,0.159590089933461,15.9590089933461
Nebraska,2014,Male,1e+05,76303.9406455913,0.236960593544087,23.6960593544087
Nebraska,2014,Female,1e+05,83953.9153051701,0.160460846948299,16.0460846948299
Nebraska,2015,Male,1e+05,76121.7125561554,0.238782874438446,23.8782874438446
Nebraska,2015,Female,1e+05,83800.4415090567,0.161995584909433,16.1995584909433
Nebraska,2016,Male,1e+05,76105.5593040204,0.238944406959796,23.8944406959796
Nebraska,2016,Female,1e+05,83792.8787765501,0.162071212234499,16.2071212234499
Nebraska,2017,Male,1e+05,75865.6892611139,0.241343107388861,24.1343107388861
Nebraska,2017,Female,1e+05,83943.2769409278,0.160567230590722,16.0567230590722
Nebraska,2018,Male,1e+05,75730.9624849597,0.242690375150403,24.2690375150403
Nebraska,2018,Female,1e+05,84068.1764189413,0.159318235810587,15.9318235810587
Nebraska,2019,Male,1e+05,75992.0689643509,0.240079310356491,24.0079310356491
Nebraska,2019,Female,1e+05,84170.125242477,0.15829874757523,15.829874757523
Nebraska,2020,Male,1e+05,72983.7218596804,0.270162781403196,27.0162781403196
Nebraska,2020,Female,1e+05,82256.4782760646,0.177435217239354,17.7435217239354
Nebraska,2021,Male,1e+05,72065.7827977748,0.279342172022252,27.9342172022252
Nebraska,2021,Female,1e+05,81243.00638621,0.1875699361379,18.75699361379
Nebraska,2022,Male,1e+05,73882.2285972338,0.261177714027662,26.1177714027662
Nebraska,2022,Female,1e+05,82677.4518348043,0.173225481651957,17.3225481651957
Nebraska,2023,Male,1e+05,74903.5221850455,0.250964778149545,25.0964778149545
Nebraska,2023,Female,1e+05,83466.0602302619,0.165339397697381,16.5339397697381
Nevada,1990,Male,1e+05,62879.8154356964,0.371201845643036,37.1201845643036
Nevada,1990,Female,1e+05,76835.7256536866,0.231642743463134,23.1642743463134
Nevada,1991,Male,1e+05,62895.6002356794,0.371043997643206,37.1043997643206
Nevada,1991,Female,1e+05,76961.2377787394,0.230387622212606,23.0387622212606
Nevada,1992,Male,1e+05,63187.1974756739,0.368128025243262,36.8128025243262
Nevada,1992,Female,1e+05,77370.9001377543,0.226290998622458,22.6290998622458
Nevada,1993,Male,1e+05,63184.3886517661,0.368156113482339,36.8156113482339
Nevada,1993,Female,1e+05,76947.6277962458,0.230523722037542,23.0523722037542
Nevada,1994,Male,1e+05,63435.9910471307,0.365640089528693,36.5640089528693
Nevada,1994,Female,1e+05,77047.0036180363,0.229529963819637,22.9529963819637
Nevada,1995,Male,1e+05,63734.4192041412,0.362655807958588,36.2655807958588
Nevada,1995,Female,1e+05,77358.3214838139,0.226416785161861,22.6416785161861
Nevada,1996,Male,1e+05,64436.7750334144,0.355632249665856,35.5632249665856
Nevada,1996,Female,1e+05,77780.6618184398,0.222193381815602,22.2193381815602
Nevada,1997,Male,1e+05,65753.0463486305,0.342469536513696,34.2469536513696
Nevada,1997,Female,1e+05,78179.6436006647,0.218203563993353,21.8203563993353
Nevada,1998,Male,1e+05,66319.0284495484,0.336809715504516,33.6809715504516
Nevada,1998,Female,1e+05,78305.5416222762,0.216944583777238,21.6944583777238
Nevada,1999,Male,1e+05,66541.9177655776,0.334580822344224,33.4580822344224
Nevada,1999,Female,1e+05,78388.1512185662,0.216118487814338,21.6118487814338
Nevada,2000,Male,1e+05,67176.8431412926,0.328231568587074,32.8231568587074
Nevada,2000,Female,1e+05,78666.3753567232,0.213336246432768,21.3336246432768
Nevada,2001,Male,1e+05,67858.3121800447,0.321416878199553,32.1416878199553
Nevada,2001,Female,1e+05,78793.0025008536,0.212069974991464,21.2069974991464
Nevada,2002,Male,1e+05,68214.769874199,0.317852301258011,31.7852301258011
Nevada,2002,Female,1e+05,78920.0037074682,0.210799962925318,21.0799962925318
Nevada,2003,Male,1e+05,68270.5829017467,0.317294170982533,31.7294170982533
Nevada,2003,Female,1e+05,78966.2684996773,0.210337315003227,21.0337315003227
Nevada,2004,Male,1e+05,68803.3401869657,0.311966598130343,31.1966598130343
Nevada,2004,Female,1e+05,79379.391858742,0.20620608141258,20.620608141258
Nevada,2005,Male,1e+05,68681.589001048,0.31318410998952,31.318410998952
Nevada,2005,Female,1e+05,79365.1304419248,0.206348695580752,20.6348695580752
Nevada,2006,Male,1e+05,69327.2434916952,0.306727565083048,30.6727565083048
Nevada,2006,Female,1e+05,79827.631960476,0.20172368039524,20.172368039524
Nevada,2007,Male,1e+05,70156.5577985184,0.298434422014816,29.8434422014816
Nevada,2007,Female,1e+05,80589.2153217647,0.194107846782353,19.4107846782353
Nevada,2008,Male,1e+05,70688.7217878096,0.293112782121905,29.3112782121905
Nevada,2008,Female,1e+05,80808.7894681727,0.191912105318273,19.1912105318273
Nevada,2009,Male,1e+05,71072.2784312738,0.289277215687262,28.9277215687262
Nevada,2009,Female,1e+05,81087.2991141078,0.189127008858922,18.9127008858922
Nevada,2010,Male,1e+05,71641.7950642485,0.283582049357516,28.3582049357516
Nevada,2010,Female,1e+05,81433.4015904019,0.185665984095981,18.5665984095981
Nevada,2011,Male,1e+05,71699.024152555,0.28300975847445,28.300975847445
Nevada,2011,Female,1e+05,81407.09764467,0.1859290235533,18.59290235533
Nevada,2012,Male,1e+05,71744.6696661632,0.282553303338368,28.2553303338368
Nevada,2012,Female,1e+05,81537.7883736461,0.184622116263539,18.4622116263539
Nevada,2013,Male,1e+05,71754.2994276655,0.282457005723345,28.2457005723345
Nevada,2013,Female,1e+05,81455.3677956894,0.185446322043106,18.5446322043106
Nevada,2014,Male,1e+05,71811.6569966088,0.281883430033912,28.1883430033912
Nevada,2014,Female,1e+05,81539.9460158264,0.184600539841736,18.4600539841736
Nevada,2015,Male,1e+05,71628.2874248366,0.283717125751634,28.3717125751634
Nevada,2015,Female,1e+05,81381.8251086107,0.186181748913893,18.6181748913893
Nevada,2016,Male,1e+05,71270.2855336002,0.287297144663998,28.7297144663998
Nevada,2016,Female,1e+05,81282.8820026198,0.187171179973802,18.7171179973802
Nevada,2017,Male,1e+05,71325.1360600038,0.286748639399962,28.6748639399962
Nevada,2017,Female,1e+05,81476.3338884395,0.185236661115606,18.5236661115606
Nevada,2018,Male,1e+05,71628.7782331218,0.283712217668783,28.3712217668783
Nevada,2018,Female,1e+05,81833.9963234986,0.181660036765015,18.1660036765015
Nevada,2019,Male,1e+05,71930.2366755242,0.280697633244758,28.0697633244758
Nevada,2019,Female,1e+05,81880.976923379,0.18119023076621,18.119023076621
Nevada,2020,Male,1e+05,67492.4445788547,0.325075554211453,32.5075554211453
Nevada,2020,Female,1e+05,79491.5096433571,0.205084903566429,20.5084903566429
Nevada,2021,Male,1e+05,64128.0146316782,0.358719853683218,35.8719853683218
Nevada,2021,Female,1e+05,77408.464259456,0.22591535740544,22.591535740544
Nevada,2022,Male,1e+05,68419.1167487807,0.315808832512193,31.5808832512193
Nevada,2022,Female,1e+05,79812.2073316222,0.201877926683778,20.1877926683778
Nevada,2023,Male,1e+05,70088.8609291488,0.299111390708512,29.9111390708512
Nevada,2023,Female,1e+05,81639.4213576151,0.183605786423849,18.3605786423849
New Hampshire,1990,Male,1e+05,68588.4777285912,0.314115222714088,31.4115222714088
New Hampshire,1990,Female,1e+05,80511.4491231375,0.194885508768625,19.4885508768625
New Hampshire,1991,Male,1e+05,69240.5835173758,0.307594164826242,30.7594164826242
New Hampshire,1991,Female,1e+05,80802.8586024755,0.191971413975245,19.1971413975245
New Hampshire,1992,Male,1e+05,70158.1564885441,0.298418435114559,29.8418435114559
New Hampshire,1992,Female,1e+05,81107.4036819837,0.188925963180163,18.8925963180163
New Hampshire,1993,Male,1e+05,70310.2386924334,0.296897613075666,29.6897613075666
New Hampshire,1993,Female,1e+05,81085.4528943461,0.189145471056539,18.9145471056539
New Hampshire,1994,Male,1e+05,70892.5436909911,0.291074563090089,29.1074563090089
New Hampshire,1994,Female,1e+05,81453.8632338968,0.185461367661032,18.5461367661032
New Hampshire,1995,Male,1e+05,71110.40091965,0.2888959908035,28.88959908035
New Hampshire,1995,Female,1e+05,81596.1253291469,0.184038746708531,18.4038746708532
New Hampshire,1996,Male,1e+05,71564.1114555507,0.284358885444493,28.4358885444493
New Hampshire,1996,Female,1e+05,81741.3444886115,0.182586555113885,18.2586555113885
New Hampshire,1997,Male,1e+05,72194.0824861213,0.278059175138787,27.8059175138787
New Hampshire,1997,Female,1e+05,81960.6924786481,0.180393075213519,18.0393075213519
New Hampshire,1998,Male,1e+05,72692.4389489035,0.273075610510965,27.3075610510965
New Hampshire,1998,Female,1e+05,82312.488163826,0.176875118361741,17.6875118361741
New Hampshire,1999,Male,1e+05,73048.1550612776,0.269518449387224,26.9518449387224
New Hampshire,1999,Female,1e+05,82615.6990103192,0.173843009896808,17.3843009896808
New Hampshire,2000,Male,1e+05,73540.4682512807,0.264595317487193,26.4595317487193
New Hampshire,2000,Female,1e+05,82820.7252783291,0.171792747216709,17.1792747216709
New Hampshire,2001,Male,1e+05,73732.9365958415,0.262670634041585,26.2670634041585
New Hampshire,2001,Female,1e+05,83015.5253043477,0.169844746956523,16.9844746956523
New Hampshire,2002,Male,1e+05,74378.8767284502,0.256211232715498,25.6211232715498
New Hampshire,2002,Female,1e+05,83230.1532708882,0.167698467291119,16.7698467291119
New Hampshire,2003,Male,1e+05,74945.803365822,0.25054196634178,25.054196634178
New Hampshire,2003,Female,1e+05,83415.7460268535,0.165842539731465,16.5842539731465
New Hampshire,2004,Male,1e+05,75684.9530843166,0.243150469156834,24.3150469156834
New Hampshire,2004,Female,1e+05,83764.3475571884,0.162356524428116,16.2356524428116
New Hampshire,2005,Male,1e+05,75929.0380689211,0.240709619310789,24.0709619310789
New Hampshire,2005,Female,1e+05,84022.3161170929,0.159776838829071,15.9776838829071
New Hampshire,2006,Male,1e+05,76355.4445781164,0.236445554218836,23.6445554218836
New Hampshire,2006,Female,1e+05,84396.6018652429,0.156033981347571,15.6033981347571
New Hampshire,2007,Male,1e+05,76778.7181912021,0.232212818087979,23.2212818087979
New Hampshire,2007,Female,1e+05,84800.0105164285,0.151999894835715,15.1999894835715
New Hampshire,2008,Male,1e+05,77126.3010237556,0.228736989762444,22.8736989762444
New Hampshire,2008,Female,1e+05,85160.237434129,0.14839762565871,14.839762565871
New Hampshire,2009,Male,1e+05,77659.8089068798,0.223401910931202,22.3401910931202
New Hampshire,2009,Female,1e+05,85410.3887493914,0.145896112506086,14.5896112506086
New Hampshire,2010,Male,1e+05,78024.5945975211,0.219754054024789,21.9754054024789
New Hampshire,2010,Female,1e+05,85658.8552644588,0.143411447355412,14.3411447355412
New Hampshire,2011,Male,1e+05,77949.061128059,0.22050938871941,22.050938871941
New Hampshire,2011,Female,1e+05,85611.6682987911,0.143883317012089,14.3883317012089
New Hampshire,2012,Male,1e+05,77967.4124413462,0.220325875586538,22.0325875586538
New Hampshire,2012,Female,1e+05,85683.8128868328,0.143161871131672,14.3161871131672
New Hampshire,2013,Male,1e+05,77708.4635543632,0.222915364456368,22.2915364456368
New Hampshire,2013,Female,1e+05,85707.7987736454,0.142922012263546,14.2922012263546
New Hampshire,2014,Male,1e+05,77354.7251381545,0.226452748618455,22.6452748618455
New Hampshire,2014,Female,1e+05,85579.268144677,0.14420731855323,14.420731855323
New Hampshire,2015,Male,1e+05,76878.0277412599,0.231219722587401,23.1219722587401
New Hampshire,2015,Female,1e+05,85406.9194621334,0.145930805378666,14.5930805378666
New Hampshire,2016,Male,1e+05,76084.6872070945,0.239153127929055,23.9153127929055
New Hampshire,2016,Female,1e+05,85290.8393824568,0.147091606175432,14.7091606175432
New Hampshire,2017,Male,1e+05,76018.7363216138,0.239812636783862,23.9812636783862
New Hampshire,2017,Female,1e+05,85263.0303147476,0.147369696852525,14.7369696852525
New Hampshire,2018,Male,1e+05,76151.6860223306,0.238483139776694,23.8483139776694
New Hampshire,2018,Female,1e+05,85596.8531476411,0.144031468523589,14.4031468523589
New Hampshire,2019,Male,1e+05,76920.1281655351,0.230798718344649,23.0798718344649
New Hampshire,2019,Female,1e+05,86054.3652635274,0.139456347364726,13.9456347364726
New Hampshire,2020,Male,1e+05,75345.8785920865,0.246541214079135,24.6541214079135
New Hampshire,2020,Female,1e+05,85259.640569334,0.14740359430666,14.740359430666
New Hampshire,2021,Male,1e+05,73499.5659188511,0.265004340811489,26.5004340811489
New Hampshire,2021,Female,1e+05,83943.8364050512,0.160561635949488,16.0561635949488
New Hampshire,2022,Male,1e+05,73896.4266060861,0.26103573393914,26.103573393914
New Hampshire,2022,Female,1e+05,83529.6452164128,0.164703547835872,16.4703547835872
New Hampshire,2023,Male,1e+05,75670.1030022555,0.243298969977445,24.3298969977445
New Hampshire,2023,Female,1e+05,84765.3113055185,0.152346886944815,15.2346886944815
New Jersey,1990,Male,1e+05,65463.4431395361,0.345365568604639,34.5365568604639
New Jersey,1990,Female,1e+05,78402.823979488,0.21597176020512,21.597176020512
New Jersey,1991,Male,1e+05,65909.4423639166,0.340905576360834,34.0905576360834
New Jersey,1991,Female,1e+05,78782.43363291,0.2121756636709,21.21756636709
New Jersey,1992,Male,1e+05,66126.8172893706,0.338731827106294,33.8731827106294
New Jersey,1992,Female,1e+05,79142.231673856,0.208577683261441,20.8577683261441
New Jersey,1993,Male,1e+05,65973.7388634111,0.340262611365889,34.0262611365889
New Jersey,1993,Female,1e+05,79038.3672158753,0.209616327841247,20.9616327841247
New Jersey,1994,Male,1e+05,66358.2901498385,0.336417098501615,33.6417098501615
New Jersey,1994,Female,1e+05,79082.143672667,0.20917856327333,20.917856327333
New Jersey,1995,Male,1e+05,67101.4654715763,0.328985345284238,32.8985345284238
New Jersey,1995,Female,1e+05,79053.1220483686,0.209468779516314,20.9468779516314
New Jersey,1996,Male,1e+05,68540.8664432935,0.314591335567065,31.4591335567065
New Jersey,1996,Female,1e+05,79487.0193102089,0.205129806897911,20.5129806897911
New Jersey,1997,Male,1e+05,70115.3136049485,0.298846863950515,29.8846863950515
New Jersey,1997,Female,1e+05,80136.6919520657,0.198633080479343,19.8633080479343
New Jersey,1998,Male,1e+05,70879.7640379927,0.291202359620073,29.1202359620073
New Jersey,1998,Female,1e+05,80755.4286256574,0.192445713743426,19.2445713743426
New Jersey,1999,Male,1e+05,70709.8900159159,0.292901099840841,29.2901099840841
New Jersey,1999,Female,1e+05,80812.008075827,0.19187991924173,19.187991924173
New Jersey,2000,Male,1e+05,71015.7786191914,0.289842213808086,28.9842213808086
New Jersey,2000,Female,1e+05,80957.0417586765,0.190429582413235,19.0429582413235
New Jersey,2001,Male,1e+05,70957.3717170918,0.290426282829082,29.0426282829082
New Jersey,2001,Female,1e+05,81015.0521295188,0.189849478704812,18.9849478704812
New Jersey,2002,Male,1e+05,72157.1732097857,0.278428267902143,27.8428267902143
New Jersey,2002,Female,1e+05,81464.9842833476,0.185350157166524,18.5350157166524
New Jersey,2003,Male,1e+05,72865.7673997478,0.271342326002522,27.1342326002522
New Jersey,2003,Female,1e+05,81910.2455982556,0.180897544017444,18.0897544017444
New Jersey,2004,Male,1e+05,73800.4894394675,0.261995105605325,26.1995105605325
New Jersey,2004,Female,1e+05,82535.566605464,0.17464433394536,17.464433394536
New Jersey,2005,Male,1e+05,73859.6686000809,0.261403313999191,26.1403313999191
New Jersey,2005,Female,1e+05,82879.4984316019,0.171205015683981,17.1205015683981
New Jersey,2006,Male,1e+05,74279.5109611045,0.257204890388955,25.7204890388955
New Jersey,2006,Female,1e+05,83305.2409677222,0.166947590322779,16.6947590322779
New Jersey,2007,Male,1e+05,75239.8243290615,0.247601756709385,24.7601756709385
New Jersey,2007,Female,1e+05,83864.4433759748,0.161355566240252,16.1355566240252
New Jersey,2008,Male,1e+05,75797.940991067,0.24202059008933,24.202059008933
New Jersey,2008,Female,1e+05,84167.9831360218,0.158320168639782,15.8320168639782
New Jersey,2009,Male,1e+05,76420.5207282662,0.235794792717338,23.5794792717338
New Jersey,2009,Female,1e+05,84557.7121147734,0.154422878852266,15.4422878852266
New Jersey,2010,Male,1e+05,76603.7072987367,0.233962927012633,23.3962927012633
New Jersey,2010,Female,1e+05,84822.9989042893,0.151770010957107,15.1770010957107
New Jersey,2011,Male,1e+05,76762.5366582266,0.232374633417734,23.2374633417734
New Jersey,2011,Female,1e+05,84839.6074129144,0.151603925870857,15.1603925870857
New Jersey,2012,Male,1e+05,77003.2636787408,0.229967363212592,22.9967363212592
New Jersey,2012,Female,1e+05,85234.2502141892,0.147657497858108,14.7657497858108
New Jersey,2013,Male,1e+05,77240.1919022634,0.227598080977366,22.7598080977366
New Jersey,2013,Female,1e+05,85401.6671349347,0.145983328650653,14.5983328650653
New Jersey,2014,Male,1e+05,77476.495613889,0.22523504386111,22.523504386111
New Jersey,2014,Female,1e+05,85417.7030026438,0.145822969973562,14.5822969973562
New Jersey,2015,Male,1e+05,77358.5657107187,0.226414342892813,22.6414342892814
New Jersey,2015,Female,1e+05,85561.9625435824,0.144380374564176,14.4380374564176
New Jersey,2016,Male,1e+05,77046.2822758135,0.229537177241865,22.9537177241865
New Jersey,2016,Female,1e+05,85384.8022044297,0.146151977955703,14.6151977955703
New Jersey,2017,Male,1e+05,76943.4183951163,0.230565816048837,23.0565816048837
New Jersey,2017,Female,1e+05,85491.6613738421,0.145083386261579,14.5083386261579
New Jersey,2018,Male,1e+05,77078.1653894702,0.229218346105298,22.9218346105298
New Jersey,2018,Female,1e+05,85697.9219062862,0.143020780937138,14.3020780937138
New Jersey,2019,Male,1e+05,77137.1066423192,0.228628933576808,22.8628933576808
New Jersey,2019,Female,1e+05,85846.674061596,0.141533259384041,14.1533259384041
New Jersey,2020,Male,1e+05,71339.3515283799,0.286606484716201,28.6606484716201
New Jersey,2020,Female,1e+05,83281.0423850496,0.167189576149504,16.7189576149504
New Jersey,2021,Male,1e+05,73682.6055975799,0.263173944024201,26.3173944024201
New Jersey,2021,Female,1e+05,83984.7817183856,0.160152182816145,16.0152182816145
New Jersey,2022,Male,1e+05,76067.6629035284,0.239323370964716,23.9323370964716
New Jersey,2022,Female,1e+05,85120.5402239304,0.148794597760696,14.8794597760696
New Jersey,2023,Male,1e+05,78128.9375353793,0.218710624646207,21.8710624646207
New Jersey,2023,Female,1e+05,86430.6957491039,0.135693042508962,13.5693042508962
New Mexico,1990,Male,1e+05,66838.5129868832,0.331614870131168,33.1614870131168
New Mexico,1990,Female,1e+05,79849.5131214039,0.201504868785961,20.1504868785961
New Mexico,1991,Male,1e+05,66829.499425598,0.33170500574402,33.170500574402
New Mexico,1991,Female,1e+05,80094.1807670512,0.199058192329488,19.9058192329488
New Mexico,1992,Male,1e+05,67294.9392649034,0.327050607350966,32.7050607350966
New Mexico,1992,Female,1e+05,80347.1359635552,0.196528640364448,19.6528640364448
New Mexico,1993,Male,1e+05,67405.5996782865,0.325944003217135,32.5944003217135
New Mexico,1993,Female,1e+05,80046.6187961104,0.199533812038896,19.9533812038896
New Mexico,1994,Male,1e+05,67521.3486918118,0.324786513081882,32.4786513081882
New Mexico,1994,Female,1e+05,80021.8466803507,0.199781533196493,19.9781533196493
New Mexico,1995,Male,1e+05,67878.3543449975,0.321216456550025,32.1216456550025
New Mexico,1995,Female,1e+05,80145.3804152774,0.198546195847226,19.8546195847226
New Mexico,1996,Male,1e+05,68535.805891058,0.31464194108942,31.464194108942
New Mexico,1996,Female,1e+05,80628.4524011625,0.193715475988375,19.3715475988375
New Mexico,1997,Male,1e+05,69071.7792889027,0.309282207110973,30.9282207110973
New Mexico,1997,Female,1e+05,81003.5130246989,0.189964869753011,18.9964869753011
New Mexico,1998,Male,1e+05,69486.339769471,0.30513660230529,30.513660230529
New Mexico,1998,Female,1e+05,81402.906099228,0.18597093900772,18.597093900772
New Mexico,1999,Male,1e+05,69613.8048423342,0.303861951576659,30.3861951576659
New Mexico,1999,Female,1e+05,81348.8609936496,0.186511390063504,18.6511390063504
New Mexico,2000,Male,1e+05,69857.7603812698,0.301422396187302,30.1422396187302
New Mexico,2000,Female,1e+05,81652.0595054829,0.183479404945171,18.3479404945171
New Mexico,2001,Male,1e+05,69776.6324118305,0.302233675881695,30.2233675881695
New Mexico,2001,Female,1e+05,81778.656756481,0.18221343243519,18.221343243519
New Mexico,2002,Male,1e+05,69588.8673312252,0.304111326687748,30.4111326687748
New Mexico,2002,Female,1e+05,81841.5032805404,0.181584967194596,18.1584967194596
New Mexico,2003,Male,1e+05,69881.5605660177,0.301184394339823,30.1184394339823
New Mexico,2003,Female,1e+05,81813.3259584503,0.181866740415497,18.1866740415497
New Mexico,2004,Male,1e+05,70584.5609937346,0.294154390062654,29.4154390062654
New Mexico,2004,Female,1e+05,82130.264638682,0.178697353613181,17.8697353613181
New Mexico,2005,Male,1e+05,70444.615463927,0.29555384536073,29.555384536073
New Mexico,2005,Female,1e+05,81933.3317601979,0.180666682398021,18.0666682398021
New Mexico,2006,Male,1e+05,70472.6147325761,0.295273852674239,29.5273852674239
New Mexico,2006,Female,1e+05,81911.2356885801,0.180887643114199,18.0887643114199
New Mexico,2007,Male,1e+05,70490.1990732026,0.295098009267974,29.5098009267974
New Mexico,2007,Female,1e+05,82041.3331104465,0.179586668895535,17.9586668895535
New Mexico,2008,Male,1e+05,70731.0926761239,0.292689073238761,29.2689073238761
New Mexico,2008,Female,1e+05,82087.492452417,0.17912507547583,17.912507547583
New Mexico,2009,Male,1e+05,71220.9236236046,0.287790763763954,28.7790763763954
New Mexico,2009,Female,1e+05,82238.5577037287,0.177614422962713,17.7614422962713
New Mexico,2010,Male,1e+05,71651.9333999568,0.283480666000432,28.3480666000432
New Mexico,2010,Female,1e+05,82396.9366767637,0.176030633232363,17.6030633232363
New Mexico,2011,Male,1e+05,71491.8762547913,0.285081237452087,28.5081237452087
New Mexico,2011,Female,1e+05,82270.2764170477,0.177297235829523,17.7297235829523
New Mexico,2012,Male,1e+05,71354.0870660182,0.286459129339818,28.6459129339818
New Mexico,2012,Female,1e+05,82341.7918498867,0.176582081501133,17.6582081501133
New Mexico,2013,Male,1e+05,71089.2367583671,0.289107632416329,28.9107632416329
New Mexico,2013,Female,1e+05,82282.7506512871,0.177172493487129,17.7172493487129
New Mexico,2014,Male,1e+05,70841.2875593583,0.291587124406417,29.1587124406417
New Mexico,2014,Female,1e+05,82078.0114080978,0.179219885919022,17.9219885919022
New Mexico,2015,Male,1e+05,70373.7861132914,0.296262138867086,29.6262138867086
New Mexico,2015,Female,1e+05,81885.7466822788,0.181142533177212,18.1142533177212
New Mexico,2016,Male,1e+05,69762.6813990601,0.302373186009399,30.2373186009399
New Mexico,2016,Female,1e+05,81337.2907345252,0.186627092654748,18.6627092654748
New Mexico,2017,Male,1e+05,69518.5107505359,0.304814892494641,30.4814892494641
New Mexico,2017,Female,1e+05,81021.5152651301,0.189784847348699,18.9784847348699
New Mexico,2018,Male,1e+05,69262.0279828819,0.307379720171181,30.7379720171181
New Mexico,2018,Female,1e+05,80978.6198063037,0.190213801936963,19.0213801936963
New Mexico,2019,Male,1e+05,68859.4433606657,0.311405566393344,31.1405566393344
New Mexico,2019,Female,1e+05,80612.6435544274,0.193873564455726,19.3873564455726
New Mexico,2020,Male,1e+05,62554.2087277201,0.374457912722799,37.4457912722799
New Mexico,2020,Female,1e+05,76504.2915630966,0.234957084369034,23.4957084369034
New Mexico,2021,Male,1e+05,57516.5559737825,0.424834440262176,42.4834440262176
New Mexico,2021,Female,1e+05,73819.3369277851,0.26180663072215,26.180663072215
New Mexico,2022,Male,1e+05,61707.5787744627,0.382924212255373,38.2924212255373
New Mexico,2022,Female,1e+05,76580.5634893923,0.234194365106077,23.4194365106078
New Mexico,2023,Male,1e+05,63925.1629966328,0.360748370033672,36.0748370033672
New Mexico,2023,Female,1e+05,78777.5947263168,0.212224052736832,21.2224052736832
New York,1990,Male,1e+05,62561.3516267342,0.374386483732658,37.4386483732658
New York,1990,Female,1e+05,77795.3478338402,0.222046521661598,22.2046521661598
New York,1991,Male,1e+05,63206.7617223289,0.367932382776711,36.7932382776711
New York,1991,Female,1e+05,78024.2177102723,0.219757822897277,21.9757822897277
New York,1992,Male,1e+05,63692.4344574828,0.363075655425172,36.3075655425172
New York,1992,Female,1e+05,78256.6061435722,0.217433938564278,21.7433938564278
New York,1993,Male,1e+05,63561.2023646365,0.364387976353635,36.4387976353635
New York,1993,Female,1e+05,78190.4653229229,0.218095346770771,21.8095346770771
New York,1994,Male,1e+05,64036.2818014329,0.359637181985671,35.9637181985671
New York,1994,Female,1e+05,78450.4427616653,0.215495572383347,21.5495572383347
New York,1995,Male,1e+05,65126.8695502044,0.348731304497956,34.8731304497956
New York,1995,Female,1e+05,78704.5765524351,0.212954234475649,21.2954234475649
New York,1996,Male,1e+05,67069.696449022,0.32930303550978,32.9303035509781
New York,1996,Female,1e+05,79304.4976935313,0.206955023064687,20.6955023064687
New York,1997,Male,1e+05,69117.7382949933,0.308822617050067,30.8822617050067
New York,1997,Female,1e+05,80315.9974054289,0.196840025945711,19.6840025945711
New York,1998,Male,1e+05,70289.5122982063,0.297104877017937,29.7104877017937
New York,1998,Female,1e+05,80953.8797376101,0.190461202623899,19.0461202623899
New York,1999,Male,1e+05,70543.3723009509,0.294566276990491,29.4566276990491
New York,1999,Female,1e+05,80954.3180489192,0.190456819510808,19.0456819510808
New York,2000,Male,1e+05,71206.5319380475,0.287934680619525,28.7934680619525
New York,2000,Female,1e+05,81198.7261676325,0.188012738323675,18.8012738323675
New York,2001,Male,1e+05,70997.0432753821,0.290029567246179,29.0029567246179
New York,2001,Female,1e+05,81101.5456424222,0.188984543575778,18.8984543575778
New York,2002,Male,1e+05,71981.738270865,0.28018261729135,28.018261729135
New York,2002,Female,1e+05,81679.0971413223,0.183209028586777,18.3209028586777
New York,2003,Male,1e+05,72629.5291681889,0.273704708318111,27.3704708318111
New York,2003,Female,1e+05,82030.4474620263,0.179695525379737,17.9695525379737
New York,2004,Male,1e+05,73633.336204588,0.26366663795412,26.3666637954121
New York,2004,Female,1e+05,82628.4411928385,0.173715588071615,17.3715588071615
New York,2005,Male,1e+05,73981.8217649007,0.260181782350993,26.0181782350993
New York,2005,Female,1e+05,82991.4553802269,0.170085446197731,17.0085446197731
New York,2006,Male,1e+05,74408.6135172488,0.255913864827512,25.5913864827512
New York,2006,Female,1e+05,83549.9220130584,0.164500779869416,16.4500779869416
New York,2007,Male,1e+05,74936.7852482604,0.250632147517397,25.0632147517397
New York,2007,Female,1e+05,83920.1671882632,0.160798328117368,16.0798328117368
New York,2008,Male,1e+05,75345.3806555631,0.246546193444369,24.6546193444369
New York,2008,Female,1e+05,84103.1414817464,0.158968585182536,15.8968585182536
New York,2009,Male,1e+05,75804.8306125438,0.241951693874562,24.1951693874562
New York,2009,Female,1e+05,84407.503680675,0.15592496319325,15.592496319325
New York,2010,Male,1e+05,76436.6993294474,0.235633006705526,23.5633006705526
New York,2010,Female,1e+05,84845.4036754561,0.151545963245439,15.1545963245439
New York,2011,Male,1e+05,76639.8622440792,0.233601377559208,23.3601377559208
New York,2011,Female,1e+05,85014.2276474421,0.149857723525579,14.9857723525579
New York,2012,Male,1e+05,76981.8100038199,0.230181899961801,23.0181899961801
New York,2012,Female,1e+05,85294.5311286831,0.147054688713169,14.7054688713169
New York,2013,Male,1e+05,77219.4837286845,0.227805162713155,22.7805162713155
New York,2013,Female,1e+05,85415.3689529275,0.145846310470725,14.5846310470725
New York,2014,Male,1e+05,77507.3133094678,0.224926866905322,22.4926866905322
New York,2014,Female,1e+05,85642.8332659753,0.143571667340248,14.3571667340248
New York,2015,Male,1e+05,77518.9407505818,0.224810592494182,22.4810592494182
New York,2015,Female,1e+05,85747.6141133352,0.142523858866648,14.2523858866648
New York,2016,Male,1e+05,77316.6131138947,0.226833868861053,22.6833868861053
New York,2016,Female,1e+05,85694.0942574761,0.143059057425239,14.3059057425239
New York,2017,Male,1e+05,77689.0804646671,0.223109195353329,22.3109195353329
New York,2017,Female,1e+05,85896.9459329729,0.141030540670271,14.1030540670271
New York,2018,Male,1e+05,78007.1987274236,0.219928012725764,21.9928012725764
New York,2018,Female,1e+05,86189.7119617165,0.138102880382835,13.8102880382835
New York,2019,Male,1e+05,77855.18908481,0.2214481091519,22.14481091519
New York,2019,Female,1e+05,86253.3847270621,0.13746615272938,13.746615272938
New York,2020,Male,1e+05,71370.8733227197,0.286291266772803,28.6291266772803
New York,2020,Female,1e+05,83092.4418087986,0.169075581912014,16.9075581912014
New York,2021,Male,1e+05,73511.6224334569,0.264883775665431,26.4883775665431
New York,2021,Female,1e+05,83884.9317430999,0.161150682569001,16.1150682569001
New York,2022,Male,1e+05,75130.0321545258,0.248699678454743,24.8699678454743
New York,2022,Female,1e+05,84993.1269555896,0.150068730444104,15.0068730444104
New York,2023,Male,1e+05,76995.3258621275,0.230046741378726,23.0046741378726
New York,2023,Female,1e+05,86014.9622545458,0.139850377454542,13.9850377454542
North Carolina,1990,Male,1e+05,61333.3454037113,0.386666545962887,38.6666545962887
North Carolina,1990,Female,1e+05,77807.0034935442,0.221929965064558,22.1929965064558
North Carolina,1991,Male,1e+05,61823.3066597584,0.381766933402417,38.1766933402417
North Carolina,1991,Female,1e+05,78007.6560885276,0.219923439114724,21.9923439114724
North Carolina,1992,Male,1e+05,62147.0167065292,0.378529832934708,37.8529832934708
North Carolina,1992,Female,1e+05,78161.6098220197,0.218383901779804,21.8383901779804
North Carolina,1993,Male,1e+05,62035.9330751603,0.379640669248397,37.9640669248397
North Carolina,1993,Female,1e+05,77987.2649633376,0.220127350366624,22.0127350366624
North Carolina,1994,Male,1e+05,62479.0062775897,0.375209937224103,37.5209937224103
North Carolina,1994,Female,1e+05,78026.7886319052,0.219732113680948,21.9732113680948
North Carolina,1995,Male,1e+05,62925.7411977447,0.370742588022553,37.0742588022553
North Carolina,1995,Female,1e+05,77941.6101016527,0.220583898983474,22.0583898983474
North Carolina,1996,Male,1e+05,63495.1817815698,0.365048182184302,36.5048182184302
North Carolina,1996,Female,1e+05,77918.220551372,0.22081779448628,22.081779448628
North Carolina,1997,Male,1e+05,64771.0359428382,0.352289640571619,35.2289640571619
North Carolina,1997,Female,1e+05,78361.9622895911,0.216380377104089,21.6380377104089
North Carolina,1998,Male,1e+05,65427.4757945987,0.345725242054013,34.5725242054013
North Carolina,1998,Female,1e+05,78662.3752379418,0.213376247620582,21.3376247620582
North Carolina,1999,Male,1e+05,65841.2622958535,0.341587377041466,34.1587377041466
North Carolina,1999,Female,1e+05,78513.1483457808,0.214868516542192,21.4868516542192
North Carolina,2000,Male,1e+05,66206.2610146003,0.337937389853997,33.7937389853998
North Carolina,2000,Female,1e+05,78536.5501129555,0.214634498870445,21.4634498870445
North Carolina,2001,Male,1e+05,66949.3019409615,0.330506980590385,33.0506980590385
North Carolina,2001,Female,1e+05,78985.1859403876,0.210148140596124,21.0148140596124
North Carolina,2002,Male,1e+05,67486.2424844723,0.325137575155277,32.5137575155277
North Carolina,2002,Female,1e+05,79287.9779773152,0.207120220226848,20.7120220226848
North Carolina,2003,Male,1e+05,67994.3349225125,0.320056650774875,32.0056650774875
North Carolina,2003,Female,1e+05,79273.7166010306,0.207262833989694,20.7262833989694
North Carolina,2004,Male,1e+05,68802.5790171135,0.311974209828865,31.1974209828865
North Carolina,2004,Female,1e+05,79871.0154877515,0.201289845122485,20.1289845122485
North Carolina,2005,Male,1e+05,68939.1967333047,0.310608032666953,31.0608032666953
North Carolina,2005,Female,1e+05,79966.7855813975,0.200332144186025,20.0332144186025
North Carolina,2006,Male,1e+05,69216.2689869051,0.307837310130949,30.7837310130949
North Carolina,2006,Female,1e+05,80176.0969735294,0.198239030264706,19.8239030264706
North Carolina,2007,Male,1e+05,69839.5152523876,0.301604847476124,30.1604847476124
North Carolina,2007,Female,1e+05,80496.8421074694,0.195031578925307,19.5031578925307
North Carolina,2008,Male,1e+05,70344.9469731585,0.296550530268416,29.6550530268416
North Carolina,2008,Female,1e+05,80841.0563837972,0.191589436162029,19.1589436162029
North Carolina,2009,Male,1e+05,70899.0476176353,0.291009523823647,29.1009523823647
North Carolina,2009,Female,1e+05,81238.0719864766,0.187619280135234,18.7619280135234
North Carolina,2010,Male,1e+05,71341.5407778717,0.286584592221283,28.6584592221283
North Carolina,2010,Female,1e+05,81530.0575602655,0.184699424397345,18.4699424397345
North Carolina,2011,Male,1e+05,71474.8383691254,0.285251616308747,28.5251616308747
North Carolina,2011,Female,1e+05,81451.2085881632,0.185487914118368,18.5487914118368
North Carolina,2012,Male,1e+05,71660.5461849782,0.283394538150218,28.3394538150218
North Carolina,2012,Female,1e+05,81488.6345898261,0.185113654101739,18.5113654101739
North Carolina,2013,Male,1e+05,71774.0248744654,0.282259751255346,28.2259751255346
North Carolina,2013,Female,1e+05,81512.5122216757,0.184874877783243,18.4874877783243
North Carolina,2014,Male,1e+05,71659.5202731458,0.283404797268543,28.3404797268543
North Carolina,2014,Female,1e+05,81445.856721859,0.18554143278141,18.554143278141
North Carolina,2015,Male,1e+05,71395.0860663404,0.286049139336597,28.6049139336597
North Carolina,2015,Female,1e+05,81210.0349286574,0.187899650713426,18.7899650713426
North Carolina,2016,Male,1e+05,70936.8820816525,0.290631179183475,29.0631179183475
North Carolina,2016,Female,1e+05,80801.2976592475,0.191987023407525,19.1987023407525
North Carolina,2017,Male,1e+05,70825.6756160292,0.291743243839708,29.1743243839708
North Carolina,2017,Female,1e+05,80774.1186313555,0.192258813686445,19.2258813686445
North Carolina,2018,Male,1e+05,70738.3044932638,0.292616955067362,29.2616955067362
North Carolina,2018,Female,1e+05,81245.2008691771,0.187547991308229,18.7547991308229
North Carolina,2019,Male,1e+05,70844.3312329291,0.291556687670709,29.1556687670709
North Carolina,2019,Female,1e+05,81445.4517076416,0.185545482923585,18.5545482923585
North Carolina,2020,Male,1e+05,67361.2956916994,0.326387043083006,32.6387043083006
North Carolina,2020,Female,1e+05,79448.4785757683,0.205515214242317,20.5515214242317
North Carolina,2021,Male,1e+05,63819.2635332937,0.361807364667063,36.1807364667063
North Carolina,2021,Female,1e+05,76429.4121051676,0.235705878948324,23.5705878948324
North Carolina,2022,Male,1e+05,66436.3679101089,0.335636320898911,33.5636320898911
North Carolina,2022,Female,1e+05,78505.0581958324,0.214949418041676,21.4949418041676
North Carolina,2023,Male,1e+05,68376.4648539638,0.316235351460362,31.6235351460362
North Carolina,2023,Female,1e+05,79745.9148036008,0.202540851963993,20.2540851963993
North Dakota,1990,Male,1e+05,70035.2923570584,0.299647076429416,29.9647076429416
North Dakota,1990,Female,1e+05,82876.4958780289,0.171235041219711,17.1235041219711
North Dakota,1991,Male,1e+05,70284.7162002868,0.297152837997132,29.7152837997132
North Dakota,1991,Female,1e+05,82752.8048564226,0.172471951435775,17.2471951435775
North Dakota,1992,Male,1e+05,70499.2294969397,0.295007705030603,29.5007705030603
North Dakota,1992,Female,1e+05,82712.3369249243,0.172876630750757,17.2876630750757
North Dakota,1993,Male,1e+05,70452.1861668852,0.295478138331148,29.5478138331148
North Dakota,1993,Female,1e+05,82518.837154823,0.17481162845177,17.481162845177
North Dakota,1994,Male,1e+05,70684.4962923037,0.293155037076963,29.3155037076963
North Dakota,1994,Female,1e+05,82313.2991562669,0.176867008437331,17.6867008437331
North Dakota,1995,Male,1e+05,70710.343192187,0.29289656807813,29.289656807813
North Dakota,1995,Female,1e+05,82160.6517804239,0.178393482195762,17.8393482195762
North Dakota,1996,Male,1e+05,71240.0412091559,0.287599587908441,28.7599587908441
North Dakota,1996,Female,1e+05,82033.8027405542,0.179661972594458,17.9661972594458
North Dakota,1997,Male,1e+05,71562.9243291822,0.284370756708178,28.4370756708178
North Dakota,1997,Female,1e+05,82300.4255280049,0.176995744719951,17.6995744719951
North Dakota,1998,Male,1e+05,72078.6031938745,0.279213968061255,27.9213968061255
North Dakota,1998,Female,1e+05,82817.881703093,0.17182118296907,17.182118296907
North Dakota,1999,Male,1e+05,72217.0089106326,0.277829910893674,27.7829910893674
North Dakota,1999,Female,1e+05,82766.6754916726,0.172333245083274,17.2333245083274
North Dakota,2000,Male,1e+05,72763.0354493652,0.272369645506348,27.2369645506348
North Dakota,2000,Female,1e+05,82848.3366351532,0.171516633648468,17.1516633648468
North Dakota,2001,Male,1e+05,73112.1465568172,0.268878534431828,26.8878534431828
North Dakota,2001,Female,1e+05,83006.2337452326,0.169937662547674,16.9937662547674
North Dakota,2002,Male,1e+05,73553.9412797283,0.264460587202718,26.4460587202718
North Dakota,2002,Female,1e+05,83183.9486643397,0.168160513356603,16.8160513356603
North Dakota,2003,Male,1e+05,74250.2401280976,0.257497598719024,25.7497598719024
North Dakota,2003,Female,1e+05,83265.2804721573,0.167347195278427,16.7347195278427
North Dakota,2004,Male,1e+05,75194.3887977804,0.248056112022196,24.8056112022196
North Dakota,2004,Female,1e+05,83491.7391625318,0.165082608374683,16.5082608374683
North Dakota,2005,Male,1e+05,75559.086405331,0.24440913594669,24.440913594669
North Dakota,2005,Female,1e+05,83808.8549413878,0.161911450586123,16.1911450586123
North Dakota,2006,Male,1e+05,75450.4742101224,0.245495257898777,24.5495257898777
North Dakota,2006,Female,1e+05,83929.820866108,0.160701791338921,16.0701791338921
North Dakota,2007,Male,1e+05,75546.2474175343,0.244537525824657,24.4537525824657
North Dakota,2007,Female,1e+05,84237.2615431195,0.157627384568805,15.7627384568805
North Dakota,2008,Male,1e+05,75392.9738779829,0.246070261220171,24.6070261220171
North Dakota,2008,Female,1e+05,84366.2520964525,0.156337479035475,15.6337479035475
North Dakota,2009,Male,1e+05,75287.4241879082,0.247125758120918,24.7125758120918
North Dakota,2009,Female,1e+05,84569.0107573703,0.154309892426297,15.4309892426297
North Dakota,2010,Male,1e+05,75512.2843484709,0.244877156515291,24.4877156515291
North Dakota,2010,Female,1e+05,84664.056581269,0.15335943418731,15.335943418731
North Dakota,2011,Male,1e+05,75563.2847927768,0.244367152072232,24.4367152072232
North Dakota,2011,Female,1e+05,84553.3777454441,0.154466222545559,15.4466222545559
North Dakota,2012,Male,1e+05,75639.2546142695,0.243607453857305,24.3607453857305
North Dakota,2012,Female,1e+05,84363.5062823817,0.156364937176183,15.6364937176183
North Dakota,2013,Male,1e+05,75468.070718711,0.24531929281289,24.531929281289
North Dakota,2013,Female,1e+05,84083.6895623168,0.159163104376832,15.9163104376832
North Dakota,2014,Male,1e+05,75586.2291988686,0.244137708011314,24.4137708011314
North Dakota,2014,Female,1e+05,84034.9507147328,0.159650492852672,15.9650492852672
North Dakota,2015,Male,1e+05,75492.5912773975,0.245074087226025,24.5074087226025
North Dakota,2015,Female,1e+05,84154.0977242815,0.158459022757185,15.8459022757185
North Dakota,2016,Male,1e+05,75363.5258724497,0.246364741275503,24.6364741275503
North Dakota,2016,Female,1e+05,84163.8052892441,0.158361947107559,15.8361947107559
North Dakota,2017,Male,1e+05,75522.689392771,0.24477310607229,24.477310607229
North Dakota,2017,Female,1e+05,84142.9041764706,0.158570958235294,15.8570958235294
North Dakota,2018,Male,1e+05,75239.2529997122,0.247607470002878,24.7607470002878
North Dakota,2018,Female,1e+05,84190.1062569863,0.158098937430137,15.8098937430137
North Dakota,2019,Male,1e+05,75083.9064905152,0.249160935094849,24.9160935094849
North Dakota,2019,Female,1e+05,84258.169251474,0.15741830748526,15.741830748526
North Dakota,2020,Male,1e+05,71517.8395972937,0.284821604027063,28.4821604027063
North Dakota,2020,Female,1e+05,82177.7098768122,0.178222901231879,17.8222901231879
North Dakota,2021,Male,1e+05,70254.7133796667,0.297452866203333,29.7452866203333
North Dakota,2021,Female,1e+05,80683.3797694369,0.193166202305631,19.3166202305631
North Dakota,2022,Male,1e+05,71896.2658213306,0.281037341786694,28.1037341786694
North Dakota,2022,Female,1e+05,82114.6353676353,0.178853646323647,17.8853646323647
North Dakota,2023,Male,1e+05,73446.7440337494,0.265532559662506,26.5532559662506
North Dakota,2023,Female,1e+05,82813.8538432552,0.171861461567448,17.1861461567448
Ohio,1990,Male,1e+05,64769.4722849774,0.352305277150227,35.2305277150227
Ohio,1990,Female,1e+05,77852.9385561412,0.221470614438588,22.1470614438588
Ohio,1991,Male,1e+05,64906.0218273407,0.350939781726593,35.0939781726593
Ohio,1991,Female,1e+05,77990.5163105973,0.220094836894027,22.0094836894027
Ohio,1992,Male,1e+05,65410.770372969,0.34589229627031,34.589229627031
Ohio,1992,Female,1e+05,78404.335947841,0.21595664052159,21.595664052159
Ohio,1993,Male,1e+05,65331.1676105562,0.346688323894438,34.6688323894438
Ohio,1993,Female,1e+05,78212.9562381519,0.217870437618481,21.7870437618481
Ohio,1994,Male,1e+05,65539.674399016,0.34460325600984,34.460325600984
Ohio,1994,Female,1e+05,78021.8427520811,0.21978157247919,21.978157247919
Ohio,1995,Male,1e+05,65838.2090574136,0.341617909425864,34.1617909425864
Ohio,1995,Female,1e+05,77851.4620563227,0.221485379436773,22.1485379436773
Ohio,1996,Male,1e+05,66420.3702858341,0.335796297141659,33.5796297141659
Ohio,1996,Female,1e+05,78309.0333207539,0.216909666792461,21.6909666792461
Ohio,1997,Male,1e+05,67159.3130598545,0.328406869401455,32.8406869401455
Ohio,1997,Female,1e+05,78674.6964148472,0.213253035851528,21.3253035851528
Ohio,1998,Male,1e+05,67936.734397403,0.32063265602597,32.063265602597
Ohio,1998,Female,1e+05,78745.4866730585,0.212545133269415,21.2545133269415
Ohio,1999,Male,1e+05,68047.1868305086,0.319528131694914,31.9528131694914
Ohio,1999,Female,1e+05,78506.03069118,0.2149396930882,21.4939693088201
Ohio,2000,Male,1e+05,68341.4437418162,0.316585562581838,31.6585562581838
Ohio,2000,Female,1e+05,78752.1701072564,0.212478298927436,21.2478298927436
Ohio,2001,Male,1e+05,68547.9581250882,0.314520418749118,31.4520418749118
Ohio,2001,Female,1e+05,78883.2091463955,0.211167908536045,21.1167908536045
Ohio,2002,Male,1e+05,68629.5900709985,0.313704099290015,31.3704099290015
Ohio,2002,Female,1e+05,78872.0550263408,0.211279449736593,21.1279449736593
Ohio,2003,Male,1e+05,69042.6393186906,0.309573606813094,30.9573606813094
Ohio,2003,Female,1e+05,79026.697707441,0.20973302292559,20.973302292559
Ohio,2004,Male,1e+05,69686.2288846062,0.303137711153938,30.3137711153938
Ohio,2004,Female,1e+05,79600.633518288,0.20399366481712,20.399366481712
Ohio,2005,Male,1e+05,69510.8919342892,0.304891080657108,30.4891080657108
Ohio,2005,Female,1e+05,79729.3881970385,0.202706118029615,20.2706118029615
Ohio,2006,Male,1e+05,69889.4368445935,0.301105631554065,30.1105631554065
Ohio,2006,Female,1e+05,79938.0153330191,0.200619846669809,20.0619846669809
Ohio,2007,Male,1e+05,70210.0614977312,0.297899385022688,29.7899385022688
Ohio,2007,Female,1e+05,80285.5652574364,0.197144347425636,19.7144347425636
Ohio,2008,Male,1e+05,70172.490337919,0.29827509662081,29.827509662081
Ohio,2008,Female,1e+05,80184.4133299166,0.198155866700834,19.8155866700834
Ohio,2009,Male,1e+05,70692.5737332888,0.293074262667112,29.3074262667112
Ohio,2009,Female,1e+05,80428.0552739436,0.195719447260564,19.5719447260564
Ohio,2010,Male,1e+05,71127.4437362162,0.288725562637838,28.8725562637838
Ohio,2010,Female,1e+05,80652.4685587722,0.193475314412278,19.3475314412278
Ohio,2011,Male,1e+05,71107.1871430918,0.288928128569082,28.8928128569082
Ohio,2011,Female,1e+05,80418.1328246995,0.195818671753005,19.5818671753005
Ohio,2012,Male,1e+05,71207.660732878,0.28792339267122,28.792339267122
Ohio,2012,Female,1e+05,80469.508036677,0.19530491963323,19.530491963323
Ohio,2013,Male,1e+05,71190.4881289003,0.288095118710997,28.8095118710998
Ohio,2013,Female,1e+05,80497.998381577,0.19502001618423,19.502001618423
Ohio,2014,Male,1e+05,70825.7856701818,0.291742143298182,29.1742143298182
Ohio,2014,Female,1e+05,80441.8743546861,0.195581256453139,19.5581256453139
Ohio,2015,Male,1e+05,70328.6369317288,0.296713630682712,29.6713630682712
Ohio,2015,Female,1e+05,80013.4223572746,0.199865776427254,19.9865776427254
Ohio,2016,Male,1e+05,69430.8067194089,0.305691932805911,30.5691932805911
Ohio,2016,Female,1e+05,79645.8570743328,0.203541429256672,20.3541429256672
Ohio,2017,Male,1e+05,69009.7950737107,0.309902049262894,30.9902049262894
Ohio,2017,Female,1e+05,79386.0469989492,0.206139530010508,20.6139530010508
Ohio,2018,Male,1e+05,69469.3642741212,0.305306357258788,30.5306357258788
Ohio,2018,Female,1e+05,79733.8388413485,0.202661611586515,20.2661611586515
Ohio,2019,Male,1e+05,69822.235153816,0.30177764846184,30.177764846184
Ohio,2019,Female,1e+05,79969.8157201819,0.200301842798182,20.0301842798182
Ohio,2020,Male,1e+05,66297.5522488347,0.337024477511653,33.7024477511653
Ohio,2020,Female,1e+05,77907.0933530658,0.220929066469342,22.0929066469342
Ohio,2021,Male,1e+05,63348.872803836,0.36651127196164,36.651127196164
Ohio,2021,Female,1e+05,75498.8845174691,0.245011154825309,24.5011154825309
Ohio,2022,Male,1e+05,66457.8595262639,0.335421404737362,33.5421404737362
Ohio,2022,Female,1e+05,77673.553577656,0.22326446422344,22.326446422344
Ohio,2023,Male,1e+05,68953.8815769821,0.310461184230179,31.0461184230179
Ohio,2023,Female,1e+05,79838.6194547669,0.201613805452331,20.1613805452331
Oklahoma,1990,Male,1e+05,63699.6640440424,0.363003359559576,36.3003359559576
Oklahoma,1990,Female,1e+05,77560.0068240329,0.224399931759671,22.4399931759671
Oklahoma,1991,Male,1e+05,63738.3008370356,0.362616991629645,36.2616991629645
Oklahoma,1991,Female,1e+05,77453.5726879737,0.225464273120264,22.5464273120264
Oklahoma,1992,Male,1e+05,63776.8308140491,0.36223169185951,36.223169185951
Oklahoma,1992,Female,1e+05,77512.4067919827,0.224875932080173,22.4875932080173
Oklahoma,1993,Male,1e+05,62968.7207869557,0.370312792130443,37.0312792130443
Oklahoma,1993,Female,1e+05,77108.235828315,0.22891764171685,22.891764171685
Oklahoma,1994,Male,1e+05,63178.2576874129,0.368217423125871,36.8217423125871
Oklahoma,1994,Female,1e+05,77323.1943548143,0.226768056451857,22.6768056451857
Oklahoma,1995,Male,1e+05,63138.088091519,0.36861911908481,36.861911908481
Oklahoma,1995,Female,1e+05,77072.8009695325,0.229271990304675,22.9271990304675
Oklahoma,1996,Male,1e+05,63945.2342215718,0.360547657784282,36.0547657784282
Oklahoma,1996,Female,1e+05,77209.7605695487,0.227902394304513,22.7902394304513
Oklahoma,1997,Male,1e+05,64371.3786655705,0.356286213344296,35.6286213344296
Oklahoma,1997,Female,1e+05,77146.4971277698,0.228535028722302,22.8535028722302
Oklahoma,1998,Male,1e+05,65059.5289816348,0.349404710183652,34.9404710183652
Oklahoma,1998,Female,1e+05,77206.4622523835,0.227935377476165,22.7935377476165
Oklahoma,1999,Male,1e+05,65363.137123146,0.34636862876854,34.636862876854
Oklahoma,1999,Female,1e+05,76970.9083404732,0.230290916595268,23.0290916595268
Oklahoma,2000,Male,1e+05,65554.2479014484,0.344457520985516,34.4457520985516
Oklahoma,2000,Female,1e+05,76741.0509073369,0.232589490926631,23.2589490926631
Oklahoma,2001,Male,1e+05,65791.9879667137,0.342080120332863,34.2080120332863
Oklahoma,2001,Female,1e+05,76737.9536241478,0.232620463758522,23.2620463758522
Oklahoma,2002,Male,1e+05,65442.7427117069,0.345572572882931,34.5572572882931
Oklahoma,2002,Female,1e+05,76506.6926779406,0.234933073220594,23.4933073220594
Oklahoma,2003,Male,1e+05,65565.0704032555,0.344349295967445,34.4349295967445
Oklahoma,2003,Female,1e+05,76511.2601141447,0.234887398858553,23.4887398858553
Oklahoma,2004,Male,1e+05,65989.706708395,0.34010293291605,34.010293291605
Oklahoma,2004,Female,1e+05,76932.9841020117,0.230670158979883,23.0670158979883
Oklahoma,2005,Male,1e+05,65513.546589039,0.34486453410961,34.486453410961
Oklahoma,2005,Female,1e+05,76773.5558944013,0.232264441055987,23.2264441055987
Oklahoma,2006,Male,1e+05,65670.9301468679,0.343290698531321,34.3290698531321
Oklahoma,2006,Female,1e+05,76781.7140190688,0.232182859809312,23.2182859809312
Oklahoma,2007,Male,1e+05,65956.9076676412,0.340430923323588,34.0430923323588
Oklahoma,2007,Female,1e+05,76669.1869586921,0.233308130413079,23.3308130413079
Oklahoma,2008,Male,1e+05,65659.1670680719,0.343408329319281,34.3408329319281
Oklahoma,2008,Female,1e+05,76356.2172320782,0.236437827679218,23.6437827679218
Oklahoma,2009,Male,1e+05,65869.4997531134,0.341305002468867,34.1305002468867
Oklahoma,2009,Female,1e+05,76646.747246949,0.23353252753051,23.353252753051
Oklahoma,2010,Male,1e+05,66263.3328210487,0.337366671789513,33.7366671789513
Oklahoma,2010,Female,1e+05,76804.4864442559,0.231955135557442,23.1955135557442
Oklahoma,2011,Male,1e+05,66253.1255242548,0.337468744757452,33.7468744757452
Oklahoma,2011,Female,1e+05,76491.696067247,0.23508303932753,23.508303932753
Oklahoma,2012,Male,1e+05,66476.7733590073,0.335232266409928,33.5232266409928
Oklahoma,2012,Female,1e+05,76447.8256102525,0.235521743897476,23.5521743897476
Oklahoma,2013,Male,1e+05,66033.4169684188,0.339665830315812,33.9665830315812
Oklahoma,2013,Female,1e+05,76169.0726079463,0.238309273920537,23.8309273920537
Oklahoma,2014,Male,1e+05,65868.1326916645,0.341318673083355,34.1318673083355
Oklahoma,2014,Female,1e+05,76239.2105057832,0.237607894942168,23.7607894942168
Oklahoma,2015,Male,1e+05,65755.7995848473,0.342442004151527,34.2442004151527
Oklahoma,2015,Female,1e+05,76218.7090826459,0.237812909173541,23.7812909173541
Oklahoma,2016,Male,1e+05,65973.7393523032,0.340262606476968,34.0262606476968
Oklahoma,2016,Female,1e+05,76164.5944525524,0.238354055474476,23.8354055474476
Oklahoma,2017,Male,1e+05,65995.215562477,0.34004784437523,34.004784437523
Oklahoma,2017,Female,1e+05,76089.2632605994,0.239107367394007,23.9107367394007
Oklahoma,2018,Male,1e+05,66007.854407935,0.33992145592065,33.992145592065
Oklahoma,2018,Female,1e+05,76513.3255383362,0.234866744616638,23.4866744616638
Oklahoma,2019,Male,1e+05,66397.4823549854,0.336025176450146,33.6025176450146
Oklahoma,2019,Female,1e+05,77145.2242870881,0.228547757129119,22.8547757129119
Oklahoma,2020,Male,1e+05,62076.8423320911,0.379231576679089,37.9231576679089
Oklahoma,2020,Female,1e+05,74208.0473587981,0.257919526412019,25.7919526412019
Oklahoma,2021,Male,1e+05,57841.7123373737,0.421582876626263,42.1582876626263
Oklahoma,2021,Female,1e+05,70853.7286157774,0.291462713842226,29.1462713842226
Oklahoma,2022,Male,1e+05,61486.7366461123,0.385132633538877,38.5132633538877
Oklahoma,2022,Female,1e+05,73058.2756565,0.269417243435,26.9417243435
Oklahoma,2023,Male,1e+05,64382.4806904978,0.356175193095022,35.6175193095022
Oklahoma,2023,Female,1e+05,75567.176289062,0.24432823710938,24.432823710938
Oregon,1990,Male,1e+05,67789.8595094791,0.322101404905209,32.2101404905209
Oregon,1990,Female,1e+05,80309.0872706327,0.196909127293674,19.6909127293674
Oregon,1991,Male,1e+05,68296.5945072548,0.317034054927452,31.7034054927452
Oregon,1991,Female,1e+05,80260.0809645164,0.197399190354836,19.7399190354836
Oregon,1992,Male,1e+05,68797.2342962172,0.312027657037828,31.2027657037828
Oregon,1992,Female,1e+05,80083.9447908357,0.199160552091643,19.9160552091643
Oregon,1993,Male,1e+05,68357.8397412208,0.316421602587792,31.6421602587792
Oregon,1993,Female,1e+05,79570.5722051604,0.204294277948396,20.4294277948396
Oregon,1994,Male,1e+05,68588.7018870343,0.314112981129657,31.4112981129657
Oregon,1994,Female,1e+05,79579.8440589948,0.204201559410052,20.4201559410052
Oregon,1995,Male,1e+05,68874.5539577381,0.31125446042262,31.125446042262
Oregon,1995,Female,1e+05,79686.8497581375,0.203131502418625,20.3131502418625
Oregon,1996,Male,1e+05,69257.9549180555,0.307420450819445,30.7420450819446
Oregon,1996,Female,1e+05,79916.1139013272,0.200838860986728,20.0838860986728
Oregon,1997,Male,1e+05,70343.9374575842,0.296560625424159,29.6560625424159
Oregon,1997,Female,1e+05,80361.4058531656,0.196385941468344,19.6385941468344
Oregon,1998,Male,1e+05,71034.4266306185,0.289655733693815,28.9655733693815
Oregon,1998,Female,1e+05,80657.4558028866,0.193425441971134,19.3425441971134
Oregon,1999,Male,1e+05,71660.3690237077,0.283396309762923,28.3396309762923
Oregon,1999,Female,1e+05,80770.2242856866,0.192297757143134,19.2297757143134
Oregon,2000,Male,1e+05,72484.8874747366,0.275151125252634,27.5151125252634
Oregon,2000,Female,1e+05,81003.3854969566,0.189966145030434,18.9966145030434
Oregon,2001,Male,1e+05,72775.2042147581,0.272247957852419,27.2247957852419
Oregon,2001,Female,1e+05,80883.9944733382,0.191160055266618,19.1160055266618
Oregon,2002,Male,1e+05,72561.493728454,0.27438506271546,27.438506271546
Oregon,2002,Female,1e+05,81016.9347429841,0.189830652570159,18.9830652570159
Oregon,2003,Male,1e+05,72751.4286995995,0.272485713004006,27.2485713004006
Oregon,2003,Female,1e+05,81342.6781912046,0.186573218087954,18.6573218087954
Oregon,2004,Male,1e+05,73764.3627083696,0.262356372916304,26.2356372916304
Oregon,2004,Female,1e+05,81877.1259916974,0.181228740083026,18.1228740083027
Oregon,2005,Male,1e+05,74020.5426074423,0.259794573925578,25.9794573925578
Oregon,2005,Female,1e+05,82125.1205559186,0.178748794440814,17.8748794440814
Oregon,2006,Male,1e+05,74316.5949164593,0.256834050835407,25.6834050835407
Oregon,2006,Female,1e+05,82489.0564830387,0.175109435169613,17.5109435169613
Oregon,2007,Male,1e+05,74398.6960287756,0.256013039712244,25.6013039712244
Oregon,2007,Female,1e+05,82918.9410114468,0.170810589885532,17.0810589885532
Oregon,2008,Male,1e+05,74453.7550213287,0.255462449786713,25.5462449786713
Oregon,2008,Female,1e+05,83187.3015131984,0.168126984868016,16.8126984868016
Oregon,2009,Male,1e+05,74906.6899863536,0.250933100136464,25.0933100136464
Oregon,2009,Female,1e+05,83382.1597860198,0.166178402139802,16.6178402139802
Oregon,2010,Male,1e+05,75411.9104180247,0.245880895819753,24.5880895819753
Oregon,2010,Female,1e+05,83737.6413337394,0.162623586662606,16.2623586662606
Oregon,2011,Male,1e+05,75502.838181955,0.24497161818045,24.497161818045
Oregon,2011,Female,1e+05,83741.2753204267,0.162587246795733,16.2587246795733
Oregon,2012,Male,1e+05,75618.8028455892,0.243811971544108,24.3811971544108
Oregon,2012,Female,1e+05,84059.1326005814,0.159408673994186,15.9408673994186
Oregon,2013,Male,1e+05,75480.7731283158,0.245192268716842,24.5192268716842
Oregon,2013,Female,1e+05,83976.2629289326,0.160237370710674,16.0237370710674
Oregon,2014,Male,1e+05,75500.5111849209,0.244994888150791,24.4994888150791
Oregon,2014,Female,1e+05,83870.8036454844,0.161291963545157,16.1291963545157
Oregon,2015,Male,1e+05,75343.1533261887,0.246568466738113,24.6568466738113
Oregon,2015,Female,1e+05,83786.1075617428,0.162138924382572,16.2138924382572
Oregon,2016,Male,1e+05,75316.3120194992,0.246836879805008,24.6836879805008
Oregon,2016,Female,1e+05,83880.3101340116,0.161196898659885,16.1196898659885
Oregon,2017,Male,1e+05,75463.4794709323,0.245365205290677,24.5365205290677
Oregon,2017,Female,1e+05,84061.1515247509,0.159388484752491,15.9388484752491
Oregon,2018,Male,1e+05,75751.9276962963,0.242480723037037,24.2480723037038
Oregon,2018,Female,1e+05,84466.5043505496,0.155334956494504,15.5334956494504
Oregon,2019,Male,1e+05,75729.3354619088,0.242706645380912,24.2706645380912
Oregon,2019,Female,1e+05,84502.4560864916,0.154975439135084,15.4975439135084
Oregon,2020,Male,1e+05,73551.8087407298,0.264481912592702,26.4481912592702
Oregon,2020,Female,1e+05,83274.7771291688,0.167252228708312,16.7252228708312
Oregon,2021,Male,1e+05,69793.4100677817,0.302065899322183,30.2065899322183
Oregon,2021,Female,1e+05,80844.9047247915,0.191550952752085,19.1550952752085
Oregon,2022,Male,1e+05,70895.3463325703,0.291046536674297,29.1046536674297
Oregon,2022,Female,1e+05,81843.2796779957,0.181567203220043,18.1567203220043
Oregon,2023,Male,1e+05,72060.3304836673,0.279396695163327,27.9396695163327
Oregon,2023,Female,1e+05,82910.2878194113,0.170897121805887,17.0897121805887
Pennsylvania,1990,Male,1e+05,64765.5175397866,0.352344824602134,35.2344824602134
Pennsylvania,1990,Female,1e+05,78615.5316360804,0.213844683639197,21.3844683639197
Pennsylvania,1991,Male,1e+05,65149.2464511305,0.348507535488695,34.8507535488695
Pennsylvania,1991,Female,1e+05,78732.5023623686,0.212674976376314,21.2674976376314
Pennsylvania,1992,Male,1e+05,65475.3278446885,0.345246721553115,34.5246721553115
Pennsylvania,1992,Female,1e+05,78928.4583628416,0.210715416371584,21.0715416371584
Pennsylvania,1993,Male,1e+05,65193.0364189948,0.348069635810052,34.8069635810052
Pennsylvania,1993,Female,1e+05,78799.4729996282,0.212005270003718,21.2005270003718
Pennsylvania,1994,Male,1e+05,65317.2827288617,0.346827172711383,34.6827172711383
Pennsylvania,1994,Female,1e+05,78989.8349776572,0.210101650223428,21.0101650223428
Pennsylvania,1995,Male,1e+05,65704.2579900003,0.342957420099997,34.2957420099997
Pennsylvania,1995,Female,1e+05,79203.9584950107,0.207960415049893,20.7960415049893
Pennsylvania,1996,Male,1e+05,66318.0205825016,0.336819794174984,33.6819794174984
Pennsylvania,1996,Female,1e+05,79323.5173011823,0.206764826988177,20.6764826988177
Pennsylvania,1997,Male,1e+05,67572.3937872948,0.324276062127053,32.4276062127053
Pennsylvania,1997,Female,1e+05,79571.7242914226,0.204282757085774,20.4282757085774
Pennsylvania,1998,Male,1e+05,68564.0262406343,0.314359737593657,31.4359737593657
Pennsylvania,1998,Female,1e+05,80055.72604063,0.1994427395937,19.94427395937
Pennsylvania,1999,Male,1e+05,68672.5174328421,0.313274825671579,31.3274825671579
Pennsylvania,1999,Female,1e+05,79835.9309505721,0.201640690494279,20.1640690494279
Pennsylvania,2000,Male,1e+05,69121.8690734842,0.308781309265158,30.8781309265158
Pennsylvania,2000,Female,1e+05,79868.4458953785,0.201315541046215,20.1315541046215
Pennsylvania,2001,Male,1e+05,69458.5780600967,0.305414219399033,30.5414219399033
Pennsylvania,2001,Female,1e+05,79924.4850704053,0.200755149295947,20.0755149295947
Pennsylvania,2002,Male,1e+05,69640.6344221258,0.303593655778742,30.3593655778742
Pennsylvania,2002,Female,1e+05,80188.9945977615,0.198110054022385,19.8110054022385
Pennsylvania,2003,Male,1e+05,69776.095183367,0.30223904816633,30.223904816633
Pennsylvania,2003,Female,1e+05,80590.1781893014,0.194098218106986,19.4098218106986
Pennsylvania,2004,Male,1e+05,70495.8216649189,0.295041783350811,29.5041783350811
Pennsylvania,2004,Female,1e+05,81059.287582798,0.18940712417202,18.940712417202
Pennsylvania,2005,Male,1e+05,70631.6518009473,0.293683481990527,29.3683481990527
Pennsylvania,2005,Female,1e+05,81082.9294902309,0.189170705097691,18.9170705097691
Pennsylvania,2006,Male,1e+05,71099.2660044903,0.289007339955097,28.9007339955097
Pennsylvania,2006,Female,1e+05,81495.1945493321,0.185048054506679,18.5048054506679
Pennsylvania,2007,Male,1e+05,71710.9727357772,0.282890272642228,28.2890272642228
Pennsylvania,2007,Female,1e+05,81969.3911391257,0.180306088608743,18.0306088608743
Pennsylvania,2008,Male,1e+05,72047.5351674139,0.279524648325861,27.9524648325861
Pennsylvania,2008,Female,1e+05,82043.5964142651,0.179564035857349,17.9564035857349
Pennsylvania,2009,Male,1e+05,72457.478108153,0.27542521891847,27.542521891847
Pennsylvania,2009,Female,1e+05,82298.4125868771,0.177015874131229,17.7015874131229
Pennsylvania,2010,Male,1e+05,72814.5101860934,0.271854898139066,27.1854898139066
Pennsylvania,2010,Female,1e+05,82604.098211486,0.17395901788514,17.395901788514
Pennsylvania,2011,Male,1e+05,72897.4484892569,0.271025515107431,27.1025515107431
Pennsylvania,2011,Female,1e+05,82432.1271594156,0.175678728405844,17.5678728405844
Pennsylvania,2012,Male,1e+05,73293.2640924312,0.267067359075688,26.7067359075688
Pennsylvania,2012,Female,1e+05,82775.0141920606,0.172249858079394,17.2249858079394
Pennsylvania,2013,Male,1e+05,73456.2161491319,0.265437838508681,26.5437838508681
Pennsylvania,2013,Female,1e+05,82899.4260344603,0.171005739655397,17.1005739655397
Pennsylvania,2014,Male,1e+05,73352.2715442316,0.266477284557684,26.6477284557684
Pennsylvania,2014,Female,1e+05,82848.6845039687,0.171513154960313,17.1513154960313
Pennsylvania,2015,Male,1e+05,72897.862382446,0.27102137617554,27.102137617554
Pennsylvania,2015,Female,1e+05,82564.5637321186,0.174354362678814,17.4354362678814
Pennsylvania,2016,Male,1e+05,72329.6244414586,0.276703755585414,27.6703755585414
Pennsylvania,2016,Female,1e+05,82323.3174478362,0.176766825521638,17.6766825521638
Pennsylvania,2017,Male,1e+05,72290.4158693676,0.277095841306325,27.7095841306325
Pennsylvania,2017,Female,1e+05,82372.6608733064,0.176273391266936,17.6273391266936
Pennsylvania,2018,Male,1e+05,72897.1031734624,0.271028968265377,27.1028968265377
Pennsylvania,2018,Female,1e+05,82811.7490556038,0.171882509443962,17.1882509443962
Pennsylvania,2019,Male,1e+05,73363.3657500971,0.26636634249903,26.636634249903
Pennsylvania,2019,Female,1e+05,83047.1885637898,0.169528114362102,16.9528114362102
Pennsylvania,2020,Male,1e+05,69957.0497669272,0.300429502330728,30.0429502330728
Pennsylvania,2020,Female,1e+05,81160.0767671443,0.188399232328557,18.8399232328557
Pennsylvania,2021,Male,1e+05,67815.7581442794,0.321842418557207,32.1842418557207
Pennsylvania,2021,Female,1e+05,79462.7703161793,0.205372296838207,20.5372296838207
Pennsylvania,2022,Male,1e+05,70711.1451236985,0.292888548763015,29.2888548763015
Pennsylvania,2022,Female,1e+05,80769.2938051736,0.192307061948264,19.2307061948264
Pennsylvania,2023,Male,1e+05,72738.8424091678,0.272611575908322,27.2611575908322
Pennsylvania,2023,Female,1e+05,82594.7542018967,0.174052457981033,17.4052457981033
Rhode Island,1990,Male,1e+05,66894.7474923255,0.331052525076745,33.1052525076745
Rhode Island,1990,Female,1e+05,80411.1830096325,0.195888169903675,19.5888169903675
Rhode Island,1991,Male,1e+05,67699.3813194681,0.323006186805319,32.3006186805319
Rhode Island,1991,Female,1e+05,80691.6664376243,0.193083335623757,19.3083335623757
Rhode Island,1992,Male,1e+05,68290.7273631923,0.317092726368077,31.7092726368077
Rhode Island,1992,Female,1e+05,80832.998332931,0.19167001667069,19.167001667069
Rhode Island,1993,Male,1e+05,68334.5847999431,0.316654152000569,31.6654152000569
Rhode Island,1993,Female,1e+05,80835.9323380727,0.191640676619273,19.1640676619273
Rhode Island,1994,Male,1e+05,69079.7883657673,0.309202116342327,30.9202116342327
Rhode Island,1994,Female,1e+05,81265.7466829169,0.187342533170831,18.7342533170831
Rhode Island,1995,Male,1e+05,69449.230728436,0.30550769271564,30.550769271564
Rhode Island,1995,Female,1e+05,81193.3055882433,0.188066944117568,18.8066944117568
Rhode Island,1996,Male,1e+05,70288.48772886,0.2971151227114,29.71151227114
Rhode Island,1996,Female,1e+05,81123.2081809697,0.188767918190303,18.8767918190303
Rhode Island,1997,Male,1e+05,70764.1611035778,0.292358388964222,29.2358388964222
Rhode Island,1997,Female,1e+05,81120.085950609,0.18879914049391,18.879914049391
Rhode Island,1998,Male,1e+05,71558.6649113945,0.284413350886055,28.4413350886055
Rhode Island,1998,Female,1e+05,81420.8737431559,0.185791262568441,18.5791262568441
Rhode Island,1999,Male,1e+05,71922.4988611563,0.280775011388437,28.0775011388437
Rhode Island,1999,Female,1e+05,81401.3430152265,0.185986569847735,18.5986569847735
Rhode Island,2000,Male,1e+05,72271.9374070535,0.277280625929465,27.7280625929465
Rhode Island,2000,Female,1e+05,81299.8739932595,0.187001260067405,18.7001260067405
Rhode Island,2001,Male,1e+05,72171.8271783015,0.278281728216985,27.8281728216985
Rhode Island,2001,Female,1e+05,81371.6007833224,0.186283992166777,18.6283992166777
Rhode Island,2002,Male,1e+05,72073.8114269362,0.279261885730638,27.9261885730638
Rhode Island,2002,Female,1e+05,81680.5695252053,0.183194304747947,18.3194304747947
Rhode Island,2003,Male,1e+05,72074.2274706766,0.279257725293234,27.9257725293234
Rhode Island,2003,Female,1e+05,81768.7773807523,0.182312226192477,18.2312226192477
Rhode Island,2004,Male,1e+05,73088.023987056,0.26911976012944,26.911976012944
Rhode Island,2004,Female,1e+05,82613.0745598096,0.173869254401904,17.3869254401904
Rhode Island,2005,Male,1e+05,73436.9559004366,0.265630440995634,26.5630440995634
Rhode Island,2005,Female,1e+05,82783.0952648773,0.172169047351227,17.2169047351227
Rhode Island,2006,Male,1e+05,73979.3843471732,0.260206156528268,26.0206156528268
Rhode Island,2006,Female,1e+05,83281.1921627491,0.167188078372509,16.7188078372509
Rhode Island,2007,Male,1e+05,74238.9568422133,0.257610431577867,25.7610431577867
Rhode Island,2007,Female,1e+05,83555.5668388082,0.164444331611918,16.4444331611918
Rhode Island,2008,Male,1e+05,74504.6106214463,0.254953893785537,25.4953893785537
Rhode Island,2008,Female,1e+05,83823.400961219,0.16176599038781,16.176599038781
Rhode Island,2009,Male,1e+05,75081.9002352915,0.249180997647085,24.9180997647085
Rhode Island,2009,Female,1e+05,84155.2738687242,0.158447261312758,15.8447261312758
Rhode Island,2010,Male,1e+05,75520.0333198692,0.244799666801308,24.4799666801308
Rhode Island,2010,Female,1e+05,84494.8177227996,0.155051822772004,15.5051822772004
Rhode Island,2011,Male,1e+05,75545.7078134763,0.244542921865237,24.4542921865237
Rhode Island,2011,Female,1e+05,84656.4712700512,0.153435287299488,15.3435287299488
Rhode Island,2012,Male,1e+05,75336.3492263401,0.246636507736599,24.6636507736599
Rhode Island,2012,Female,1e+05,84952.6939594499,0.150473060405501,15.0473060405501
Rhode Island,2013,Male,1e+05,75599.3939830302,0.244006060169698,24.4006060169698
Rhode Island,2013,Female,1e+05,84871.7143018591,0.151282856981409,15.1282856981409
Rhode Island,2014,Male,1e+05,75854.9623900865,0.241450376099135,24.1450376099135
Rhode Island,2014,Female,1e+05,84797.5987068809,0.152024012931191,15.2024012931191
Rhode Island,2015,Male,1e+05,76025.0000725854,0.239749999274146,23.9749999274146
Rhode Island,2015,Female,1e+05,84783.1805068481,0.152168194931519,15.2168194931519
Rhode Island,2016,Male,1e+05,76191.3099217551,0.23808690078245,23.808690078245
Rhode Island,2016,Female,1e+05,84829.9884123356,0.151700115876644,15.1700115876644
Rhode Island,2017,Male,1e+05,76351.8751662452,0.236481248337548,23.6481248337548
Rhode Island,2017,Female,1e+05,85020.7518077941,0.149792481922059,14.9792481922059
Rhode Island,2018,Male,1e+05,76344.3319781998,0.236556680218002,23.6556680218002
Rhode Island,2018,Female,1e+05,85400.257016925,0.14599742983075,14.599742983075
Rhode Island,2019,Male,1e+05,76411.4474432444,0.235885525567556,23.5885525567556
Rhode Island,2019,Female,1e+05,85731.0491981846,0.142689508018154,14.2689508018154
Rhode Island,2020,Male,1e+05,73756.2926743289,0.262437073256712,26.2437073256712
Rhode Island,2020,Female,1e+05,84293.5662277758,0.157064337722242,15.7064337722242
Rhode Island,2021,Male,1e+05,73411.2892419383,0.265887107580617,26.5887107580617
Rhode Island,2021,Female,1e+05,83314.2648887758,0.166857351112242,16.6857351112242
Rhode Island,2022,Male,1e+05,74953.2319700483,0.250467680299518,25.0467680299518
Rhode Island,2022,Female,1e+05,83925.5996612277,0.160744003387723,16.0744003387723
Rhode Island,2023,Male,1e+05,75989.8338879055,0.240101661120945,24.0101661120945
Rhode Island,2023,Female,1e+05,84841.4427122454,0.151585572877546,15.1585572877546
South Carolina,1990,Male,1e+05,58893.9562135687,0.411060437864313,41.1060437864313
South Carolina,1990,Female,1e+05,75766.982635999,0.24233017364001,24.233017364001
South Carolina,1991,Male,1e+05,59235.890759312,0.40764109240688,40.764109240688
South Carolina,1991,Female,1e+05,76129.1804026962,0.238708195973038,23.8708195973038
South Carolina,1992,Male,1e+05,59875.024274237,0.40124975725763,40.124975725763
South Carolina,1992,Female,1e+05,76395.1218219391,0.236048781780609,23.6048781780609
South Carolina,1993,Male,1e+05,59891.7236941949,0.401082763058051,40.1082763058051
South Carolina,1993,Female,1e+05,76218.7931650061,0.237812068349939,23.7812068349939
South Carolina,1994,Male,1e+05,60381.9685682844,0.396180314317156,39.6180314317156
South Carolina,1994,Female,1e+05,76335.4428553847,0.236645571446153,23.6645571446153
South Carolina,1995,Male,1e+05,60469.7132900801,0.395302867099199,39.5302867099199
South Carolina,1995,Female,1e+05,76258.3832192647,0.237416167807353,23.7416167807353
South Carolina,1996,Male,1e+05,61237.2199999913,0.387627800000087,38.7627800000088
South Carolina,1996,Female,1e+05,76088.3205813657,0.239116794186343,23.9116794186343
South Carolina,1997,Male,1e+05,62162.4316193293,0.378375683806707,37.8375683806707
South Carolina,1997,Female,1e+05,76392.1844875496,0.236078155124504,23.6078155124504
South Carolina,1998,Male,1e+05,62684.556770205,0.373154432297951,37.3154432297951
South Carolina,1998,Female,1e+05,76494.2754591372,0.235057245408628,23.5057245408628
South Carolina,1999,Male,1e+05,62627.6869248859,0.373723130751141,37.3723130751141
South Carolina,1999,Female,1e+05,76568.9969498544,0.234310030501456,23.4310030501456
South Carolina,2000,Male,1e+05,63066.3678489244,0.369336321510756,36.9336321510756
South Carolina,2000,Female,1e+05,76985.5946244005,0.230144053755995,23.0144053755995
South Carolina,2001,Male,1e+05,63802.4026975139,0.361975973024861,36.1975973024861
South Carolina,2001,Female,1e+05,77432.4127222721,0.225675872777279,22.5675872777279
South Carolina,2002,Male,1e+05,64241.5339024806,0.357584660975194,35.7584660975194
South Carolina,2002,Female,1e+05,77572.6673582924,0.224273326417076,22.4273326417076
South Carolina,2003,Male,1e+05,64623.4602365199,0.353765397634801,35.3765397634801
South Carolina,2003,Female,1e+05,77563.7429873177,0.224362570126823,22.4362570126823
South Carolina,2004,Male,1e+05,65769.2690599325,0.342307309400675,34.2307309400675
South Carolina,2004,Female,1e+05,78203.3715604211,0.217966284395789,21.7966284395789
South Carolina,2005,Male,1e+05,65896.8846166386,0.341031153833614,34.1031153833614
South Carolina,2005,Female,1e+05,78375.3280163571,0.216246719836429,21.6246719836429
South Carolina,2006,Male,1e+05,66113.6023349297,0.338863976650703,33.8863976650703
South Carolina,2006,Female,1e+05,78589.8160143196,0.214101839856804,21.4101839856804
South Carolina,2007,Male,1e+05,66698.6370769403,0.333013629230597,33.3013629230597
South Carolina,2007,Female,1e+05,79009.3505542874,0.209906494457126,20.9906494457126
South Carolina,2008,Male,1e+05,67287.0903223814,0.327129096776186,32.7129096776186
South Carolina,2008,Female,1e+05,79413.6598247583,0.205863401752417,20.5863401752417
South Carolina,2009,Male,1e+05,67627.5966018884,0.323724033981116,32.3724033981116
South Carolina,2009,Female,1e+05,79820.2901474124,0.201797098525876,20.1797098525876
South Carolina,2010,Male,1e+05,68091.8177891653,0.319081822108347,31.9081822108347
South Carolina,2010,Female,1e+05,79912.6294411919,0.200873705588081,20.0873705588081
South Carolina,2011,Male,1e+05,68660.058245031,0.31339941754969,31.339941754969
South Carolina,2011,Female,1e+05,80008.5237378949,0.199914762621051,19.9914762621051
South Carolina,2012,Male,1e+05,68911.9750466559,0.310880249533441,31.0880249533441
South Carolina,2012,Female,1e+05,79973.3571780669,0.200266428219332,20.0266428219331
South Carolina,2013,Male,1e+05,68563.8899199075,0.314361100800925,31.4361100800925
South Carolina,2013,Female,1e+05,79984.5300477024,0.200154699522976,20.0154699522976
South Carolina,2014,Male,1e+05,68526.2044751393,0.314737955248607,31.4737955248607
South Carolina,2014,Female,1e+05,79769.2213909778,0.202307786090222,20.2307786090222
South Carolina,2015,Male,1e+05,68182.9616691014,0.318170383308987,31.8170383308987
South Carolina,2015,Female,1e+05,79661.4867839015,0.203385132160985,20.3385132160985
South Carolina,2016,Male,1e+05,67517.6731353574,0.324823268646426,32.4823268646426
South Carolina,2016,Female,1e+05,79521.468152833,0.20478531847167,20.478531847167
South Carolina,2017,Male,1e+05,67218.6392966252,0.327813607033748,32.7813607033748
South Carolina,2017,Female,1e+05,79512.1530700659,0.204878469299341,20.4878469299341
South Carolina,2018,Male,1e+05,67406.6311552176,0.325933688447824,32.5933688447824
South Carolina,2018,Female,1e+05,79643.0029863033,0.203569970136967,20.3569970136967
South Carolina,2019,Male,1e+05,67485.0581654105,0.325149418345895,32.5149418345895
South Carolina,2019,Female,1e+05,79586.224164751,0.20413775835249,20.413775835249
South Carolina,2020,Male,1e+05,62933.947268392,0.37066052731608,37.066052731608
South Carolina,2020,Female,1e+05,76494.3409317735,0.235056590682265,23.5056590682265
South Carolina,2021,Male,1e+05,59497.9527662336,0.405020472337664,40.5020472337664
South Carolina,2021,Female,1e+05,73467.2886122752,0.265327113877248,26.5327113877248
South Carolina,2022,Male,1e+05,63883.4992951461,0.361165007048539,36.1165007048539
South Carolina,2022,Female,1e+05,76614.3262579538,0.233856737420462,23.3856737420462
South Carolina,2023,Male,1e+05,65867.0516645047,0.341329483354953,34.1329483354953
South Carolina,2023,Female,1e+05,78664.7003519503,0.213352996480497,21.3352996480497
South Dakota,1990,Male,1e+05,68166.5170233833,0.318334829766167,31.8334829766167
South Dakota,1990,Female,1e+05,81944.1954554835,0.180558045445165,18.0558045445165
South Dakota,1991,Male,1e+05,68403.3152199175,0.315966847800825,31.5966847800825
South Dakota,1991,Female,1e+05,81708.8461976167,0.182911538023833,18.2911538023833
South Dakota,1992,Male,1e+05,68668.4115290343,0.313315884709657,31.3315884709657
South Dakota,1992,Female,1e+05,81565.7224269737,0.184342775730263,18.4342775730263
South Dakota,1993,Male,1e+05,68492.997824761,0.31507002175239,31.507002175239
South Dakota,1993,Female,1e+05,81310.0922534484,0.186899077465516,18.6899077465516
South Dakota,1994,Male,1e+05,69044.8739480573,0.309551260519427,30.9551260519427
South Dakota,1994,Female,1e+05,81464.3142327077,0.185356857672923,18.5356857672923
South Dakota,1995,Male,1e+05,69005.9203355322,0.309940796644678,30.9940796644678
South Dakota,1995,Female,1e+05,81436.0202535351,0.185639797464649,18.5639797464649
South Dakota,1996,Male,1e+05,69183.277289574,0.30816722710426,30.816722710426
South Dakota,1996,Female,1e+05,81736.915134859,0.18263084865141,18.263084865141
South Dakota,1997,Male,1e+05,69732.2678892215,0.302677321107785,30.2677321107785
South Dakota,1997,Female,1e+05,82019.4227940355,0.179805772059645,17.9805772059645
South Dakota,1998,Male,1e+05,70229.2921351165,0.297707078648835,29.7707078648835
South Dakota,1998,Female,1e+05,82162.5864804016,0.178374135195984,17.8374135195984
South Dakota,1999,Male,1e+05,70782.2477578878,0.292177522421122,29.2177522421122
South Dakota,1999,Female,1e+05,82026.0969547212,0.179739030452789,17.9739030452789
South Dakota,2000,Male,1e+05,71290.1094149867,0.287098905850133,28.7098905850133
South Dakota,2000,Female,1e+05,81941.6560979044,0.180583439020957,18.0583439020957
South Dakota,2001,Male,1e+05,71554.229085196,0.28445770914804,28.445770914804
South Dakota,2001,Female,1e+05,82135.2594006604,0.178647405993396,17.8647405993396
South Dakota,2002,Male,1e+05,72031.7545878501,0.279682454121499,27.9682454121499
South Dakota,2002,Female,1e+05,82191.1862451848,0.178088137548152,17.8088137548152
South Dakota,2003,Male,1e+05,72352.7706050853,0.276472293949147,27.6472293949147
South Dakota,2003,Female,1e+05,82435.8353171142,0.175641646828858,17.5641646828858
South Dakota,2004,Male,1e+05,72858.3733493587,0.271416266506414,27.1416266506414
South Dakota,2004,Female,1e+05,82643.4285799562,0.173565714200438,17.3565714200438
South Dakota,2005,Male,1e+05,72927.1431577166,0.270728568422834,27.0728568422834
South Dakota,2005,Female,1e+05,82477.1723974399,0.175228276025601,17.5228276025601
South Dakota,2006,Male,1e+05,73579.963270904,0.26420036729096,26.420036729096
South Dakota,2006,Female,1e+05,82494.2228332739,0.175057771667261,17.5057771667261
South Dakota,2007,Male,1e+05,74106.3259139295,0.258936740860705,25.8936740860705
South Dakota,2007,Female,1e+05,82859.123272695,0.171408767273051,17.1408767273051
South Dakota,2008,Male,1e+05,74511.7290061289,0.254882709938712,25.4882709938712
South Dakota,2008,Female,1e+05,82982.6933521321,0.170173066478679,17.0173066478679
South Dakota,2009,Male,1e+05,74942.024183153,0.25057975816847,25.057975816847
South Dakota,2009,Female,1e+05,83185.9240264343,0.168140759735657,16.8140759735657
South Dakota,2010,Male,1e+05,75154.418228216,0.24845581771784,24.845581771784
South Dakota,2010,Female,1e+05,83577.5692361628,0.164224307638372,16.4224307638372
South Dakota,2011,Male,1e+05,74919.845113188,0.25080154886812,25.080154886812
South Dakota,2011,Female,1e+05,83635.7314347406,0.163642685652594,16.3642685652594
South Dakota,2012,Male,1e+05,74853.9383469258,0.251460616530742,25.1460616530742
South Dakota,2012,Female,1e+05,83662.2126449323,0.163377873550677,16.3377873550677
South Dakota,2013,Male,1e+05,75086.029777286,0.24913970222714,24.913970222714
South Dakota,2013,Female,1e+05,83668.4664411817,0.163315335588184,16.3315335588184
South Dakota,2014,Male,1e+05,75074.7206950769,0.249252793049231,24.9252793049231
South Dakota,2014,Female,1e+05,83630.2442999422,0.163697557000578,16.3697557000578
South Dakota,2015,Male,1e+05,74995.3200709789,0.250046799290211,25.0046799290211
South Dakota,2015,Female,1e+05,83510.0427361155,0.164899572638845,16.4899572638845
South Dakota,2016,Male,1e+05,74751.2749757852,0.252487250242148,25.2487250242148
South Dakota,2016,Female,1e+05,83337.4903410625,0.166625096589375,16.6625096589375
South Dakota,2017,Male,1e+05,74589.922155351,0.25410077844649,25.410077844649
South Dakota,2017,Female,1e+05,83149.5517242942,0.168504482757058,16.8504482757058
South Dakota,2018,Male,1e+05,74575.4609453614,0.254245390546387,25.4245390546387
South Dakota,2018,Female,1e+05,83222.7739983669,0.167772260016331,16.7772260016331
South Dakota,2019,Male,1e+05,74624.8716571088,0.253751283428912,25.3751283428912
South Dakota,2019,Female,1e+05,83331.3933145736,0.166686066854264,16.6686066854264
South Dakota,2020,Male,1e+05,70771.0831704737,0.292289168295264,29.2289168295264
South Dakota,2020,Female,1e+05,80443.5348164027,0.195564651835973,19.5564651835973
South Dakota,2021,Male,1e+05,69120.7702218976,0.308792297781024,30.8792297781024
South Dakota,2021,Female,1e+05,78813.1258359857,0.211868741640143,21.1868741640143
South Dakota,2022,Male,1e+05,71756.242344853,0.282437576551471,28.2437576551471
South Dakota,2022,Female,1e+05,79691.9031564889,0.203080968435111,20.3080968435111
South Dakota,2023,Male,1e+05,74363.6308136681,0.256363691863319,25.6363691863319
South Dakota,2023,Female,1e+05,81251.4800924881,0.18748519907512,18.748519907512
Tennessee,1990,Male,1e+05,60670.3658672341,0.393296341327659,39.3296341327659
Tennessee,1990,Female,1e+05,77472.8731853683,0.225271268146317,22.5271268146317
Tennessee,1991,Male,1e+05,61428.940059804,0.38571059940196,38.571059940196
Tennessee,1991,Female,1e+05,77530.7762753593,0.224692237246407,22.4692237246407
Tennessee,1992,Male,1e+05,61957.1614874391,0.380428385125609,38.0428385125609
Tennessee,1992,Female,1e+05,77499.9658693972,0.225000341306028,22.5000341306028
Tennessee,1993,Male,1e+05,61445.3450606415,0.385546549393585,38.5546549393585
Tennessee,1993,Female,1e+05,76865.5675877779,0.231344324122221,23.1344324122221
Tennessee,1994,Male,1e+05,61486.3278146101,0.385136721853899,38.5136721853899
Tennessee,1994,Female,1e+05,76817.4475816798,0.231825524183202,23.1825524183202
Tennessee,1995,Male,1e+05,61544.1680933962,0.384558319066038,38.4558319066038
Tennessee,1995,Female,1e+05,76721.8166420693,0.232781833579307,23.2781833579307
Tennessee,1996,Male,1e+05,62013.7612115015,0.379862387884985,37.9862387884985
Tennessee,1996,Female,1e+05,76720.7681607777,0.232792318392224,23.2792318392224
Tennessee,1997,Male,1e+05,62273.7152125018,0.377262847874982,37.7262847874982
Tennessee,1997,Female,1e+05,76650.6555239788,0.233493444760212,23.3493444760212
Tennessee,1998,Male,1e+05,62729.7874443098,0.372702125556902,37.2702125556902
Tennessee,1998,Female,1e+05,76919.0352336331,0.230809647663669,23.0809647663669
Tennessee,1999,Male,1e+05,63425.6021681165,0.365743978318835,36.5743978318835
Tennessee,1999,Female,1e+05,76965.9734041099,0.230340265958901,23.0340265958901
Tennessee,2000,Male,1e+05,64107.6046910019,0.358923953089981,35.8923953089981
Tennessee,2000,Female,1e+05,76926.3305951339,0.230736694048661,23.0736694048661
Tennessee,2001,Male,1e+05,64406.6460435413,0.355933539564587,35.5933539564587
Tennessee,2001,Female,1e+05,76894.0096734513,0.231059903265487,23.1059903265487
Tennessee,2002,Male,1e+05,64384.5998187492,0.356154001812508,35.6154001812508
Tennessee,2002,Female,1e+05,76856.9433414751,0.231430566585249,23.1430566585249
Tennessee,2003,Male,1e+05,64604.4717303035,0.353955282696966,35.3955282696966
Tennessee,2003,Female,1e+05,76945.2696586262,0.230547303413739,23.0547303413739
Tennessee,2004,Male,1e+05,65511.677889524,0.34488322110476,34.488322110476
Tennessee,2004,Female,1e+05,77379.8904379526,0.226201095620474,22.6201095620474
Tennessee,2005,Male,1e+05,65468.6567072239,0.345313432927762,34.5313432927762
Tennessee,2005,Female,1e+05,77475.0320237739,0.225249679762261,22.5249679762261
Tennessee,2006,Male,1e+05,65826.5794392085,0.341734205607916,34.1734205607916
Tennessee,2006,Female,1e+05,77716.3482811819,0.222836517188181,22.2836517188181
Tennessee,2007,Male,1e+05,66492.2889163352,0.335077110836648,33.5077110836648
Tennessee,2007,Female,1e+05,78151.2768194353,0.218487231805647,21.8487231805647
Tennessee,2008,Male,1e+05,66860.3424908176,0.331396575091825,33.1396575091825
Tennessee,2008,Female,1e+05,78100.0448404645,0.218999551595355,21.8999551595355
Tennessee,2009,Male,1e+05,67156.9939766905,0.328430060233095,32.8430060233095
Tennessee,2009,Female,1e+05,78473.3015581701,0.215266984418299,21.5266984418299
Tennessee,2010,Male,1e+05,67469.1459701129,0.325308540298871,32.5308540298871
Tennessee,2010,Female,1e+05,78626.490740397,0.213735092596031,21.3735092596031
Tennessee,2011,Male,1e+05,67368.6136167588,0.326313863832413,32.6313863832412
Tennessee,2011,Female,1e+05,78512.7919732934,0.214872080267066,21.4872080267066
Tennessee,2012,Male,1e+05,67390.1485769601,0.326098514230399,32.6098514230399
Tennessee,2012,Female,1e+05,78489.6682277911,0.215103317722089,21.5103317722089
Tennessee,2013,Male,1e+05,67329.5693549836,0.326704306450164,32.6704306450164
Tennessee,2013,Female,1e+05,78280.4910788082,0.217195089211918,21.7195089211918
Tennessee,2014,Male,1e+05,67135.2671834008,0.328647328165992,32.8647328165992
Tennessee,2014,Female,1e+05,78029.7578217296,0.219702421782704,21.9702421782704
Tennessee,2015,Male,1e+05,66874.8569003549,0.331251430996451,33.1251430996451
Tennessee,2015,Female,1e+05,77812.3373878462,0.221876626121538,22.1876626121538
Tennessee,2016,Male,1e+05,66477.9749850642,0.335220250149358,33.5220250149358
Tennessee,2016,Female,1e+05,77570.7650956781,0.224292349043219,22.4292349043219
Tennessee,2017,Male,1e+05,66155.8562344432,0.338441437655568,33.8441437655568
Tennessee,2017,Female,1e+05,77437.1312525273,0.225628687474727,22.5628687474727
Tennessee,2018,Male,1e+05,66046.3491892296,0.339536508107704,33.9536508107704
Tennessee,2018,Female,1e+05,77404.7201938568,0.225952798061432,22.5952798061432
Tennessee,2019,Male,1e+05,65874.1179465181,0.34125882053482,34.125882053482
Tennessee,2019,Female,1e+05,77634.2010951795,0.223657989048206,22.3657989048206
Tennessee,2020,Male,1e+05,61402.9649252669,0.385970350747332,38.5970350747332
Tennessee,2020,Female,1e+05,74726.8008699949,0.252731991300051,25.2731991300051
Tennessee,2021,Male,1e+05,57372.2472872522,0.426277527127478,42.6277527127478
Tennessee,2021,Female,1e+05,71109.0852507504,0.288909147492496,28.8909147492496
Tennessee,2022,Male,1e+05,61219.2654270421,0.387807345729579,38.7807345729579
Tennessee,2022,Female,1e+05,74452.4989138528,0.255475010861472,25.5475010861472
Tennessee,2023,Male,1e+05,63902.6894961234,0.360973105038766,36.0973105038766
Tennessee,2023,Female,1e+05,76331.3719531527,0.236686280468473,23.6686280468473
Texas,1990,Male,1e+05,63392.4814334019,0.366075185665981,36.6075185665981
Texas,1990,Female,1e+05,78613.1953900007,0.213868046099993,21.3868046099993
Texas,1991,Male,1e+05,63879.9875112908,0.361200124887092,36.1200124887092
Texas,1991,Female,1e+05,78571.6613878231,0.214283386121769,21.4283386121769
Texas,1992,Male,1e+05,64388.8592440661,0.356111407559339,35.6111407559339
Texas,1992,Female,1e+05,78790.7033108768,0.212092966891232,21.2092966891232
Texas,1993,Male,1e+05,64241.1440918982,0.357588559081019,35.7588559081019
Texas,1993,Female,1e+05,78824.3169148643,0.211756830851357,21.1756830851357
Texas,1994,Male,1e+05,64803.6334431442,0.351963665568558,35.1963665568558
Texas,1994,Female,1e+05,79149.1059406085,0.208508940593915,20.8508940593915
Texas,1995,Male,1e+05,65477.7087735622,0.345222912264378,34.5222912264378
Texas,1995,Female,1e+05,79109.283556148,0.20890716443852,20.890716443852
Texas,1996,Male,1e+05,66198.6449715172,0.338013550284828,33.8013550284828
Texas,1996,Female,1e+05,79262.0057543466,0.207379942456534,20.7379942456534
Texas,1997,Male,1e+05,67123.3498310431,0.328766501689569,32.8766501689569
Texas,1997,Female,1e+05,79359.8100207194,0.206401899792806,20.6401899792806
Texas,1998,Male,1e+05,68040.8680105722,0.319591319894278,31.9591319894278
Texas,1998,Female,1e+05,79663.680283193,0.20336319716807,20.336319716807
Texas,1999,Male,1e+05,68766.7448630605,0.312332551369395,31.2332551369395
Texas,1999,Female,1e+05,79807.7080188024,0.201922919811976,20.1922919811976
Texas,2000,Male,1e+05,69048.8262338422,0.309511737661579,30.9511737661579
Texas,2000,Female,1e+05,79833.6056245586,0.201663943754414,20.1663943754414
Texas,2001,Male,1e+05,69128.0163665981,0.308719836334019,30.8719836334019
Texas,2001,Female,1e+05,79791.5970223948,0.202084029776052,20.2084029776052
Texas,2002,Male,1e+05,69199.3478216324,0.308006521783676,30.8006521783676
Texas,2002,Female,1e+05,79901.0855548558,0.200989144451442,20.0989144451442
Texas,2003,Male,1e+05,69784.0986729594,0.302159013270406,30.2159013270406
Texas,2003,Female,1e+05,80262.6909446706,0.197373090553294,19.7373090553294
Texas,2004,Male,1e+05,70679.3074278676,0.293206925721324,29.3206925721324
Texas,2004,Female,1e+05,80960.0988513621,0.190399011486379,19.0399011486379
Texas,2005,Male,1e+05,71054.1264205087,0.289458735794913,28.9458735794913
Texas,2005,Female,1e+05,81104.1507472663,0.188958492527337,18.8958492527337
Texas,2006,Male,1e+05,71666.0789290477,0.283339210709523,28.3339210709523
Texas,2006,Female,1e+05,81197.8448130643,0.188021551869357,18.8021551869357
Texas,2007,Male,1e+05,71802.65053867,0.2819734946133,28.19734946133
Texas,2007,Female,1e+05,81494.7912854228,0.185052087145772,18.5052087145772
Texas,2008,Male,1e+05,71791.3794368704,0.282086205631296,28.2086205631296
Texas,2008,Female,1e+05,81669.9271574895,0.183300728425105,18.3300728425105
Texas,2009,Male,1e+05,72411.3839841885,0.275886160158115,27.5886160158115
Texas,2009,Female,1e+05,82004.4357992993,0.179955642007007,17.9955642007007
Texas,2010,Male,1e+05,73011.0982867586,0.269889017132414,26.9889017132414
Texas,2010,Female,1e+05,82351.4525188246,0.176485474811754,17.6485474811754
Texas,2011,Male,1e+05,73078.3692416819,0.269216307583181,26.9216307583181
Texas,2011,Female,1e+05,82364.0526804739,0.176359473195261,17.6359473195261
Texas,2012,Male,1e+05,73194.477226192,0.26805522773808,26.805522773808
Texas,2012,Female,1e+05,82603.6534270621,0.173963465729379,17.3963465729379
Texas,2013,Male,1e+05,73163.5263119585,0.268364736880415,26.8364736880415
Texas,2013,Female,1e+05,82510.1907947659,0.174898092052341,17.4898092052341
Texas,2014,Male,1e+05,73128.3752016321,0.268716247983679,26.8716247983679
Texas,2014,Female,1e+05,82370.9106326276,0.176290893673724,17.6290893673724
Texas,2015,Male,1e+05,73025.8592503507,0.269741407496493,26.9741407496493
Texas,2015,Female,1e+05,82376.0796662331,0.176239203337669,17.6239203337669
Texas,2016,Male,1e+05,72998.2677064712,0.270017322935288,27.0017322935288
Texas,2016,Female,1e+05,82420.1321057677,0.175798678942323,17.5798678942323
Texas,2017,Male,1e+05,72946.5111440066,0.270534888559934,27.0534888559934
Texas,2017,Female,1e+05,82462.0386334557,0.175379613665443,17.5379613665443
Texas,2018,Male,1e+05,72893.8387301121,0.271061612698879,27.1061612698879
Texas,2018,Female,1e+05,82698.2811401915,0.173017188598085,17.3017188598085
Texas,2019,Male,1e+05,73253.7941717425,0.267462058282575,26.7462058282575
Texas,2019,Female,1e+05,82923.4844617744,0.170765155382256,17.0765155382256
Texas,2020,Male,1e+05,67918.8465796753,0.320811534203247,32.0811534203247
Texas,2020,Female,1e+05,79754.936765665,0.20245063234335,20.245063234335
Texas,2021,Male,1e+05,64790.2515823424,0.352097484176576,35.2097484176576
Texas,2021,Female,1e+05,77146.486105778,0.22853513894222,22.853513894222
Texas,2022,Male,1e+05,70110.1147415063,0.298898852584937,29.8898852584937
Texas,2022,Female,1e+05,80813.0371566397,0.191869628433603,19.1869628433603
Texas,2023,Male,1e+05,72219.341437368,0.27780658562632,27.780658562632
Texas,2023,Female,1e+05,82167.9801240656,0.178320198759344,17.8320198759344
Utah,1990,Male,1e+05,72919.9258235831,0.270800741764169,27.0800741764169
Utah,1990,Female,1e+05,82512.4547752171,0.174875452247829,17.4875452247829
Utah,1991,Male,1e+05,73025.9071277386,0.269740928722614,26.9740928722614
Utah,1991,Female,1e+05,82628.7982682364,0.173712017317636,17.3712017317636
Utah,1992,Male,1e+05,73178.3562413272,0.268216437586728,26.8216437586728
Utah,1992,Female,1e+05,82861.1903306016,0.171388096693984,17.1388096693984
Utah,1993,Male,1e+05,72908.5023099091,0.270914976900909,27.0914976900909
Utah,1993,Female,1e+05,82667.787209771,0.17332212790229,17.332212790229
Utah,1994,Male,1e+05,72866.76823412,0.271332317658801,27.1332317658801
Utah,1994,Female,1e+05,82809.6666937853,0.171903333062147,17.1903333062147
Utah,1995,Male,1e+05,73324.9416086041,0.266750583913959,26.6750583913959
Utah,1995,Female,1e+05,82679.7161348922,0.173202838651078,17.3202838651078
Utah,1996,Male,1e+05,73901.2088121328,0.260987911878672,26.0987911878672
Utah,1996,Female,1e+05,82825.5830942389,0.171744169057611,17.1744169057611
Utah,1997,Male,1e+05,74388.9328741513,0.256110671258487,25.6110671258487
Utah,1997,Female,1e+05,83031.0640492691,0.169689359507309,16.9689359507309
Utah,1998,Male,1e+05,74645.9867140413,0.253540132859587,25.3540132859587
Utah,1998,Female,1e+05,83155.8756957928,0.168441243042072,16.8441243042072
Utah,1999,Male,1e+05,74763.7092943972,0.252362907056028,25.2362907056028
Utah,1999,Female,1e+05,83069.7804904893,0.169302195095107,16.9302195095107
Utah,2000,Male,1e+05,75167.8587100345,0.248321412899655,24.8321412899655
Utah,2000,Female,1e+05,83122.8508898678,0.168771491101323,16.8771491101323
Utah,2001,Male,1e+05,75549.115082389,0.24450884917611,24.450884917611
Utah,2001,Female,1e+05,83229.5208037135,0.167704791962865,16.7704791962865
Utah,2002,Male,1e+05,75663.5998905588,0.243364001094412,24.3364001094412
Utah,2002,Female,1e+05,83356.2361442603,0.166437638557397,16.6437638557397
Utah,2003,Male,1e+05,75720.5857032566,0.242794142967434,24.2794142967434
Utah,2003,Female,1e+05,83342.4781444071,0.166575218555929,16.6575218555929
Utah,2004,Male,1e+05,76017.1984378833,0.239828015621167,23.9828015621167
Utah,2004,Female,1e+05,83683.9354368149,0.163160645631851,16.3160645631851
Utah,2005,Male,1e+05,76094.0958236153,0.239059041763847,23.9059041763847
Utah,2005,Female,1e+05,83789.3106140919,0.162106893859082,16.2106893859082
Utah,2006,Male,1e+05,76206.4713544094,0.237935286455906,23.7935286455906
Utah,2006,Female,1e+05,84014.4695064502,0.159855304935498,15.9855304935498
Utah,2007,Male,1e+05,76436.3308104484,0.235636691895516,23.5636691895516
Utah,2007,Female,1e+05,84174.3348452459,0.158256651547541,15.8256651547541
Utah,2008,Male,1e+05,76855.360490363,0.23144639509637,23.144639509637
Utah,2008,Female,1e+05,84603.5028101088,0.153964971898912,15.3964971898912
Utah,2009,Male,1e+05,77251.9866893902,0.227480133106098,22.7480133106098
Utah,2009,Female,1e+05,84930.3993053559,0.150696006946441,15.0696006946441
Utah,2010,Male,1e+05,77536.8227698197,0.224631772301803,22.4631772301803
Utah,2010,Female,1e+05,85090.5937411618,0.149094062588382,14.9094062588382
Utah,2011,Male,1e+05,77578.1636814181,0.224218363185819,22.4218363185819
Utah,2011,Female,1e+05,84859.1447495738,0.151408552504262,15.1408552504262
Utah,2012,Male,1e+05,77596.5892194195,0.224034107805805,22.4034107805805
Utah,2012,Female,1e+05,84760.4995591308,0.152395004408692,15.2395004408692
Utah,2013,Male,1e+05,77664.8862745618,0.223351137254383,22.3351137254382
Utah,2013,Female,1e+05,84540.6237639364,0.154593762360636,15.4593762360636
Utah,2014,Male,1e+05,77790.338792617,0.22209661207383,22.209661207383
Utah,2014,Female,1e+05,84502.4791953811,0.154975208046189,15.4975208046189
Utah,2015,Male,1e+05,77521.9482913713,0.224780517086287,22.4780517086287
Utah,2015,Female,1e+05,84499.0855099768,0.155009144900233,15.5009144900233
Utah,2016,Male,1e+05,77393.3418068727,0.226066581931273,22.6066581931273
Utah,2016,Female,1e+05,84581.792415051,0.15418207584949,15.418207584949
Utah,2017,Male,1e+05,77616.5063228233,0.223834936771767,22.3834936771767
Utah,2017,Female,1e+05,84778.0721824668,0.152219278175332,15.2219278175332
Utah,2018,Male,1e+05,78061.6790604289,0.219383209395711,21.9383209395711
Utah,2018,Female,1e+05,85242.222452641,0.14757777547359,14.757777547359
Utah,2019,Male,1e+05,78476.5322371327,0.215234677628673,21.5234677628673
Utah,2019,Female,1e+05,85339.196648511,0.14660803351489,14.660803351489
Utah,2020,Male,1e+05,76143.485993161,0.238565140068391,23.856514006839
Utah,2020,Female,1e+05,83872.3385001526,0.161276614998474,16.1276614998474
Utah,2021,Male,1e+05,74347.9525847888,0.256520474152112,25.6520474152112
Utah,2021,Female,1e+05,82086.8615787614,0.179131384212386,17.9131384212386
Utah,2022,Male,1e+05,77084.9451661187,0.229150548338813,22.9150548338813
Utah,2022,Female,1e+05,84373.0349698995,0.156269650301005,15.6269650301005
Utah,2023,Male,1e+05,77642.5270291456,0.223574729708544,22.3574729708544
Utah,2023,Female,1e+05,85308.2945260277,0.146917054739723,14.6917054739723
Vermont,1990,Male,1e+05,67534.9403414997,0.324650596585003,32.4650596585003
Vermont,1990,Female,1e+05,81284.7749071166,0.187152250928834,18.7152250928834
Vermont,1991,Male,1e+05,67997.2539397783,0.320027460602217,32.0027460602217
Vermont,1991,Female,1e+05,81299.6561577521,0.187003438422479,18.7003438422479
Vermont,1992,Male,1e+05,68572.9600444541,0.314270399555459,31.4270399555459
Vermont,1992,Female,1e+05,81227.0768503126,0.187729231496874,18.7729231496874
Vermont,1993,Male,1e+05,68954.22703627,0.3104577296373,31.04577296373
Vermont,1993,Female,1e+05,81347.9189243871,0.186520810756129,18.652081075613
Vermont,1994,Male,1e+05,69382.1992633816,0.306178007366184,30.6178007366184
Vermont,1994,Female,1e+05,81480.9069332168,0.185190930667832,18.5190930667832
Vermont,1995,Male,1e+05,70292.896047514,0.29707103952486,29.707103952486
Vermont,1995,Female,1e+05,81463.9688771703,0.185360311228297,18.5360311228297
Vermont,1996,Male,1e+05,71129.0328692725,0.288709671307275,28.8709671307275
Vermont,1996,Female,1e+05,81620.0839118011,0.183799160881989,18.3799160881989
Vermont,1997,Male,1e+05,71629.7313132586,0.283702686867414,28.3702686867414
Vermont,1997,Female,1e+05,81768.2413500968,0.182317586499032,18.2317586499032
Vermont,1998,Male,1e+05,72443.5881387838,0.275564118612162,27.5564118612163
Vermont,1998,Female,1e+05,82211.1846532257,0.177888153467743,17.7888153467743
Vermont,1999,Male,1e+05,72952.2484132534,0.270477515867467,27.0477515867467
Vermont,1999,Female,1e+05,82150.8011374464,0.178491988625536,17.8491988625536
Vermont,2000,Male,1e+05,73652.0886631796,0.263479113368205,26.3479113368205
Vermont,2000,Female,1e+05,82236.6469771144,0.177633530228857,17.7633530228857
Vermont,2001,Male,1e+05,74273.0640523191,0.257269359476809,25.7269359476809
Vermont,2001,Female,1e+05,82543.1769220345,0.174568230779655,17.4568230779655
Vermont,2002,Male,1e+05,74985.523352672,0.25014476647328,25.014476647328
Vermont,2002,Female,1e+05,82675.1035609275,0.173248964390725,17.3248964390725
Vermont,2003,Male,1e+05,75830.799407498,0.24169200592502,24.169200592502
Vermont,2003,Female,1e+05,83128.6440277481,0.168713559722519,16.8713559722519
Vermont,2004,Male,1e+05,76586.1142760744,0.234138857239256,23.4138857239256
Vermont,2004,Female,1e+05,83964.1934868681,0.160358065131319,16.0358065131319
Vermont,2005,Male,1e+05,77057.9667859071,0.229420332140929,22.9420332140929
Vermont,2005,Female,1e+05,84342.1486007349,0.156578513992651,15.6578513992651
Vermont,2006,Male,1e+05,77080.0383613008,0.229199616386993,22.9199616386993
Vermont,2006,Female,1e+05,84486.3572671734,0.155136427328267,15.5136427328267
Vermont,2007,Male,1e+05,77321.2240849568,0.226787759150432,22.6787759150432
Vermont,2007,Female,1e+05,84751.2694419547,0.152487305580453,15.2487305580453
Vermont,2008,Male,1e+05,77425.8847172348,0.225741152827652,22.5741152827652
Vermont,2008,Female,1e+05,85058.8781022402,0.149411218977598,14.9411218977598
Vermont,2009,Male,1e+05,77504.0088903186,0.224959911096814,22.4959911096814
Vermont,2009,Female,1e+05,85364.8379310516,0.146351620689483,14.6351620689483
Vermont,2010,Male,1e+05,77477.7336442532,0.225222663557468,22.5222663557468
Vermont,2010,Female,1e+05,85730.6057379403,0.142693942620597,14.2693942620597
Vermont,2011,Male,1e+05,77649.2245750467,0.223507754249533,22.3507754249533
Vermont,2011,Female,1e+05,85655.7452536628,0.143442547463372,14.3442547463372
Vermont,2012,Male,1e+05,77667.0373006044,0.223329626993956,22.3329626993956
Vermont,2012,Female,1e+05,85769.1982026392,0.142308017973608,14.2308017973608
Vermont,2013,Male,1e+05,77602.0882528351,0.223979117471649,22.3979117471649
Vermont,2013,Female,1e+05,85897.8735195955,0.141021264804045,14.1021264804045
Vermont,2014,Male,1e+05,77797.9790463833,0.222020209536167,22.2020209536167
Vermont,2014,Female,1e+05,85688.0234195752,0.143119765804248,14.3119765804248
Vermont,2015,Male,1e+05,77313.3052570418,0.226866947429582,22.6866947429582
Vermont,2015,Female,1e+05,85595.3580351532,0.144046419648469,14.4046419648469
Vermont,2016,Male,1e+05,77119.9103674594,0.228800896325406,22.8800896325406
Vermont,2016,Female,1e+05,85350.4776667089,0.146495223332912,14.6495223332912
Vermont,2017,Male,1e+05,77112.3309281988,0.228876690718012,22.8876690718012
Vermont,2017,Female,1e+05,85341.8388973542,0.146581611026458,14.6581611026458
Vermont,2018,Male,1e+05,77001.824610806,0.22998175389194,22.998175389194
Vermont,2018,Female,1e+05,85520.0273019871,0.14479972698013,14.479972698013
Vermont,2019,Male,1e+05,76712.1525350776,0.232878474649224,23.2878474649224
Vermont,2019,Female,1e+05,85445.5181916132,0.145544818083868,14.5544818083868
Vermont,2020,Male,1e+05,74791.118798027,0.25208881201973,25.208881201973
Vermont,2020,Female,1e+05,84627.0639819714,0.153729360180286,15.3729360180286
Vermont,2021,Male,1e+05,72551.7469067738,0.274482530932262,27.4482530932262
Vermont,2021,Female,1e+05,83903.5872531933,0.160964127468067,16.0964127468067
Vermont,2022,Male,1e+05,72199.955731139,0.27800044268861,27.800044268861
Vermont,2022,Female,1e+05,83480.6625798766,0.165193374201234,16.5193374201234
Vermont,2023,Male,1e+05,73893.1459189924,0.261068540810076,26.1068540810076
Vermont,2023,Female,1e+05,84385.3974238007,0.156146025761993,15.6146025761993
Virginia,1990,Male,1e+05,64018.8324629035,0.359811675370965,35.9811675370965
Virginia,1990,Female,1e+05,78313.1760752825,0.216868239247175,21.6868239247175
Virginia,1991,Male,1e+05,64437.4779645831,0.355625220354169,35.562522035417
Virginia,1991,Female,1e+05,78639.5432297199,0.213604567702801,21.3604567702801
Virginia,1992,Male,1e+05,65250.7169473374,0.347492830526626,34.7492830526626
Virginia,1992,Female,1e+05,78983.8117193779,0.210161882806222,21.0161882806222
Virginia,1993,Male,1e+05,65166.258696496,0.34833741303504,34.833741303504
Virginia,1993,Female,1e+05,78954.9237931974,0.210450762068026,21.0450762068026
Virginia,1994,Male,1e+05,65821.0343825721,0.341789656174279,34.1789656174279
Virginia,1994,Female,1e+05,79019.1202181874,0.209808797818126,20.9808797818126
Virginia,1995,Male,1e+05,66389.010339143,0.33610989660857,33.610989660857
Virginia,1995,Female,1e+05,79023.5054496289,0.209764945503711,20.9764945503711
Virginia,1996,Male,1e+05,67287.6745422778,0.327123254577222,32.7123254577222
Virginia,1996,Female,1e+05,79250.9967920119,0.207490032079881,20.7490032079881
Virginia,1997,Male,1e+05,68292.9868021984,0.317070131978016,31.7070131978016
Virginia,1997,Female,1e+05,79669.3265689987,0.203306734310013,20.3306734310013
Virginia,1998,Male,1e+05,69062.5347959967,0.309374652040034,30.9374652040034
Virginia,1998,Female,1e+05,79978.2600489105,0.200217399510895,20.0217399510895
Virginia,1999,Male,1e+05,69450.3588170238,0.305496411829762,30.5496411829762
Virginia,1999,Female,1e+05,79878.9877245534,0.201210122754466,20.1210122754466
Virginia,2000,Male,1e+05,70106.0135982848,0.298939864017152,29.8939864017152
Virginia,2000,Female,1e+05,79980.2909364771,0.200197090635229,20.0197090635229
Virginia,2001,Male,1e+05,70620.1992620375,0.293798007379625,29.3798007379625
Virginia,2001,Female,1e+05,80287.9027274096,0.197120972725904,19.7120972725904
Virginia,2002,Male,1e+05,70956.7665022287,0.290432334977713,29.0432334977713
Virginia,2002,Female,1e+05,80797.5965348503,0.192024034651497,19.2024034651497
Virginia,2003,Male,1e+05,71271.771823176,0.287282281768241,28.7282281768241
Virginia,2003,Female,1e+05,81128.6111172072,0.188713888827928,18.8713888827928
Virginia,2004,Male,1e+05,72211.386560656,0.27788613439344,27.788613439344
Virginia,2004,Female,1e+05,81554.1289755715,0.184458710244285,18.4458710244285
Virginia,2005,Male,1e+05,72497.0858369028,0.275029141630972,27.5029141630972
Virginia,2005,Female,1e+05,81568.6389674812,0.184313610325188,18.4313610325188
Virginia,2006,Male,1e+05,73021.6531634431,0.269783468365569,26.9783468365569
Virginia,2006,Female,1e+05,81993.3415130764,0.180066584869236,18.0066584869236
Virginia,2007,Male,1e+05,73702.345345136,0.26297654654864,26.297654654864
Virginia,2007,Female,1e+05,82456.8099331142,0.175431900668858,17.5431900668858
Virginia,2008,Male,1e+05,73936.1665923233,0.260638334076767,26.0638334076767
Virginia,2008,Female,1e+05,82637.2994051947,0.173627005948053,17.3627005948053
Virginia,2009,Male,1e+05,74336.1061161255,0.256638938838745,25.6638938838745
Virginia,2009,Female,1e+05,83014.7213908547,0.169852786091453,16.9852786091453
Virginia,2010,Male,1e+05,74905.9443052633,0.250940556947368,25.0940556947368
Virginia,2010,Female,1e+05,83461.8144436998,0.165381855563003,16.5381855563003
Virginia,2011,Male,1e+05,75251.8355020987,0.247481644979013,24.7481644979013
Virginia,2011,Female,1e+05,83573.4161113736,0.164265838886264,16.4265838886264
Virginia,2012,Male,1e+05,75417.1417728414,0.245828582271586,24.5828582271586
Virginia,2012,Female,1e+05,83747.2365962601,0.162527634037399,16.2527634037399
Virginia,2013,Male,1e+05,75461.6373163991,0.245383626836009,24.5383626836009
Virginia,2013,Female,1e+05,83772.513000434,0.162274869995661,16.2274869995661
Virginia,2014,Male,1e+05,75324.1540487141,0.24675845951286,24.675845951286
Virginia,2014,Female,1e+05,83658.2381248098,0.163417618751902,16.3417618751902
Virginia,2015,Male,1e+05,74995.2006605862,0.250047993394138,25.0047993394138
Virginia,2015,Female,1e+05,83581.1104233827,0.164188895766173,16.4188895766173
Virginia,2016,Male,1e+05,74716.010056928,0.25283989943072,25.2839899430721
Virginia,2016,Female,1e+05,83364.422940178,0.16635577059822,16.635577059822
Virginia,2017,Male,1e+05,74557.9452129055,0.254420547870945,25.4420547870945
Virginia,2017,Female,1e+05,83313.7220945481,0.166862779054519,16.6862779054519
Virginia,2018,Male,1e+05,74640.8455656512,0.253591544343488,25.3591544343488
Virginia,2018,Female,1e+05,83488.1180451971,0.165118819548029,16.5118819548029
Virginia,2019,Male,1e+05,74670.4116047619,0.253295883952381,25.3295883952381
Virginia,2019,Female,1e+05,83444.8684839962,0.165551315160039,16.5551315160039
Virginia,2020,Male,1e+05,71490.0755964668,0.285099244035332,28.5099244035332
Virginia,2020,Female,1e+05,81598.6389080838,0.184013610919162,18.4013610919162
Virginia,2021,Male,1e+05,69051.9923619279,0.309480076380721,30.9480076380721
Virginia,2021,Female,1e+05,79900.8294893735,0.200991705106265,20.0991705106265
Virginia,2022,Male,1e+05,70917.6367881098,0.290823632118902,29.0823632118902
Virginia,2022,Female,1e+05,81235.9143314493,0.187640856685507,18.7640856685507
Virginia,2023,Male,1e+05,73310.2574432527,0.266897425567473,26.6897425567473
Virginia,2023,Female,1e+05,82526.9419267284,0.174730580732716,17.4730580732716
Washington,1990,Male,1e+05,69355.1639251238,0.306448360748762,30.6448360748762
Washington,1990,Female,1e+05,80687.447166886,0.193125528331141,19.3125528331141
Washington,1991,Male,1e+05,69503.5965101293,0.304964034898707,30.4964034898707
Washington,1991,Female,1e+05,80729.4002648598,0.192705997351402,19.2705997351402
Washington,1992,Male,1e+05,69568.1270260842,0.304318729739158,30.4318729739158
Washington,1992,Female,1e+05,80836.3159172755,0.191636840827245,19.1636840827245
Washington,1993,Male,1e+05,69316.8705770502,0.306831294229498,30.6831294229498
Washington,1993,Female,1e+05,80581.0133538776,0.194189866461224,19.4189866461224
Washington,1994,Male,1e+05,70113.8960988959,0.298861039011041,29.8861039011041
Washington,1994,Female,1e+05,80816.4837876233,0.191835162123767,19.1835162123767
Washington,1995,Male,1e+05,70775.4722454483,0.292245277545517,29.2245277545517
Washington,1995,Female,1e+05,80815.0156769846,0.191849843230155,19.1849843230155
Washington,1996,Male,1e+05,71165.8524541589,0.288341475458411,28.8341475458411
Washington,1996,Female,1e+05,81041.2689481799,0.189587310518201,18.9587310518201
Washington,1997,Male,1e+05,72045.0901541175,0.279549098458825,27.9549098458825
Washington,1997,Female,1e+05,81439.5674078403,0.185604325921597,18.5604325921597
Washington,1998,Male,1e+05,72559.5287634958,0.274404712365042,27.4404712365042
Washington,1998,Female,1e+05,81602.5277441268,0.183974722558732,18.3974722558732
Washington,1999,Male,1e+05,72888.2095690228,0.271117904309772,27.1117904309772
Washington,1999,Female,1e+05,81586.7389306295,0.184132610693705,18.4132610693705
Washington,2000,Male,1e+05,73317.3486012454,0.266826513987546,26.6826513987546
Washington,2000,Female,1e+05,81951.9545696316,0.180480454303684,18.0480454303684
Washington,2001,Male,1e+05,73691.0727431603,0.263089272568397,26.3089272568397
Washington,2001,Female,1e+05,82131.5626834378,0.178684373165622,17.8684373165622
Washington,2002,Male,1e+05,73913.8896969113,0.260861103030887,26.0861103030887
Washington,2002,Female,1e+05,82257.0980754269,0.177429019245731,17.7429019245731
Washington,2003,Male,1e+05,74314.4304127333,0.256855695872668,25.6855695872668
Washington,2003,Female,1e+05,82493.0830229916,0.175069169770084,17.5069169770084
Washington,2004,Male,1e+05,75218.9290332722,0.247810709667278,24.7810709667278
Washington,2004,Female,1e+05,83036.3062011984,0.169636937988016,16.9636937988016
Washington,2005,Male,1e+05,75422.5068554381,0.245774931445619,24.5774931445619
Washington,2005,Female,1e+05,83272.6269850658,0.167273730149343,16.7273730149343
Washington,2006,Male,1e+05,75875.1427568316,0.241248572431684,24.1248572431684
Washington,2006,Female,1e+05,83445.5126155136,0.165544873844864,16.5544873844864
Washington,2007,Male,1e+05,76132.6182953733,0.238673817046267,23.8673817046267
Washington,2007,Female,1e+05,83569.9162109654,0.164300837890346,16.4300837890346
Washington,2008,Male,1e+05,76248.8913705228,0.237511086294772,23.7511086294772
Washington,2008,Female,1e+05,83708.9130921841,0.162910869078159,16.2910869078159
Washington,2009,Male,1e+05,76641.2941326671,0.233587058673329,23.3587058673329
Washington,2009,Female,1e+05,84087.8648579146,0.159121351420854,15.9121351420854
Washington,2010,Male,1e+05,77056.0213548462,0.229439786451539,22.9439786451539
Washington,2010,Female,1e+05,84751.227618295,0.15248772381705,15.248772381705
Washington,2011,Male,1e+05,77199.4366829632,0.228005633170368,22.8005633170368
Washington,2011,Female,1e+05,84882.4141522234,0.151175858477766,15.1175858477766
Washington,2012,Male,1e+05,77307.3569721348,0.226926430278653,22.6926430278653
Washington,2012,Female,1e+05,85115.3396409664,0.148846603590336,14.8846603590336
Washington,2013,Male,1e+05,77283.4273090866,0.227165726909134,22.7165726909134
Washington,2013,Female,1e+05,85161.8010692111,0.148381989307889,14.8381989307889
Washington,2014,Male,1e+05,77262.1098337283,0.227378901662717,22.7378901662717
Washington,2014,Female,1e+05,85020.5227721068,0.149794772278932,14.9794772278932
Washington,2015,Male,1e+05,77127.8262128545,0.228721737871455,22.8721737871455
Washington,2015,Female,1e+05,84982.3092750148,0.150176907249852,15.0176907249852
Washington,2016,Male,1e+05,77077.202908965,0.22922797091035,22.922797091035
Washington,2016,Female,1e+05,84989.4103646198,0.150105896353802,15.0105896353802
Washington,2017,Male,1e+05,76900.4254812181,0.230995745187819,23.0995745187819
Washington,2017,Female,1e+05,84871.2444646944,0.151287555353056,15.1287555353056
Washington,2018,Male,1e+05,77052.4923525121,0.229475076474879,22.9475076474879
Washington,2018,Female,1e+05,85105.1035672654,0.148948964327346,14.8948964327346
Washington,2019,Male,1e+05,77218.3992928571,0.227816007071429,22.7816007071429
Washington,2019,Female,1e+05,85157.9648383776,0.148420351616224,14.8420351616224
Washington,2020,Male,1e+05,75135.8047738384,0.248641952261617,24.8641952261617
Washington,2020,Female,1e+05,84039.0029779295,0.159609970220705,15.9609970220705
Washington,2021,Male,1e+05,72111.7522389076,0.278882477610924,27.8882477610924
Washington,2021,Female,1e+05,82220.2328924393,0.177797671075608,17.7797671075608
Washington,2022,Male,1e+05,73196.9202631123,0.268030797368878,26.8030797368878
Washington,2022,Female,1e+05,82978.9773571428,0.170210226428572,17.0210226428572
Washington,2023,Male,1e+05,74176.8808221173,0.258231191778827,25.8231191778827
Washington,2023,Female,1e+05,83892.779523555,0.16107220476445,16.107220476445
West Virginia,1990,Male,1e+05,60867.1080192893,0.391328919807107,39.1328919807107
West Virginia,1990,Female,1e+05,76549.058197955,0.23450941802045,23.450941802045
West Virginia,1991,Male,1e+05,61165.6079456427,0.388343920543573,38.8343920543573
West Virginia,1991,Female,1e+05,76347.4174408485,0.236525825591515,23.6525825591515
West Virginia,1992,Male,1e+05,61884.0421852499,0.381159578147501,38.1159578147501
West Virginia,1992,Female,1e+05,76270.7159127656,0.237292840872344,23.7292840872344
West Virginia,1993,Male,1e+05,61653.2548555166,0.383467451444834,38.3467451444834
West Virginia,1993,Female,1e+05,76025.4696892649,0.239745303107352,23.9745303107352
West Virginia,1994,Male,1e+05,62255.6277672728,0.377443722327273,37.7443722327273
West Virginia,1994,Female,1e+05,76267.2414105299,0.237327585894701,23.7327585894701
West Virginia,1995,Male,1e+05,62739.0228156345,0.372609771843656,37.2609771843656
West Virginia,1995,Female,1e+05,76424.2241920289,0.235757758079711,23.5757758079711
West Virginia,1996,Male,1e+05,63113.273339904,0.36886726660096,36.886726660096
West Virginia,1996,Female,1e+05,76403.8094881691,0.235961905118309,23.5961905118309
West Virginia,1997,Male,1e+05,63781.280059597,0.36218719940403,36.218719940403
West Virginia,1997,Female,1e+05,76569.680544522,0.23430319455478,23.430319455478
West Virginia,1998,Male,1e+05,64074.5469172152,0.359254530827848,35.9254530827848
West Virginia,1998,Female,1e+05,76697.0759924753,0.233029240075247,23.3029240075247
West Virginia,1999,Male,1e+05,64369.0670162479,0.356309329837521,35.6309329837521
West Virginia,1999,Female,1e+05,76569.8765263182,0.234301234736818,23.4301234736818
West Virginia,2000,Male,1e+05,64725.7425933366,0.352742574066634,35.2742574066634
West Virginia,2000,Female,1e+05,76835.2857199781,0.231647142800219,23.1647142800219
West Virginia,2001,Male,1e+05,65020.2005968242,0.349797994031758,34.9797994031758
West Virginia,2001,Female,1e+05,76942.3478339409,0.230576521660591,23.0576521660591
West Virginia,2002,Male,1e+05,64976.9460471,0.350230539529,35.0230539529
West Virginia,2002,Female,1e+05,76998.6762257542,0.230013237742458,23.0013237742458
West Virginia,2003,Male,1e+05,65199.3337575171,0.348006662424829,34.8006662424829
West Virginia,2003,Female,1e+05,76692.977900539,0.233070220994611,23.3070220994611
West Virginia,2004,Male,1e+05,65920.9573900421,0.340790426099579,34.0790426099579
West Virginia,2004,Female,1e+05,76986.4535687198,0.230135464312802,23.0135464312802
West Virginia,2005,Male,1e+05,65774.6253513002,0.342253746486998,34.2253746486998
West Virginia,2005,Female,1e+05,76957.8363605326,0.230421636394674,23.0421636394674
West Virginia,2006,Male,1e+05,65473.4932553349,0.345265067446651,34.5265067446651
West Virginia,2006,Female,1e+05,77023.187670436,0.22976812329564,22.976812329564
West Virginia,2007,Male,1e+05,65328.5426520033,0.346714573479967,34.6714573479967
West Virginia,2007,Female,1e+05,77083.3918023834,0.229166081976167,22.9166081976167
West Virginia,2008,Male,1e+05,65365.9279654633,0.346340720345367,34.6340720345367
West Virginia,2008,Female,1e+05,76705.011848194,0.23294988151806,23.294988151806
West Virginia,2009,Male,1e+05,65522.4330923143,0.344775669076857,34.4775669076857
West Virginia,2009,Female,1e+05,76705.124350889,0.23294875649111,23.294875649111
West Virginia,2010,Male,1e+05,65625.4400363279,0.343745599636722,34.3745599636722
West Virginia,2010,Female,1e+05,76935.7558182438,0.230642441817562,23.0642441817562
West Virginia,2011,Male,1e+05,65798.8650025478,0.342011349974522,34.2011349974522
West Virginia,2011,Female,1e+05,76705.067002688,0.232949329973121,23.2949329973121
West Virginia,2012,Male,1e+05,65844.4376017929,0.341555623982071,34.1555623982071
West Virginia,2012,Female,1e+05,76608.3634951733,0.233916365048267,23.3916365048267
West Virginia,2013,Male,1e+05,65781.6958904235,0.342183041095766,34.2183041095766
West Virginia,2013,Female,1e+05,76529.2062462069,0.234707937537931,23.4707937537931
West Virginia,2014,Male,1e+05,65378.8701147047,0.346211298852953,34.6211298852953
West Virginia,2014,Female,1e+05,76178.5096748554,0.238214903251446,23.8214903251446
West Virginia,2015,Male,1e+05,64876.1495665475,0.351238504334525,35.1238504334525
West Virginia,2015,Female,1e+05,75819.9245320614,0.241800754679386,24.1800754679386
West Virginia,2016,Male,1e+05,64142.6065666228,0.358573934333772,35.8573934333772
West Virginia,2016,Female,1e+05,75213.717485896,0.24786282514104,24.786282514104
West Virginia,2017,Male,1e+05,63679.0653339792,0.363209346660208,36.3209346660208
West Virginia,2017,Female,1e+05,74862.260322713,0.25137739677287,25.137739677287
West Virginia,2018,Male,1e+05,63329.6123049441,0.366703876950559,36.6703876950559
West Virginia,2018,Female,1e+05,75106.5859045667,0.248934140954334,24.8934140954334
West Virginia,2019,Male,1e+05,63340.4866797661,0.366595133202339,36.6595133202339
West Virginia,2019,Female,1e+05,75335.036095848,0.246649639041519,24.664963904152
West Virginia,2020,Male,1e+05,59385.9976902334,0.406140023097666,40.6140023097666
West Virginia,2020,Female,1e+05,72748.5441687356,0.272514558312644,27.2514558312644
West Virginia,2021,Male,1e+05,53628.357807132,0.46371642192868,46.371642192868
West Virginia,2021,Female,1e+05,67937.7307127148,0.320622692872852,32.0622692872852
West Virginia,2022,Male,1e+05,57716.6257682537,0.422833742317463,42.2833742317463
West Virginia,2022,Female,1e+05,70064.8617864027,0.299351382135974,29.9351382135974
West Virginia,2023,Male,1e+05,61244.4494376313,0.387555505623687,38.7555505623687
West Virginia,2023,Female,1e+05,72857.0531946361,0.271429468053639,27.1429468053639
Wisconsin,1990,Male,1e+05,68959.6932817155,0.310403067182846,31.0403067182846
Wisconsin,1990,Female,1e+05,81377.5977857389,0.186224022142611,18.6224022142611
Wisconsin,1991,Male,1e+05,69501.0014040612,0.304989985959388,30.4989985959388
Wisconsin,1991,Female,1e+05,81697.4302120853,0.183025697879147,18.3025697879147
Wisconsin,1992,Male,1e+05,70217.051644194,0.29782948355806,29.782948355806
Wisconsin,1992,Female,1e+05,81815.7939296007,0.181842060703993,18.1842060703993
Wisconsin,1993,Male,1e+05,70070.2684266001,0.299297315733999,29.9297315733999
Wisconsin,1993,Female,1e+05,81434.0365640587,0.185659634359413,18.5659634359413
Wisconsin,1994,Male,1e+05,70202.9913089983,0.297970086910017,29.7970086910017
Wisconsin,1994,Female,1e+05,81495.6651329274,0.185043348670726,18.5043348670726
Wisconsin,1995,Male,1e+05,70136.1001401288,0.298638998598712,29.8638998598712
Wisconsin,1995,Female,1e+05,81532.0832898948,0.184679167101052,18.4679167101052
Wisconsin,1996,Male,1e+05,70531.9325909879,0.294680674090121,29.4680674090121
Wisconsin,1996,Female,1e+05,81741.8654755887,0.182581345244113,18.2581345244113
Wisconsin,1997,Male,1e+05,71400.1637590406,0.285998362409594,28.5998362409594
Wisconsin,1997,Female,1e+05,81820.9949156781,0.181790050843219,18.1790050843219
Wisconsin,1998,Male,1e+05,71770.4208875738,0.282295791124262,28.2295791124262
Wisconsin,1998,Female,1e+05,81889.6637388035,0.181103362611965,18.1103362611965
Wisconsin,1999,Male,1e+05,71904.3498755762,0.280956501244238,28.0956501244238
Wisconsin,1999,Female,1e+05,81838.748289746,0.18161251710254,18.161251710254
Wisconsin,2000,Male,1e+05,72401.6613850592,0.275983386149408,27.5983386149408
Wisconsin,2000,Female,1e+05,81923.8283401431,0.180761716598569,18.0761716598569
Wisconsin,2001,Male,1e+05,72726.0508121525,0.272739491878476,27.2739491878476
Wisconsin,2001,Female,1e+05,82115.8922853972,0.178841077146028,17.8841077146028
Wisconsin,2002,Male,1e+05,73107.231592118,0.26892768407882,26.892768407882
Wisconsin,2002,Female,1e+05,82298.9678925827,0.177010321074173,17.7010321074174
Wisconsin,2003,Male,1e+05,73776.6355434561,0.26223364456544,26.223364456544
Wisconsin,2003,Female,1e+05,82646.857126097,0.17353142873903,17.353142873903
Wisconsin,2004,Male,1e+05,74514.21932006,0.254857806799401,25.4857806799401
Wisconsin,2004,Female,1e+05,83051.4197393793,0.169485802606208,16.9485802606208
Wisconsin,2005,Male,1e+05,74641.2481873452,0.253587518126548,25.3587518126548
Wisconsin,2005,Female,1e+05,83183.573211036,0.16816426788964,16.816426788964
Wisconsin,2006,Male,1e+05,75074.1454787013,0.249258545212988,24.9258545212988
Wisconsin,2006,Female,1e+05,83395.0232909228,0.166049767090772,16.6049767090772
Wisconsin,2007,Male,1e+05,75307.0447393252,0.246929552606748,24.6929552606748
Wisconsin,2007,Female,1e+05,83836.7474883801,0.161632525116199,16.1632525116199
Wisconsin,2008,Male,1e+05,75619.5923662153,0.243804076337848,24.3804076337848
Wisconsin,2008,Female,1e+05,84004.5670377634,0.159954329622366,15.9954329622366
Wisconsin,2009,Male,1e+05,76134.5117018749,0.238654882981251,23.8654882981251
Wisconsin,2009,Female,1e+05,84392.3411252302,0.156076588747698,15.6076588747698
Wisconsin,2010,Male,1e+05,76403.951639249,0.235960483607511,23.5960483607511
Wisconsin,2010,Female,1e+05,84448.2426535595,0.155517573464405,15.5517573464405
Wisconsin,2011,Male,1e+05,76398.6285776398,0.236013714223602,23.6013714223602
Wisconsin,2011,Female,1e+05,84221.1209130058,0.157788790869942,15.7788790869942
Wisconsin,2012,Male,1e+05,76633.5832298236,0.233664167701764,23.3664167701764
Wisconsin,2012,Female,1e+05,84254.8764169518,0.157451235830482,15.7451235830482
Wisconsin,2013,Male,1e+05,76574.9187689791,0.234250812310209,23.4250812310209
Wisconsin,2013,Female,1e+05,84352.4473640258,0.156475526359742,15.6475526359742
Wisconsin,2014,Male,1e+05,76542.537388035,0.23457462611965,23.457462611965
Wisconsin,2014,Female,1e+05,84430.6080797141,0.155693919202859,15.5693919202859
Wisconsin,2015,Male,1e+05,76433.2708716244,0.235667291283756,23.5667291283756
Wisconsin,2015,Female,1e+05,84531.2672895262,0.154687327104738,15.4687327104738
Wisconsin,2016,Male,1e+05,76198.4044457629,0.238015955542371,23.8015955542371
Wisconsin,2016,Female,1e+05,84423.5582935475,0.155764417064525,15.5764417064525
Wisconsin,2017,Male,1e+05,76186.3594924048,0.238136405075952,23.8136405075952
Wisconsin,2017,Female,1e+05,84484.2432204146,0.155157567795854,15.5157567795854
Wisconsin,2018,Male,1e+05,76295.3900311836,0.237046099688164,23.7046099688164
Wisconsin,2018,Female,1e+05,84536.3304926522,0.154636695073478,15.4636695073478
Wisconsin,2019,Male,1e+05,76109.2100475107,0.238907899524893,23.8907899524893
Wisconsin,2019,Female,1e+05,84393.6839852008,0.156063160147992,15.6063160147992
Wisconsin,2020,Male,1e+05,72916.7139146221,0.270832860853779,27.0832860853779
Wisconsin,2020,Female,1e+05,82687.8539888341,0.173121460111659,17.3121460111659
Wisconsin,2021,Male,1e+05,71838.8068100576,0.281611931899424,28.1611931899424
Wisconsin,2021,Female,1e+05,81987.0472132573,0.180129527867427,18.0129527867427
Wisconsin,2022,Male,1e+05,72975.5265782075,0.270244734217925,27.0244734217925
Wisconsin,2022,Female,1e+05,82722.1711312197,0.172778288687803,17.2778288687803
Wisconsin,2023,Male,1e+05,74879.1273073518,0.251208726926482,25.1208726926483
Wisconsin,2023,Female,1e+05,83730.7222246296,0.162692777753704,16.2692777753704
Wyoming,1990,Male,1e+05,67835.272549443,0.32164727450557,32.164727450557
Wyoming,1990,Female,1e+05,79738.7973844766,0.202612026155234,20.2612026155234
Wyoming,1991,Male,1e+05,68173.3456223797,0.318266543776203,31.8266543776203
Wyoming,1991,Female,1e+05,79890.1173825653,0.201098826174347,20.1098826174347
Wyoming,1992,Male,1e+05,68670.069139994,0.31329930860006,31.329930860006
Wyoming,1992,Female,1e+05,79731.2186701587,0.202687813298413,20.2687813298413
Wyoming,1993,Male,1e+05,68115.8579967633,0.318841420032367,31.8841420032367
Wyoming,1993,Female,1e+05,79635.8658526519,0.203641341473481,20.3641341473481
Wyoming,1994,Male,1e+05,68553.3187483927,0.314466812516073,31.4466812516073
Wyoming,1994,Female,1e+05,80131.6847510618,0.198683152489382,19.8683152489382
Wyoming,1995,Male,1e+05,68742.8881532599,0.312571118467401,31.2571118467401
Wyoming,1995,Female,1e+05,80192.7912629302,0.198072087370698,19.8072087370698
Wyoming,1996,Male,1e+05,69645.6439602646,0.303543560397354,30.3543560397354
Wyoming,1996,Female,1e+05,80394.1404298083,0.196058595701917,19.6058595701917
Wyoming,1997,Male,1e+05,70047.2387713678,0.299527612286322,29.9527612286322
Wyoming,1997,Female,1e+05,80468.5591211228,0.195314408788772,19.5314408788772
Wyoming,1998,Male,1e+05,70493.4109625218,0.295065890374782,29.5065890374782
Wyoming,1998,Female,1e+05,80095.4740524124,0.199045259475876,19.9045259475876
Wyoming,1999,Male,1e+05,70864.0019766511,0.291359980233489,29.1359980233489
Wyoming,1999,Female,1e+05,80027.6244318835,0.199723755681166,19.9723755681166
Wyoming,2000,Male,1e+05,71070.8333218773,0.289291666781227,28.9291666781227
Wyoming,2000,Female,1e+05,80022.9402057915,0.199770597942085,19.9770597942085
Wyoming,2001,Male,1e+05,71681.0366797596,0.283189633202404,28.3189633202404
Wyoming,2001,Female,1e+05,80034.5082113492,0.199654917886508,19.9654917886508
Wyoming,2002,Male,1e+05,71582.2262354597,0.284177737645403,28.4177737645403
Wyoming,2002,Female,1e+05,80217.3384674443,0.197826615325557,19.7826615325557
Wyoming,2003,Male,1e+05,71523.9891711622,0.284760108288378,28.4760108288378
Wyoming,2003,Female,1e+05,80283.9155402074,0.197160844597926,19.7160844597926
Wyoming,2004,Male,1e+05,72087.2701926245,0.279127298073755,27.9127298073755
Wyoming,2004,Female,1e+05,80662.0451148321,0.193379548851679,19.3379548851679
Wyoming,2005,Male,1e+05,72074.8169576974,0.279251830423027,27.9251830423027
Wyoming,2005,Female,1e+05,80739.5947997057,0.192604052002943,19.2604052002943
Wyoming,2006,Male,1e+05,72570.2320101806,0.274297679898194,27.4297679898194
Wyoming,2006,Female,1e+05,80896.4349978609,0.191035650021391,19.1035650021391
Wyoming,2007,Male,1e+05,72749.1349038625,0.272508650961375,27.2508650961376
Wyoming,2007,Female,1e+05,81251.8482716838,0.187481517283162,18.7481517283162
Wyoming,2008,Male,1e+05,73326.5819548094,0.266734180451907,26.6734180451907
Wyoming,2008,Female,1e+05,81469.2651989342,0.185307348010658,18.5307348010658
Wyoming,2009,Male,1e+05,73556.6882723701,0.2644331172763,26.44331172763
Wyoming,2009,Female,1e+05,81851.6963710737,0.181483036289263,18.1483036289263
Wyoming,2010,Male,1e+05,73748.5754993096,0.262514245006904,26.2514245006904
Wyoming,2010,Female,1e+05,82047.7073379541,0.179522926620459,17.9522926620459
Wyoming,2011,Male,1e+05,73749.118423315,0.26250881576685,26.250881576685
Wyoming,2011,Female,1e+05,82161.299304822,0.17838700695178,17.838700695178
Wyoming,2012,Male,1e+05,73864.3040013574,0.261356959986427,26.1356959986427
Wyoming,2012,Female,1e+05,82149.0313982791,0.178509686017209,17.8509686017209
Wyoming,2013,Male,1e+05,73961.6382288017,0.260383617711983,26.0383617711983
Wyoming,2013,Female,1e+05,82204.4715581282,0.177955284418718,17.7955284418718
Wyoming,2014,Male,1e+05,74166.8852536219,0.258331147463781,25.8331147463781
Wyoming,2014,Female,1e+05,82025.9214835327,0.179740785164673,17.9740785164673
Wyoming,2015,Male,1e+05,74019.3920217711,0.259806079782289,25.9806079782289
Wyoming,2015,Female,1e+05,81910.6699595651,0.180893300404349,18.0893300404349
Wyoming,2016,Male,1e+05,73935.6298530462,0.260643701469538,26.0643701469538
Wyoming,2016,Female,1e+05,81907.7889394015,0.180922110605985,18.0922110605985
Wyoming,2017,Male,1e+05,73676.020544431,0.26323979455569,26.323979455569
Wyoming,2017,Female,1e+05,81824.0894013076,0.181759105986924,18.1759105986924
Wyoming,2018,Male,1e+05,73753.0891504862,0.262469108495138,26.2469108495138
Wyoming,2018,Female,1e+05,81946.4971805222,0.180535028194778,18.0535028194778
Wyoming,2019,Male,1e+05,73418.5702005342,0.265814297994658,26.5814297994658
Wyoming,2019,Female,1e+05,81858.1076697985,0.181418923302015,18.1418923302015
Wyoming,2020,Male,1e+05,69461.1015781974,0.305388984218026,30.5388984218026
Wyoming,2020,Female,1e+05,79396.9390436882,0.206030609563118,20.6030609563119
Wyoming,2021,Male,1e+05,64701.5705215472,0.352984294784528,35.2984294784528
Wyoming,2021,Female,1e+05,76432.6894244025,0.235673105755976,23.5673105755976
Wyoming,2022,Male,1e+05,69680.6330121866,0.303193669878134,30.3193669878134
Wyoming,2022,Female,1e+05,79583.4082374201,0.204165917625799,20.4165917625799
Wyoming,2023,Male,1e+05,72005.1862994614,0.279948137005386,27.9948137005386
Wyoming,2023,Female,1e+05,80778.8375831221,0.192211624168779,19.2211624168779
