state,sex,reference,method,cause_group,contribution,ppd_gap,contribution_pct,rnk
Alabama,Female,local_best3,horiuchi,Other,0.0333761887258021,0.0923405587366097,36.1446683694037,1
Alabama,Female,local_best3,horiuchi,NCDs strongly linked to tobacco use,0.0175864520218333,0.0923405587366097,19.0452085870484,2
Alabama,Female,local_best3,horiuchi,Atherosclerotic CVDs,0.0137332763330472,0.0923405587366097,14.8724206577737,3
Alabama,Female,local_best3,horiuchi,Mental and substance use disorders,0.00512742758928897,0.0923405587366097,5.55273615347546,4
Alabama,Female,local_best3,horiuchi,Diabetes,0.00469370026051486,0.0923405587366097,5.08303212015759,5
Alabama,Female,local_best3,stepwise,Other,0.0333789825168953,0.0923405587366097,36.1476938991725,1
Alabama,Female,local_best3,stepwise,NCDs strongly linked to tobacco use,0.0175839156280186,0.0923405587366097,19.0424618050824,2
Alabama,Female,local_best3,stepwise,Atherosclerotic CVDs,0.0137304927790885,0.0923405587366097,14.8694062142867,3
Alabama,Female,local_best3,stepwise,Mental and substance use disorders,0.00512871386733665,0.0923405587366097,5.55412912538865,4
Alabama,Female,local_best3,stepwise,Diabetes,0.00469305297259937,0.0923405587366097,5.08233114116813,5
Alabama,Female,western_europe,horiuchi,Other,0.0301333525328406,0.117717357584733,25.5980538054046,1
Alabama,Female,western_europe,horiuchi,Atherosclerotic CVDs,0.0181276048694269,0.117717357584733,15.3992624718735,2
Alabama,Female,western_europe,horiuchi,Mental and substance use disorders,0.0176759868170959,0.117717357584733,15.01561637108,3
Alabama,Female,western_europe,horiuchi,NCDs strongly linked to tobacco use,0.0173418526393845,0.117717357584733,14.7317719282832,4
Alabama,Female,western_europe,horiuchi,Diabetes,0.00815315400827554,0.117717357584733,6.9260423233735,5
Alabama,Female,western_europe,stepwise,Other,0.0301372332527855,0.117717357584733,25.6013504474841,1
Alabama,Female,western_europe,stepwise,Atherosclerotic CVDs,0.0181214884107976,0.117717357584733,15.394066586785,2
Alabama,Female,western_europe,stepwise,Mental and substance use disorders,0.0176782301694052,0.117717357584733,15.0175220818055,3
Alabama,Female,western_europe,stepwise,NCDs strongly linked to tobacco use,0.0173395824837526,0.117717357584733,14.729843448339,4
Alabama,Female,western_europe,stepwise,Diabetes,0.00815122579937572,0.117717357584733,6.92440432457758,5
Alabama,Male,local_best3,horiuchi,Other,0.0378293564626426,0.129123349516456,29.2970687364499,1
Alabama,Male,local_best3,horiuchi,NCDs strongly linked to tobacco use,0.0253085008083739,0.129123349516456,19.6002511576331,2
Alabama,Male,local_best3,horiuchi,Atherosclerotic CVDs,0.0249799904834064,0.129123349516456,19.3458352629109,3
Alabama,Male,local_best3,horiuchi,Road injury,0.00859649068542934,0.129123349516456,6.65758030412132,4
Alabama,Male,local_best3,horiuchi,Violence,0.00773285838956139,0.129123349516456,5.9887374502904,5
Alabama,Male,local_best3,stepwise,Other,0.0378351478719942,0.129123349516456,29.3015539123481,1
Alabama,Male,local_best3,stepwise,NCDs strongly linked to tobacco use,0.0253018678196165,0.129123349516456,19.5951142178138,2
Alabama,Male,local_best3,stepwise,Atherosclerotic CVDs,0.0249662800752218,0.129123349516456,19.3352171924876,3
Alabama,Male,local_best3,stepwise,Road injury,0.0086018069778907,0.129123349516456,6.66169752419134,4
Alabama,Male,local_best3,stepwise,Violence,0.00773959726290013,0.129123349516456,5.9939563927698,5
Alabama,Male,western_europe,horiuchi,Other,0.0293489113766066,0.158172498548784,18.5550027001405,1
Alabama,Male,western_europe,horiuchi,Atherosclerotic CVDs,0.0291296179838335,0.158172498548784,18.4163607776919,2
Alabama,Male,western_europe,horiuchi,Mental and substance use disorders,0.0266888923118305,0.158172498548784,16.8732823700064,3
Alabama,Male,western_europe,horiuchi,NCDs strongly linked to tobacco use,0.0171627753974539,0.158172498548784,10.8506697149761,4
Alabama,Male,western_europe,horiuchi,Road injury,0.0125551089611983,0.158172498548784,7.93760551068618,5
Alabama,Male,western_europe,stepwise,Other,0.0293588953179492,0.158172498548784,18.5613147590852,1
Alabama,Male,western_europe,stepwise,Atherosclerotic CVDs,0.0291070119414746,0.158172498548784,18.402068759442,2
Alabama,Male,western_europe,stepwise,Mental and substance use disorders,0.0266880171141455,0.158172498548784,16.8727290515136,3
Alabama,Male,western_europe,stepwise,NCDs strongly linked to tobacco use,0.0171638307425713,0.158172498548784,10.851336926487,4
Alabama,Male,western_europe,stepwise,Road injury,0.0125614874147286,0.158172498548784,7.94163810395547,5
Alaska,Female,local_best3,horiuchi,Mental and substance use disorders,0.0172933667473879,0.0501702040547464,34.4693968725285,1
Alaska,Female,local_best3,horiuchi,Other,0.0111186777561122,0.0501702040547464,22.1619145578506,2
Alaska,Female,local_best3,horiuchi,NCDs strongly linked to tobacco use,0.00823455715441568,0.0501702040547464,16.413242301008,3
Alaska,Female,local_best3,horiuchi,Suicide,0.00405155726083251,0.0501702040547464,8.07562444117507,4
Alaska,Female,local_best3,horiuchi,NCDs strongly linked to infections,0.00262063797263357,0.0501702040547464,5.22349474555434,5
Alaska,Female,local_best3,stepwise,Mental and substance use disorders,0.0172926865227705,0.0501702040547464,34.4680410386621,1
Alaska,Female,local_best3,stepwise,Other,0.0111193497768692,0.0501702040547464,22.16325403966,2
Alaska,Female,local_best3,stepwise,NCDs strongly linked to tobacco use,0.00823475740938923,0.0501702040547464,16.4136414522121,3
Alaska,Female,local_best3,stepwise,Suicide,0.00405154326175689,0.0501702040547464,8.07559653800847,4
Alaska,Female,local_best3,stepwise,NCDs strongly linked to infections,0.00262045741012074,0.0501702040547464,5.22313484565711,5
Alaska,Female,western_europe,horiuchi,Mental and substance use disorders,0.030348238374958,0.0755470029028698,40.1713333538546,1
Alaska,Female,western_europe,horiuchi,NCDs strongly linked to tobacco use,0.00783726230452386,0.0755470029028698,10.3740214745516,2
Alaska,Female,western_europe,horiuchi,Other,0.00744684715838695,0.0755470029028698,9.85723704745946,3
Alaska,Female,western_europe,horiuchi,Atherosclerotic CVDs,0.00565507549646671,0.0755470029028698,7.48550608121066,4
Alaska,Female,western_europe,horiuchi,Suicide,0.00501027332585924,0.0755470029028698,6.63199482883644,5
Alaska,Female,western_europe,stepwise,Mental and substance use disorders,0.0303456720207019,0.0755470029028698,40.1679363239825,1
Alaska,Female,western_europe,stepwise,NCDs strongly linked to tobacco use,0.00783819141147629,0.0755470029028698,10.3752513141439,2
Alaska,Female,western_europe,stepwise,Other,0.00744843377152077,0.0755470029028698,9.85933721433948,3
Alaska,Female,western_europe,stepwise,Atherosclerotic CVDs,0.00565452070702355,0.0755470029028698,7.48477171793767,4
Alaska,Female,western_europe,stepwise,Suicide,0.00501026261864868,0.0755470029028698,6.63198065592401,5
Alaska,Male,local_best3,horiuchi,Mental and substance use disorders,0.0154863390755902,0.0464641791754641,33.3296301589847,1
Alaska,Male,local_best3,horiuchi,Other,0.0103210623050634,0.0464641791754641,22.212944440679,2
Alaska,Male,local_best3,horiuchi,Suicide,0.00798738932399012,0.0464641791754641,17.1904238183722,3
Alaska,Male,local_best3,horiuchi,NCDs strongly linked to tobacco use,0.00545427430172996,0.0464641791754641,11.7386649210628,4
Alaska,Male,local_best3,horiuchi,Atherosclerotic CVDs,0.00472346701301252,0.0464641791754641,10.1658247209644,5
Alaska,Male,local_best3,stepwise,Mental and substance use disorders,0.0154855268355811,0.0464641791754641,33.3278820596456,1
Alaska,Male,local_best3,stepwise,Other,0.010321834273069,0.0464641791754641,22.2146058667912,2
Alaska,Male,local_best3,stepwise,Suicide,0.00798734721732752,0.0464641791754641,17.1903331966,3
Alaska,Male,local_best3,stepwise,NCDs strongly linked to tobacco use,0.00545473363583049,0.0464641791754641,11.7396534978733,4
Alaska,Male,local_best3,stepwise,Atherosclerotic CVDs,0.00472357484610231,0.0464641791754641,10.1660567988612,5
Alaska,Male,western_europe,horiuchi,Mental and substance use disorders,0.0381590793991188,0.0755133282077913,50.5329063157113,1
Alaska,Male,western_europe,horiuchi,Suicide,0.0132001871740127,0.0755133282077913,17.480605725243,2
Alaska,Male,western_europe,horiuchi,Atherosclerotic CVDs,0.0087046359427857,0.0755133282077913,11.5272841886044,3
Alaska,Male,western_europe,horiuchi,Diabetes,0.0052929466958469,0.0755133282077913,7.00928805744359,4
Alaska,Male,western_europe,horiuchi,Violence,0.00471650085751285,0.0755133282077913,6.24591839540481,5
Alaska,Male,western_europe,stepwise,Mental and substance use disorders,0.0381571603198599,0.0755133282077913,50.5303649375144,1
Alaska,Male,western_europe,stepwise,Suicide,0.0132002042503085,0.0755133282077913,17.4806283388613,2
Alaska,Male,western_europe,stepwise,Atherosclerotic CVDs,0.00870627893973319,0.0755133282077913,11.5294599594074,3
Alaska,Male,western_europe,stepwise,Diabetes,0.00529407167141727,0.0755133282077913,7.01077782831857,4
Alaska,Male,western_europe,stepwise,Violence,0.00471620676516921,0.0755133282077913,6.24552893787377,5
Arizona,Female,local_best3,horiuchi,Other,0.00896159025220278,0.0354107279415138,25.3075572662731,1
Arizona,Female,local_best3,horiuchi,Mental and substance use disorders,0.0079779806772462,0.0354107279415138,22.5298409296275,2
Arizona,Female,local_best3,horiuchi,NCDs strongly linked to tobacco use,0.00376594810413644,0.0354107279415138,10.63504853771,3
Arizona,Female,local_best3,horiuchi,Atherosclerotic CVDs,0.0029188189847803,0.0354107279415138,8.24275340964799,4
Arizona,Female,local_best3,horiuchi,Diabetes,0.00223512984610752,0.0354107279415138,6.31201326840605,5
Arizona,Female,local_best3,stepwise,Other,0.00896169365347099,0.0354107279415138,25.3078492717591,1
Arizona,Female,local_best3,stepwise,Mental and substance use disorders,0.00797793448659689,0.0354107279415138,22.5297104870978,2
Arizona,Female,local_best3,stepwise,NCDs strongly linked to tobacco use,0.00376594009410319,0.0354107279415138,10.6350259173526,3
Arizona,Female,local_best3,stepwise,Atherosclerotic CVDs,0.00291875973042416,0.0354107279415138,8.24258607517172,4
Arizona,Female,local_best3,stepwise,Diabetes,0.00223507794897626,0.0354107279415138,6.31186671075453,5
Arizona,Female,western_europe,horiuchi,Mental and substance use disorders,0.0210091340994975,0.0607875267896372,34.5615872351612,1
Arizona,Female,western_europe,horiuchi,Atherosclerotic CVDs,0.0073004159924005,0.0607875267896372,12.0097269587304,2
Arizona,Female,western_europe,horiuchi,Diabetes,0.00577743335810832,0.0607875267896372,9.5043073196609,3
Arizona,Female,western_europe,horiuchi,Other,0.00522348252941818,0.0607875267896372,8.59301703044227,4
Arizona,Female,western_europe,horiuchi,Road injury,0.00398542153582759,0.0607875267896372,6.55631466899393,5
Arizona,Female,western_europe,stepwise,Mental and substance use disorders,0.0210084035408382,0.0607875267896372,34.5603854118631,1
Arizona,Female,western_europe,stepwise,Atherosclerotic CVDs,0.00730002397326235,0.0607875267896372,12.0090820581087,2
Arizona,Female,western_europe,stepwise,Diabetes,0.00577722138558734,0.0607875267896372,9.50395860910765,3
Arizona,Female,western_europe,stepwise,Other,0.00522389873488899,0.0607875267896372,8.59370171937895,4
Arizona,Female,western_europe,stepwise,Road injury,0.00398563680714709,0.0607875267896372,6.55666880631594,5
Arizona,Male,local_best3,horiuchi,Mental and substance use disorders,0.0223112140961059,0.061311279471853,36.3900644193026,1
Arizona,Male,local_best3,horiuchi,Other,0.00801620908263989,0.061311279471853,13.0746073996384,2
Arizona,Male,local_best3,horiuchi,Atherosclerotic CVDs,0.00764278284716247,0.061311279471853,12.4655412723382,3
Arizona,Male,local_best3,horiuchi,NCDs strongly linked to tobacco use,0.00476695690871853,0.061311279471853,7.77500804057917,4
Arizona,Male,local_best3,horiuchi,Road injury,0.00423311180961405,0.061311279471853,6.90429533697369,5
Arizona,Male,local_best3,stepwise,Mental and substance use disorders,0.0223104844235881,0.061311279471853,36.3888743079167,1
Arizona,Male,local_best3,stepwise,Other,0.00801697890979969,0.061311279471853,13.0758630040989,2
Arizona,Male,local_best3,stepwise,Atherosclerotic CVDs,0.00764233312583412,0.061311279471853,12.4648077672928,3
Arizona,Male,local_best3,stepwise,NCDs strongly linked to tobacco use,0.00476724600958878,0.061311279471853,7.77547957024342,4
Arizona,Male,local_best3,stepwise,Road injury,0.00423340825402552,0.061311279471853,6.90477884410976,5
Arizona,Male,western_europe,horiuchi,Mental and substance use disorders,0.0448902588411068,0.0903604285041802,49.6791123993287,1
Arizona,Male,western_europe,horiuchi,Atherosclerotic CVDs,0.0116403468303949,0.0903604285041802,12.8821288511889,2
Arizona,Male,western_europe,horiuchi,Diabetes,0.00919809498872104,0.0903604285041802,10.1793397187083,3
Arizona,Male,western_europe,horiuchi,Suicide,0.0085241687737152,0.0903604285041802,9.43351964441034,4
Arizona,Male,western_europe,horiuchi,Road injury,0.00829347810979564,0.0903604285041802,9.17821910219468,5
Arizona,Male,western_europe,stepwise,Mental and substance use disorders,0.0448853027158815,0.0903604285041802,49.6736275589984,1
Arizona,Male,western_europe,stepwise,Atherosclerotic CVDs,0.0116407322206056,0.0903604285041802,12.8825553544902,2
Arizona,Male,western_europe,stepwise,Diabetes,0.00919914371165503,0.0903604285041802,10.1805003184878,3
Arizona,Male,western_europe,stepwise,Suicide,0.00852473520721037,0.0903604285041802,9.43414650453544,4
Arizona,Male,western_europe,stepwise,Road injury,0.00829434351613773,0.0903604285041802,9.17917682932857,5
Arkansas,Female,local_best3,horiuchi,Other,0.0342931929887875,0.0969886734919994,35.3579358847674,1
Arkansas,Female,local_best3,horiuchi,Atherosclerotic CVDs,0.019542283824597,0.0969886734919994,20.1490371205139,2
Arkansas,Female,local_best3,horiuchi,NCDs strongly linked to tobacco use,0.0190898270492611,0.0969886734919994,19.6825323637773,3
Arkansas,Female,local_best3,horiuchi,Diabetes,0.00528316918670069,0.0969886734919994,5.44720223144046,4
Arkansas,Female,local_best3,horiuchi,Road injury,0.00422620467746582,0.0969886734919994,4.35742084648105,5
Arkansas,Female,local_best3,stepwise,Other,0.0342974392492251,0.0969886734919994,35.3623139840698,1
Arkansas,Female,local_best3,stepwise,Atherosclerotic CVDs,0.0195378885068729,0.0969886734919994,20.1445053359603,2
Arkansas,Female,local_best3,stepwise,NCDs strongly linked to tobacco use,0.0190871430820078,0.0969886734919994,19.6797650640952,3
Arkansas,Female,local_best3,stepwise,Diabetes,0.00528245286506657,0.0969886734919994,5.44646366928848,4
Arkansas,Female,local_best3,stepwise,Road injury,0.00422779613470481,0.0969886734919994,4.35906171564823,5
Arkansas,Female,western_europe,horiuchi,Other,0.0310755659221695,0.122365472340123,25.3956980902202,1
Arkansas,Female,western_europe,horiuchi,Atherosclerotic CVDs,0.0240106485643715,0.122365472340123,19.6220781117343,2
Arkansas,Female,western_europe,horiuchi,NCDs strongly linked to tobacco use,0.0188692437778534,0.122365472340123,15.4203987587324,3
Arkansas,Female,western_europe,horiuchi,Mental and substance use disorders,0.0128675951413801,0.122365472340123,10.5157074910918,4
Arkansas,Female,western_europe,horiuchi,Diabetes,0.00874151044873794,0.122365472340123,7.14377208011779,5
Arkansas,Female,western_europe,stepwise,Other,0.031080740248589,0.122365472340123,25.3999266739216,1
Arkansas,Female,western_europe,stepwise,Atherosclerotic CVDs,0.024001952715627,0.122365472340123,19.6149716554945,2
Arkansas,Female,western_europe,stepwise,NCDs strongly linked to tobacco use,0.0188667833779688,0.122365472340123,15.4183880609126,3
Arkansas,Female,western_europe,stepwise,Mental and substance use disorders,0.0128692548867558,0.122365472340123,10.5170638748362,4
Arkansas,Female,western_europe,stepwise,Diabetes,0.00873961549101654,0.122365472340123,7.14222347520076,5
Arkansas,Male,local_best3,horiuchi,Other,0.0376767961100684,0.12250393768345,30.7555796348565,1
Arkansas,Male,local_best3,horiuchi,Atherosclerotic CVDs,0.0341182399452898,0.12250393768345,27.8507292014167,2
Arkansas,Male,local_best3,horiuchi,NCDs strongly linked to tobacco use,0.0232487520346614,0.12250393768345,18.9779630551437,3
Arkansas,Male,local_best3,horiuchi,Road injury,0.00727069785356294,0.12250393768345,5.93507277484453,4
Arkansas,Male,local_best3,horiuchi,Diabetes,0.00560387233003734,0.12250393768345,4.57444261466741,5
Arkansas,Male,local_best3,stepwise,Other,0.0376850548979798,0.12250393768345,30.7623212858333,1
Arkansas,Male,local_best3,stepwise,Atherosclerotic CVDs,0.0341023819168169,0.12250393768345,27.8377842881569,2
Arkansas,Male,local_best3,stepwise,NCDs strongly linked to tobacco use,0.0232446222687564,0.12250393768345,18.974591926033,3
Arkansas,Male,local_best3,stepwise,Road injury,0.00727542604587317,0.12250393768345,5.93893239960406,4
Arkansas,Male,local_best3,stepwise,Diabetes,0.00560176722535377,0.12250393768345,4.57272421710128,5
Arkansas,Male,western_europe,horiuchi,Atherosclerotic CVDs,0.0384580597383928,0.151553086715777,25.3759659877579,1
Arkansas,Male,western_europe,horiuchi,Other,0.0291476556260363,0.151553086715777,19.2326373930607,2
Arkansas,Male,western_europe,horiuchi,Mental and substance use disorders,0.0179377907208057,0.151553086715777,11.8359784742928,3
Arkansas,Male,western_europe,horiuchi,NCDs strongly linked to tobacco use,0.0150211828905916,0.151553086715777,9.91149914271451,4
Arkansas,Male,western_europe,horiuchi,Road injury,0.0112224101002819,0.151553086715777,7.40493667498072,5
Arkansas,Male,western_europe,stepwise,Atherosclerotic CVDs,0.0384316053568798,0.151553086715777,25.3585104663388,1
Arkansas,Male,western_europe,stepwise,Other,0.0291557604635486,0.151553086715777,19.2379852468642,2
Arkansas,Male,western_europe,stepwise,Mental and substance use disorders,0.0179391137018311,0.151553086715777,11.8368514232073,3
Arkansas,Male,western_europe,stepwise,NCDs strongly linked to tobacco use,0.0150232482208152,0.151553086715777,9.91286191946052,4
Arkansas,Male,western_europe,stepwise,Road injury,0.0112284221018032,0.151553086715777,7.40890360277587,5
California,Female,local_best3,horiuchi,NCDs strongly linked to tobacco use,-0.00240165749724453,0.00223592836530551,-107.412094882404,1
California,Female,local_best3,horiuchi,Other,0.0023367700191006,0.00223592836530551,104.510057449059,2
California,Female,local_best3,horiuchi,Atherosclerotic CVDs,0.00183778874396334,0.00223592836530551,82.1935430705194,3
California,Female,local_best3,horiuchi,Mental and substance use disorders,-0.00170101761895325,0.00223592836530551,-76.0765704907022,4
California,Female,local_best3,horiuchi,NCDs strongly linked to infections,0.000887587086071839,0.00223592836530551,39.6965797225156,5
California,Female,local_best3,stepwise,NCDs strongly linked to tobacco use,-0.00240165968053108,0.00223592836530551,-107.412192528043,1
California,Female,local_best3,stepwise,Other,0.00233677370670038,0.00223592836530551,104.510222373832,2
California,Female,local_best3,stepwise,Atherosclerotic CVDs,0.0018377898639082,0.00223592836530551,82.1935931591035,3
California,Female,local_best3,stepwise,Mental and substance use disorders,-0.00170102246743381,0.00223592836530551,-76.0767873348837,4
California,Female,local_best3,stepwise,NCDs strongly linked to infections,0.000887588210754797,0.00223592836530551,39.6966300230071,5
California,Female,western_europe,horiuchi,Mental and substance use disorders,0.0114411591658242,0.0276127272134289,41.4343685699399,1
California,Female,western_europe,horiuchi,Atherosclerotic CVDs,0.00628818260732178,0.0276127272134289,22.7727690883921,2
California,Female,western_europe,horiuchi,Diabetes,0.00431448220655839,0.0276127272134289,15.6249767478966,3
California,Female,western_europe,horiuchi,NCDs strongly linked to tobacco use,-0.00296958545450443,0.0276127272134289,-10.7544083985309,4
California,Female,western_europe,horiuchi,Road injury,0.00264513382336351,0.0276127272134289,9.579400842656,5
California,Female,western_europe,stepwise,Mental and substance use disorders,0.0114411044852987,0.0276127272134289,41.4341705434101,1
California,Female,western_europe,stepwise,Atherosclerotic CVDs,0.00628810913556643,0.0276127272134289,22.7725030090774,2
California,Female,western_europe,stepwise,Diabetes,0.00431447571963417,0.0276127272134289,15.6249532553811,3
California,Female,western_europe,stepwise,NCDs strongly linked to tobacco use,-0.00296958711137246,0.0276127272134289,-10.754414398909,4
California,Female,western_europe,stepwise,Road injury,0.00264516798724179,0.0276127272134289,9.57952456777021,5
California,Male,local_best3,horiuchi,Atherosclerotic CVDs,0.00555788846666272,0.00661813347107743,83.9796974623103,1
California,Male,local_best3,horiuchi,Suicide,-0.00381022780164264,0.00661813347107743,-57.572543955091,2
California,Male,local_best3,horiuchi,NCDs strongly linked to tobacco use,-0.00205228228303489,0.00661813347107743,-31.0099863051082,3
California,Male,local_best3,horiuchi,NCDs strongly linked to infections,0.00178115005407997,0.00661813347107743,26.9131781923703,4
California,Male,local_best3,horiuchi,Violence,0.00168226920304648,0.00661813347107743,25.4190884846662,5
California,Male,local_best3,stepwise,Atherosclerotic CVDs,0.00555789165484111,0.00661813347107743,83.9797456356873,1
California,Male,local_best3,stepwise,Suicide,-0.00381025696637716,0.00661813347107743,-57.5729846342439,2
California,Male,local_best3,stepwise,NCDs strongly linked to tobacco use,-0.00205229222003755,0.00661813347107743,-31.0101364532233,3
California,Male,local_best3,stepwise,NCDs strongly linked to infections,0.0017811609668722,0.00661813347107743,26.9133430846662,4
California,Male,local_best3,stepwise,Violence,0.0016822842054417,0.00661813347107743,25.4193151708653,5
California,Male,western_europe,horiuchi,Mental and substance use disorders,0.0246871047938846,0.0356672825034047,69.2149865679507,1
California,Male,western_europe,horiuchi,NCDs strongly linked to tobacco use,-0.0114666872758604,0.0356672825034047,-32.1490353933352,2
California,Male,western_europe,horiuchi,Other,-0.0113408303248275,0.0356672825034047,-31.7961715298745,3
California,Male,western_europe,horiuchi,Atherosclerotic CVDs,0.00965628138354535,0.0356672825034047,27.0732186636972,4
California,Male,western_europe,horiuchi,Diabetes,0.00653916995451809,0.0356672825034047,18.3338048080727,5
California,Male,western_europe,stepwise,Mental and substance use disorders,0.0246876247586528,0.0356672825034047,69.216444387924,1
California,Male,western_europe,stepwise,NCDs strongly linked to tobacco use,-0.0114685597110438,0.0356672825034047,-32.1542851209621,2
California,Male,western_europe,stepwise,Other,-0.0113413532002004,0.0356672825034047,-31.7976375102806,3
California,Male,western_europe,stepwise,Atherosclerotic CVDs,0.00965677382850227,0.0356672825034047,27.0745993266531,4
California,Male,western_europe,stepwise,Diabetes,0.00653970301535517,0.0356672825034047,18.335299345362,5
Colorado,Female,local_best3,horiuchi,Mental and substance use disorders,0.00525632594073788,0.0118869843098821,44.2191711851432,1
Colorado,Female,local_best3,horiuchi,Suicide,0.00265363197636026,0.0118869843098821,22.3238452006216,2
Colorado,Female,local_best3,horiuchi,Other,0.00255122325697976,0.0118869843098821,21.4623254348778,3
Colorado,Female,local_best3,horiuchi,Atherosclerotic CVDs,-0.00174023252535771,0.0118869843098821,-14.6398151119876,4
Colorado,Female,local_best3,horiuchi,NCDs strongly linked to tobacco use,0.00154963353741389,0.0118869843098821,13.0363891885145,5
Colorado,Female,local_best3,stepwise,Mental and substance use disorders,0.00525630908675279,0.0118869843098821,44.219029399938,1
Colorado,Female,local_best3,stepwise,Suicide,0.00265363191444196,0.0118869843098821,22.32384467973,2
Colorado,Female,local_best3,stepwise,Other,0.00255123714586736,0.0118869843098821,21.4624422760146,3
Colorado,Female,local_best3,stepwise,Atherosclerotic CVDs,-0.00174023312470684,0.0118869843098821,-14.6398201540496,4
Colorado,Female,local_best3,stepwise,NCDs strongly linked to tobacco use,0.00154963435352462,0.0118869843098821,13.0363960540972,5
Colorado,Female,western_europe,horiuchi,Mental and substance use disorders,0.0184267749330147,0.0372637831580055,49.4495549603262,1
Colorado,Female,western_europe,horiuchi,Suicide,0.00361208480775199,0.0372637831580055,9.69328528033793,2
Colorado,Female,western_europe,horiuchi,Diabetes,0.00296154123715198,0.0372637831580055,7.94750555678816,3
Colorado,Female,western_europe,horiuchi,Road injury,0.00276153622255126,0.0372637831580055,7.41077794179359,4
Colorado,Female,western_europe,horiuchi,Atherosclerotic CVDs,0.00263348602229829,0.0372637831580055,7.06714616476758,5
Colorado,Female,western_europe,stepwise,Mental and substance use disorders,0.0184263704391018,0.0372637831580055,49.448469472277,1
Colorado,Female,western_europe,stepwise,Suicide,0.00361208896303067,0.0372637831580055,9.69329643132241,2
Colorado,Female,western_europe,stepwise,Diabetes,0.00296152456477466,0.0372637831580055,7.94746081528341,3
Colorado,Female,western_europe,stepwise,Road injury,0.0027615834095141,0.0372637831580055,7.41090457134871,4
Colorado,Female,western_europe,stepwise,Atherosclerotic CVDs,0.00263344256404174,0.0372637831580055,7.06702954145973,5
Colorado,Male,local_best3,horiuchi,Mental and substance use disorders,0.00815643664146937,0.0161255661259456,50.5807769957662,1
Colorado,Male,local_best3,horiuchi,Suicide,0.00456484809654334,0.0161255661259456,28.308141623621,2
Colorado,Male,local_best3,horiuchi,NCDs strongly linked to tobacco use,0.00179656553390595,0.0161255661259456,11.1411005348539,3
Colorado,Male,local_best3,horiuchi,Road injury,0.00173630672551484,0.0161255661259456,10.7674156178688,4
Colorado,Male,local_best3,horiuchi,Diabetes,-0.00168587092988337,0.0161255661259456,-10.4546464708042,5
Colorado,Male,local_best3,stepwise,Mental and substance use disorders,0.00815640205068413,0.0161255661259456,50.5805624867997,1
Colorado,Male,local_best3,stepwise,Suicide,0.00456486009198964,0.0161255661259456,28.308216011374,2
Colorado,Male,local_best3,stepwise,NCDs strongly linked to tobacco use,0.00179658183553305,0.0161255661259456,11.1412016266666,3
Colorado,Male,local_best3,stepwise,Road injury,0.00173632327911638,0.0161255661259456,10.7675182722589,4
Colorado,Male,local_best3,stepwise,Diabetes,-0.00168588444154832,0.0161255661259456,-10.4547302611335,5
Colorado,Male,western_europe,horiuchi,Mental and substance use disorders,0.0311417365977301,0.0451747151582729,68.9362101977241,1
Colorado,Male,western_europe,horiuchi,Suicide,0.00981517254586184,0.0451747151582729,21.7271376509485,2
Colorado,Male,western_europe,horiuchi,Other,-0.00822625577806358,0.0451747151582729,-18.2098675093851,3
Colorado,Male,western_europe,horiuchi,NCDs strongly linked to tobacco use,-0.00748946223809111,0.0451747151582729,-16.5788809333966,4
Colorado,Male,western_europe,horiuchi,Road injury,0.00587041739161265,0.0451747151582729,12.9949184428617,5
Colorado,Male,western_europe,stepwise,Mental and substance use disorders,0.0311420741611765,0.0451747151582729,68.9369574375134,1
Colorado,Male,western_europe,stepwise,Suicide,0.00981537649848224,0.0451747151582729,21.7275891261148,2
Colorado,Male,western_europe,stepwise,Other,-0.00822669082454758,0.0451747151582729,-18.210830540325,3
Colorado,Male,western_europe,stepwise,NCDs strongly linked to tobacco use,-0.00749109290218775,0.0451747151582729,-16.5824906165809,4
Colorado,Male,western_europe,stepwise,Road injury,0.00587072194817051,0.0451747151582729,12.9955926176889,5
Connecticut,Female,local_best3,horiuchi,Mental and substance use disorders,0.00565321521237494,0.0033155502461274,170.506093791761,1
Connecticut,Female,local_best3,horiuchi,NCDs strongly linked to tobacco use,0.00182551472450687,0.0033155502461274,55.0591783864261,2
Connecticut,Female,local_best3,horiuchi,Other,-0.00123799933920343,0.0033155502461274,-37.339181954773,3
Connecticut,Female,local_best3,horiuchi,NCDs strongly linked to infections,-0.000905385744820131,0.0033155502461274,-27.3072545312089,4
Connecticut,Female,local_best3,horiuchi,Diabetes,-0.00080606745620182,0.0033155502461274,-24.3117249434937,5
Connecticut,Female,local_best3,stepwise,Mental and substance use disorders,0.00565321533146496,0.0033155502461274,170.506097383624,1
Connecticut,Female,local_best3,stepwise,NCDs strongly linked to tobacco use,0.00182551460426333,0.0033155502461274,55.059174759772,2
Connecticut,Female,local_best3,stepwise,Other,-0.00123799910875877,0.0033155502461274,-37.3391750043531,3
Connecticut,Female,local_best3,stepwise,NCDs strongly linked to infections,-0.000905385767086153,0.0033155502461274,-27.3072552027723,4
Connecticut,Female,local_best3,stepwise,Diabetes,-0.000806067289197521,0.0033155502461274,-24.3117199064927,5
Connecticut,Female,western_europe,horiuchi,Mental and substance use disorders,0.0188943848788821,0.0286923490942508,65.8516485241985,1
Connecticut,Female,western_europe,horiuchi,Other,-0.0051987133194914,0.0286923490942508,-18.1188138427226,2
Connecticut,Female,western_europe,horiuchi,Atherosclerotic CVDs,0.00412354451247488,0.0286923490942508,14.3715821208279,3
Connecticut,Female,western_europe,horiuchi,Diabetes,0.00275814190756662,0.0286923490942508,9.61281315275537,4
Connecticut,Female,western_europe,horiuchi,Road injury,0.00161547509227045,0.0286923490942508,5.63033402027772,5
Connecticut,Female,western_europe,stepwise,Mental and substance use disorders,0.0188941646544417,0.0286923490942508,65.8508809870419,1
Connecticut,Female,western_europe,stepwise,Other,-0.00519858499716003,0.0286923490942508,-18.1183666073605,2
Connecticut,Female,western_europe,stepwise,Atherosclerotic CVDs,0.00412349609020751,0.0286923490942508,14.3714133571369,3
Connecticut,Female,western_europe,stepwise,Diabetes,0.00275813119372581,0.0286923490942508,9.61277581234528,4
Connecticut,Female,western_europe,stepwise,Road injury,0.00161549522417437,0.0286923490942508,5.63040418498907,5
Connecticut,Male,local_best3,horiuchi,Mental and substance use disorders,0.0276274066210114,0.0205307757507137,134.565819414062,1
Connecticut,Male,local_best3,horiuchi,Other,-0.00504078956709109,0.0205307757507137,-24.5523580223989,2
Connecticut,Male,local_best3,horiuchi,Suicide,-0.00349914729106715,0.0205307757507137,-17.0434246301945,3
Connecticut,Male,local_best3,horiuchi,Atherosclerotic CVDs,0.0020691217528388,0.0205307757507137,10.0781469631846,4
Connecticut,Male,local_best3,horiuchi,Diabetes,-0.0014894536808775,0.0205307757507137,-7.25473649394722,5
Connecticut,Male,local_best3,stepwise,Mental and substance use disorders,0.0276276766681925,0.0205307757507137,134.567134742739,1
Connecticut,Male,local_best3,stepwise,Other,-0.0050409529960489,0.0205307757507137,-24.5531540417982,2
Connecticut,Male,local_best3,stepwise,Suicide,-0.00349924694440507,0.0205307757507137,-17.0439100153506,3
Connecticut,Male,local_best3,stepwise,Atherosclerotic CVDs,0.00206919226217583,0.0205307757507137,10.0784903955902,4
Connecticut,Male,local_best3,stepwise,Diabetes,-0.00148952924720258,0.0205307757507137,-7.25510455760933,5
Connecticut,Male,western_europe,horiuchi,Mental and substance use disorders,0.0509081969365461,0.049579924783041,102.679052377182,1
Connecticut,Male,western_europe,horiuchi,Other,-0.0150448942812409,0.049579924783041,-30.3447299427672,2
Connecticut,Male,western_europe,horiuchi,NCDs strongly linked to tobacco use,-0.00785733410983436,0.049579924783041,-15.8478136951954,3
Connecticut,Male,western_europe,horiuchi,Atherosclerotic CVDs,0.0060675126936155,0.049579924783041,12.2378416670993,4
Connecticut,Male,western_europe,horiuchi,Diabetes,0.0043697726354559,0.049579924783041,8.81359270829432,5
Connecticut,Male,western_europe,stepwise,Mental and substance use disorders,0.0509101227983293,0.049579924783041,102.682936735199,1
Connecticut,Male,western_europe,stepwise,Other,-0.0150468221604178,0.049579924783041,-30.3486183697573,2
Connecticut,Male,western_europe,stepwise,NCDs strongly linked to tobacco use,-0.00786034638090238,0.049579924783041,-15.8538892813953,3
Connecticut,Male,western_europe,stepwise,Atherosclerotic CVDs,0.00606867658182997,0.049579924783041,12.2401891660509,4
Connecticut,Male,western_europe,stepwise,Diabetes,0.00437066584615053,0.049579924783041,8.81539426547404,5
Delaware,Female,local_best3,horiuchi,Mental and substance use disorders,0.0107895843723808,0.0389254319104043,27.7185989797504,1
Delaware,Female,local_best3,horiuchi,Other,0.0098639004383434,0.0389254319104043,25.3405035069293,2
Delaware,Female,local_best3,horiuchi,NCDs strongly linked to tobacco use,0.00820742380238282,0.0389254319104043,21.0849909675352,3
Delaware,Female,local_best3,horiuchi,Atherosclerotic CVDs,0.00362849159973289,0.0389254319104043,9.32164762637619,4
Delaware,Female,local_best3,horiuchi,Road injury,0.00161506888433849,0.0389254319104043,4.14913542399718,5
Delaware,Female,local_best3,stepwise,Mental and substance use disorders,0.0107894874543269,0.0389254319104043,27.7183499958622,1
Delaware,Female,local_best3,stepwise,Other,0.00986418606584083,0.0389254319104043,25.3412372881192,2
Delaware,Female,local_best3,stepwise,NCDs strongly linked to tobacco use,0.00820726382940518,0.0389254319104043,21.0845799946319,3
Delaware,Female,local_best3,stepwise,Atherosclerotic CVDs,0.00362836245575321,0.0389254319104043,9.32131585361649,4
Delaware,Female,local_best3,stepwise,Road injury,0.00161512863168545,0.0389254319104043,4.1492889157994,5
Delaware,Female,western_europe,horiuchi,Mental and substance use disorders,0.0238351141673118,0.0643022307585277,37.0673208163167,1
Delaware,Female,western_europe,horiuchi,Atherosclerotic CVDs,0.00801148861957013,0.0643022307585277,12.4591145984584,2
Delaware,Female,western_europe,horiuchi,NCDs strongly linked to tobacco use,0.00780594576716542,0.0643022307585277,12.1394633982122,3
Delaware,Female,western_europe,horiuchi,Other,0.00614715403214761,0.0643022307585277,9.55978347816864,4
Delaware,Female,western_europe,horiuchi,Diabetes,0.00510255209328814,0.0643022307585277,7.93526450497433,5
Delaware,Female,western_europe,stepwise,Mental and substance use disorders,0.023834041217776,0.0643022307585277,37.0656522124082,1
Delaware,Female,western_europe,stepwise,Atherosclerotic CVDs,0.00801084833049526,0.0643022307585277,12.4581188490617,2
Delaware,Female,western_europe,stepwise,NCDs strongly linked to tobacco use,0.00780610850937519,0.0643022307585277,12.1397164877362,3
Delaware,Female,western_europe,stepwise,Other,0.00614820361470653,0.0643022307585277,9.56141574278301,4
Delaware,Female,western_europe,stepwise,Diabetes,0.00510226730092739,0.0643022307585277,7.93482160842566,5
Delaware,Male,local_best3,horiuchi,Mental and substance use disorders,0.032736108826943,0.0667557835295755,49.0386107331653,1
Delaware,Male,local_best3,horiuchi,NCDs strongly linked to tobacco use,0.00912595677631989,0.0667557835295755,13.6706608683227,2
Delaware,Male,local_best3,horiuchi,Other,0.00799620465554718,0.0667557835295755,11.9782949622703,3
Delaware,Male,local_best3,horiuchi,Atherosclerotic CVDs,0.00638882310188338,0.0667557835295755,9.57044133719572,4
Delaware,Male,local_best3,horiuchi,Road injury,0.00283014213474908,0.0667557835295755,4.23954597655979,5
Delaware,Male,local_best3,stepwise,Mental and substance use disorders,0.0327337667755404,0.0667557835295755,49.0351023459084,1
Delaware,Male,local_best3,stepwise,NCDs strongly linked to tobacco use,0.0091264425026803,0.0667557835295755,13.6713884852193,2
Delaware,Male,local_best3,stepwise,Other,0.00799820258866907,0.0667557835295755,11.9812878611867,3
Delaware,Male,local_best3,stepwise,Atherosclerotic CVDs,0.00638863253846872,0.0667557835295755,9.57015587366794,4
Delaware,Male,local_best3,stepwise,Road injury,0.00283050112544614,0.0667557835295755,4.24008374374351,5
Delaware,Male,western_europe,horiuchi,Mental and substance use disorders,0.0554285557978262,0.0958049325619027,57.8556388649531,1
Delaware,Male,western_europe,horiuchi,Atherosclerotic CVDs,0.010348852480271,0.0958049325619027,10.8020038254129,2
Delaware,Male,western_europe,horiuchi,Diabetes,0.00728131782524377,0.0958049325619027,7.60014920999926,3
Delaware,Male,western_europe,horiuchi,Road injury,0.00684963234136937,0.0958049325619027,7.14956125765612,4
Delaware,Male,western_europe,horiuchi,Violence,0.00510600429431596,0.0958049325619027,5.32958393453991,5
Delaware,Male,western_europe,stepwise,Mental and substance use disorders,0.0554198683441314,0.0958049325619027,57.8465710085677,1
Delaware,Male,western_europe,stepwise,Atherosclerotic CVDs,0.0103498023380383,0.0958049325619027,10.802995275166,2
Delaware,Male,western_europe,stepwise,Diabetes,0.00728219201261499,0.0958049325619027,7.60106167593169,3
Delaware,Male,western_europe,stepwise,Road injury,0.00685061428070149,0.0958049325619027,7.15058619374852,4
Delaware,Male,western_europe,stepwise,Violence,0.00510659928023194,0.0958049325619027,5.33020497345729,5
District of Columbia,Female,local_best3,horiuchi,Other,0.0366053531520755,0.0866759047825337,42.2324442345503,1
District of Columbia,Female,local_best3,horiuchi,Mental and substance use disorders,0.0134048949422811,0.0866759047825337,15.4655379438074,2
District of Columbia,Female,local_best3,horiuchi,Atherosclerotic CVDs,0.0133276820484679,0.0866759047825337,15.3764556388612,3
District of Columbia,Female,local_best3,horiuchi,NCDs strongly linked to tobacco use,0.00715338196583304,0.0866759047825337,8.25302254851632,4
District of Columbia,Female,local_best3,horiuchi,Diabetes,0.00423610992363166,0.0866759047825337,4.88729818772574,5
District of Columbia,Female,local_best3,stepwise,Other,0.0366063318397439,0.0866759047825337,42.2335733691937,1
District of Columbia,Female,local_best3,stepwise,Mental and substance use disorders,0.0134059448944134,0.0866759047825337,15.4667492979143,2
District of Columbia,Female,local_best3,stepwise,Atherosclerotic CVDs,0.01332597662701,0.0866759047825337,15.3744880546033,3
District of Columbia,Female,local_best3,stepwise,NCDs strongly linked to tobacco use,0.00715211621014189,0.0866759047825337,8.25156221684245,4
District of Columbia,Female,local_best3,stepwise,Diabetes,0.0042358836525172,0.0866759047825337,4.88703713349732,5
District of Columbia,Female,western_europe,horiuchi,Other,0.0333958809017637,0.112052703630657,29.8037261214523,1
District of Columbia,Female,western_europe,horiuchi,Mental and substance use disorders,0.0261203929485769,0.112052703630657,23.3108100940373,2
District of Columbia,Female,western_europe,horiuchi,Atherosclerotic CVDs,0.0177306936632776,0.112052703630657,15.8235304359284,3
District of Columbia,Female,western_europe,horiuchi,Diabetes,0.00770082143156947,0.112052703630657,6.87249944182745,4
District of Columbia,Female,western_europe,horiuchi,NCDs strongly linked to tobacco use,0.00675243876859066,0.112052703630657,6.02612748269576,5
District of Columbia,Female,western_europe,stepwise,Other,0.0333960438642871,0.112052703630657,29.8038715552689,1
District of Columbia,Female,western_europe,stepwise,Mental and substance use disorders,0.0261235766244223,0.112052703630657,23.3136513247637,2
District of Columbia,Female,western_europe,stepwise,Atherosclerotic CVDs,0.0177262400934639,0.112052703630657,15.8195559045967,3
District of Columbia,Female,western_europe,stepwise,Diabetes,0.00769990102491336,0.112052703630657,6.87167803669728,4
District of Columbia,Female,western_europe,stepwise,NCDs strongly linked to tobacco use,0.00675056539222552,0.112052703630657,6.02445561195597,5
District of Columbia,Male,local_best3,horiuchi,Mental and substance use disorders,0.0414518217202985,0.128015660778927,32.3802739977904,1
District of Columbia,Male,local_best3,horiuchi,Other,0.0326651993189436,0.128015660778927,25.5165650203953,2
District of Columbia,Male,local_best3,horiuchi,Atherosclerotic CVDs,0.0204054965762264,0.128015660778927,15.9398439628922,3
District of Columbia,Male,local_best3,horiuchi,Violence,0.0162571400060155,0.128015660778927,12.6993368679246,4
District of Columbia,Male,local_best3,horiuchi,NCDs strongly linked to tobacco use,0.00842342873481894,0.128015660778927,6.5799986373273,5
District of Columbia,Male,local_best3,stepwise,Mental and substance use disorders,0.0414451284654206,0.128015660778927,32.375045532119,1
District of Columbia,Male,local_best3,stepwise,Other,0.0326766567219054,0.128015660778927,25.5255150214281,2
District of Columbia,Male,local_best3,stepwise,Atherosclerotic CVDs,0.0203934173231669,0.128015660778927,15.9304082009034,3
District of Columbia,Male,local_best3,stepwise,Violence,0.0162769590569737,0.128015660778927,12.7148186072974,4
District of Columbia,Male,local_best3,stepwise,NCDs strongly linked to tobacco use,0.00842008742880268,0.128015660778927,6.57738856134447,5
District of Columbia,Male,western_europe,horiuchi,Mental and substance use disorders,0.0633825947850917,0.157064809811254,40.3544211216115,1
District of Columbia,Male,western_europe,horiuchi,Atherosclerotic CVDs,0.024471595159161,0.157064809811254,15.5805716051665,2
District of Columbia,Male,western_europe,horiuchi,Other,0.0240782103532033,0.157064809811254,15.3301114247923,3
District of Columbia,Male,western_europe,horiuchi,Violence,0.0187830397477584,0.157064809811254,11.9587829828528,4
District of Columbia,Male,western_europe,horiuchi,Diabetes,0.00875055859797924,0.157064809811254,5.57130436059792,5
District of Columbia,Male,western_europe,stepwise,Mental and substance use disorders,0.0633579088710677,0.157064809811254,40.338704097503,1
District of Columbia,Male,western_europe,stepwise,Atherosclerotic CVDs,0.0244527327555009,0.157064809811254,15.5685622927796,2
District of Columbia,Male,western_europe,stepwise,Other,0.0241033333303823,0.157064809811254,15.346106718206,3
District of Columbia,Male,western_europe,stepwise,Violence,0.0188064387071078,0.157064809811254,11.9736806288484,4
District of Columbia,Male,western_europe,stepwise,Diabetes,0.0087458620347573,0.157064809811254,5.56831415341683,5
Florida,Female,local_best3,horiuchi,Other,0.00743576008242952,0.034305440930443,21.6751625420181,1
Florida,Female,local_best3,horiuchi,Mental and substance use disorders,0.00704871647146843,0.034305440930443,20.5469344812103,2
Florida,Female,local_best3,horiuchi,NCDs strongly linked to tobacco use,0.00657688463818484,0.034305440930443,19.1715496428686,3
Florida,Female,local_best3,horiuchi,Atherosclerotic CVDs,0.0043449275656432,0.034305440930443,12.6654182187977,4
Florida,Female,local_best3,horiuchi,Road injury,0.00197329369172961,0.034305440930443,5.75213038576189,5
Florida,Female,local_best3,stepwise,Other,0.00743580728860749,0.034305440930443,21.6753001475311,1
Florida,Female,local_best3,stepwise,Mental and substance use disorders,0.00704871007330898,0.034305440930443,20.5469158306428,2
Florida,Female,local_best3,stepwise,NCDs strongly linked to tobacco use,0.0065768645727971,0.034305440930443,19.1714911524741,3
Florida,Female,local_best3,stepwise,Atherosclerotic CVDs,0.00434486244303389,0.034305440930443,12.6652283870755,4
Florida,Female,local_best3,stepwise,Road injury,0.00197333302944247,0.034305440930443,5.75224505478172,5
Florida,Female,western_europe,horiuchi,Mental and substance use disorders,0.0200747303993467,0.0596822397785664,33.636020487549,1
Florida,Female,western_europe,horiuchi,Atherosclerotic CVDs,0.00875022409321191,0.0596822397785664,14.6613534037548,2
Florida,Female,western_europe,horiuchi,NCDs strongly linked to tobacco use,0.00615000095735541,0.0596822397785664,10.3045746610268,3
Florida,Female,western_europe,horiuchi,Diabetes,0.00449299092962419,0.0596822397785664,7.52818752495571,4
Florida,Female,western_europe,horiuchi,Road injury,0.0037272973606568,0.0596822397785664,6.24523706631296,5
Florida,Female,western_europe,stepwise,Mental and substance use disorders,0.0200741035285822,0.0596822397785664,33.6349701402986,1
Florida,Female,western_europe,stepwise,Atherosclerotic CVDs,0.00874984826813063,0.0596822397785664,14.6607236936724,2
Florida,Female,western_europe,stepwise,NCDs strongly linked to tobacco use,0.00615029294517877,0.0596822397785664,10.305063898402,3
Florida,Female,western_europe,stepwise,Diabetes,0.0044928886709612,0.0596822397785664,7.52801618644133,4
Florida,Female,western_europe,stepwise,Road injury,0.00372750276696815,0.0596822397785664,6.24558123287257,5
Florida,Male,local_best3,horiuchi,Mental and substance use disorders,0.0155381583943358,0.0587752955851496,26.4365465790388,1
Florida,Male,local_best3,horiuchi,Other,0.00998590099884855,0.0587752955851496,16.9899630438807,2
Florida,Male,local_best3,horiuchi,Atherosclerotic CVDs,0.00985122081204637,0.0587752955851496,16.7608188337813,3
Florida,Male,local_best3,horiuchi,NCDs strongly linked to tobacco use,0.00938103029327597,0.0587752955851496,15.9608389883559,4
Florida,Male,local_best3,horiuchi,Road injury,0.00505240731235579,0.0587752955851496,8.59614105221506,5
Florida,Male,local_best3,stepwise,Mental and substance use disorders,0.0155380923740858,0.0587752955851496,26.4364342525089,1
Florida,Male,local_best3,stepwise,Other,0.00998667780926077,0.0587752955851496,16.9912847053109,2
Florida,Male,local_best3,stepwise,Atherosclerotic CVDs,0.00985027350993245,0.0587752955851496,16.759207098605,3
Florida,Male,local_best3,stepwise,NCDs strongly linked to tobacco use,0.00938089349411181,0.0587752955851496,15.9606062389281,4
Florida,Male,local_best3,stepwise,Road injury,0.00505275731150739,0.0587752955851496,8.59673653905714,5
Florida,Male,western_europe,horiuchi,Mental and substance use disorders,0.0380288262572533,0.0878244446174769,43.3009584323471,1
Florida,Male,western_europe,horiuchi,Atherosclerotic CVDs,0.0138966563803166,0.0878244446174769,15.8232214742081,2
Florida,Male,western_europe,horiuchi,Road injury,0.00913491016757284,0.0878244446174769,10.4013298431437,3
Florida,Male,western_europe,horiuchi,Diabetes,0.00741349820169235,0.0878244446174769,8.44126966470686,4
Florida,Male,western_europe,horiuchi,Violence,0.00542268149078307,0.0878244446174769,6.17445577299326,5
Florida,Male,western_europe,stepwise,Mental and substance use disorders,0.0380233834654416,0.0878244446174769,43.2947610782557,1
Florida,Male,western_europe,stepwise,Atherosclerotic CVDs,0.0138955643846517,0.0878244446174769,15.8219780895563,2
Florida,Male,western_europe,stepwise,Road injury,0.00913551894662673,0.0878244446174769,10.4020230203753,3
Florida,Male,western_europe,stepwise,Diabetes,0.00741347014583815,0.0878244446174769,8.441237719325,4
Florida,Male,western_europe,stepwise,Violence,0.00542344128482641,0.0878244446174769,6.17532090120062,5
Georgia,Female,local_best3,horiuchi,Other,0.025822441654512,0.0595369204882922,43.3721486478124,1
Georgia,Female,local_best3,horiuchi,NCDs strongly linked to tobacco use,0.0100267212667809,0.0595369204882922,16.8411822186078,2
Georgia,Female,local_best3,horiuchi,Atherosclerotic CVDs,0.0086773554604207,0.0595369204882922,14.5747468784972,3
Georgia,Female,local_best3,horiuchi,Diabetes,0.00314712989200106,0.0595369204882922,5.28601389892165,4
Georgia,Female,local_best3,horiuchi,Road injury,0.00245950239974624,0.0595369204882922,4.13105410823171,5
Georgia,Female,local_best3,stepwise,Other,0.0258233538563691,0.0595369204882922,43.373680809452,1
Georgia,Female,local_best3,stepwise,NCDs strongly linked to tobacco use,0.0100259990687895,0.0595369204882922,16.8399691931683,2
Georgia,Female,local_best3,stepwise,Atherosclerotic CVDs,0.00867663820962339,0.0595369204882922,14.5735421625135,3
Georgia,Female,local_best3,stepwise,Diabetes,0.00314691003438294,0.0595369204882922,5.28564461946227,4
Georgia,Female,local_best3,stepwise,Road injury,0.00245983620635276,0.0595369204882922,4.13161477983478,5
Georgia,Female,western_europe,horiuchi,Other,0.0223884882865925,0.0849137193364156,26.3661613948302,1
Georgia,Female,western_europe,horiuchi,Mental and substance use disorders,0.0135008530956526,0.0849137193364156,15.8994956305756,2
Georgia,Female,western_europe,horiuchi,Atherosclerotic CVDs,0.0130816944716459,0.0849137193364156,15.4058667714438,3
Georgia,Female,western_europe,horiuchi,NCDs strongly linked to tobacco use,0.00965888188242237,0.0849137193364156,11.3749367686455,4
Georgia,Female,western_europe,horiuchi,Diabetes,0.00665271040548654,0.0849137193364156,7.83467083702869,5
Georgia,Female,western_europe,stepwise,Other,0.0223901316459325,0.0849137193364156,26.368096723247,1
Georgia,Female,western_europe,stepwise,Mental and substance use disorders,0.013501033912894,0.0849137193364156,15.8997085728926,2
Georgia,Female,western_europe,stepwise,Atherosclerotic CVDs,0.0130793134019142,0.0849137193364156,15.4030626665827,3
Georgia,Female,western_europe,stepwise,NCDs strongly linked to tobacco use,0.0096582602161922,0.0849137193364156,11.3742046534643,4
Georgia,Female,western_europe,stepwise,Diabetes,0.00665179615297606,0.0849137193364156,7.8335941529338,5
Georgia,Male,local_best3,horiuchi,Other,0.0282314582485933,0.0759268192762439,37.1824587381687,1
Georgia,Male,local_best3,horiuchi,Atherosclerotic CVDs,0.0149648058628105,0.0759268192762439,19.7095124034686,2
Georgia,Male,local_best3,horiuchi,NCDs strongly linked to tobacco use,0.0139500695710958,0.0759268192762439,18.3730461832483,3
Georgia,Male,local_best3,horiuchi,Violence,0.00465776868235279,0.0759268192762439,6.13454998741153,4
Georgia,Male,local_best3,horiuchi,Road injury,0.00429106223970877,0.0759268192762439,5.65157645297458,5
Georgia,Male,local_best3,stepwise,Other,0.0282326333730447,0.0759268192762439,37.1840064448454,1
Georgia,Male,local_best3,stepwise,Atherosclerotic CVDs,0.0149622380313844,0.0759268192762439,19.706130421383,2
Georgia,Male,local_best3,stepwise,NCDs strongly linked to tobacco use,0.0139483363024115,0.0759268192762439,18.3707633684264,3
Georgia,Male,local_best3,stepwise,Violence,0.00465948177338404,0.0759268192762439,6.13680622710072,4
Georgia,Male,local_best3,stepwise,Road injury,0.00429225143762857,0.0759268192762439,5.65314269522092,5
Georgia,Male,western_europe,horiuchi,Mental and substance use disorders,0.0219719770084938,0.104975968308571,20.9304828167037,1
Georgia,Male,western_europe,horiuchi,Other,0.0192079263448069,0.104975968308571,18.2974509826347,2
Georgia,Male,western_europe,horiuchi,Atherosclerotic CVDs,0.0190622710300465,0.104975968308571,18.1586998788275,3
Georgia,Male,western_europe,horiuchi,Road injury,0.00831338303123919,0.104975968308571,7.91932016935767,4
Georgia,Male,western_europe,horiuchi,Diabetes,0.00788236098493556,0.104975968308571,7.50872900906785,5
Georgia,Male,western_europe,stepwise,Mental and substance use disorders,0.0219702296905083,0.104975968308571,20.9288183233786,1
Georgia,Male,western_europe,stepwise,Other,0.0192110006504017,0.104975968308571,18.3003795629986,2
Georgia,Male,western_europe,stepwise,Atherosclerotic CVDs,0.0190556932968081,0.104975968308571,18.1524339368749,3
Georgia,Male,western_europe,stepwise,Road injury,0.00831513818993124,0.104975968308571,7.92099213173185,4
Georgia,Male,western_europe,stepwise,Diabetes,0.00788059569643479,0.104975968308571,7.50704739704825,5
Hawaii,Female,local_best3,horiuchi,Mental and substance use disorders,-0.0055941877147504,-0.00304263544146777,183.859940580057,1
Hawaii,Female,local_best3,horiuchi,Other,0.00274760575702993,-0.00304263544146777,-90.3034822898296,2
Hawaii,Female,local_best3,horiuchi,NCDs strongly linked to tobacco use,-0.00131689682215319,-0.00304263544146777,43.2814527894252,3
Hawaii,Female,local_best3,horiuchi,Suicide,0.000825728448025975,-0.00304263544146777,-27.1385929701668,4
Hawaii,Female,local_best3,horiuchi,Atherosclerotic CVDs,-0.000612859887208717,-0.00304263544146777,20.1424028280257,5
Hawaii,Female,local_best3,stepwise,Mental and substance use disorders,-0.00559419065111472,-0.00304263544146777,183.860037087325,1
Hawaii,Female,local_best3,stepwise,Other,0.00274760657835715,-0.00304263544146777,-90.3035092837711,2
Hawaii,Female,local_best3,stepwise,NCDs strongly linked to tobacco use,-0.00131689644439187,-0.00304263544146777,43.2814403738293,3
Hawaii,Female,local_best3,stepwise,Suicide,0.000825729144555032,-0.00304263544146777,-27.138615862461,4
Hawaii,Female,local_best3,stepwise,Atherosclerotic CVDs,-0.000612859894109308,-0.00304263544146777,20.1424030548222,5
Hawaii,Female,western_europe,horiuchi,Mental and substance use disorders,0.00753131374091276,0.0223341634066556,33.7210470067055,1
Hawaii,Female,western_europe,horiuchi,Diabetes,0.00399461925834344,0.0223341634066556,17.8856901223935,2
Hawaii,Female,western_europe,horiuchi,Atherosclerotic CVDs,0.00381524895702268,0.0223341634066556,17.082569369425,3
Hawaii,Female,western_europe,horiuchi,NCDs strongly linked to tobacco use,-0.00187063245506569,0.0223341634066556,-8.37565491487467,4
Hawaii,Female,western_europe,horiuchi,Suicide,0.00176542264281576,0.0223341634066556,7.90458371182895,5
Hawaii,Female,western_europe,stepwise,Mental and substance use disorders,0.00753125774535696,0.0223341634066556,33.7207962896548,1
Hawaii,Female,western_europe,stepwise,Diabetes,0.00399467087353095,0.0223341634066556,17.8859212265839,2
Hawaii,Female,western_europe,stepwise,Atherosclerotic CVDs,0.0038152561680429,0.0223341634066556,17.0826016563752,3
Hawaii,Female,western_europe,stepwise,NCDs strongly linked to tobacco use,-0.00187069345916069,0.0223341634066556,-8.37592805738682,4
Hawaii,Female,western_europe,stepwise,Suicide,0.00176541813066311,0.0223341634066556,7.90456350891125,5
Hawaii,Male,local_best3,horiuchi,Other,0.00868117648564237,0.014066522651265,61.7151566230315,1
Hawaii,Male,local_best3,horiuchi,Atherosclerotic CVDs,0.00479389044942935,0.014066522651265,34.0801388394185,2
Hawaii,Male,local_best3,horiuchi,Haemorrhagic stroke,0.00147580129806602,0.014066522651265,10.4915858357737,3
Hawaii,Male,local_best3,horiuchi,NCDs strongly linked to infections,0.00129129730693911,0.014066522651265,9.17993265963985,4
Hawaii,Male,local_best3,horiuchi,Mental and substance use disorders,-0.000975837128935453,0.014066522651265,-6.93730179894673,5
Hawaii,Male,local_best3,stepwise,Other,0.00868124387321356,0.014066522651265,61.7156356864992,1
Hawaii,Male,local_best3,stepwise,Atherosclerotic CVDs,0.00479392383508409,0.014066522651265,34.0803761806262,2
Hawaii,Male,local_best3,stepwise,Haemorrhagic stroke,0.00147580949087789,0.014066522651265,10.4916440791084,3
Hawaii,Male,local_best3,stepwise,NCDs strongly linked to infections,0.00129130480302958,0.014066522651265,9.17998594992813,4
Hawaii,Male,local_best3,stepwise,Mental and substance use disorders,-0.000975895899059442,0.014066522651265,-6.93771960031418,5
Hawaii,Male,western_europe,horiuchi,Mental and substance use disorders,0.0218710861756464,0.0431156716835922,50.7265347415879,1
Hawaii,Male,western_europe,horiuchi,NCDs strongly linked to tobacco use,-0.00892700123183066,0.0431156716835922,-20.7047713354489,2
Hawaii,Male,western_europe,horiuchi,Atherosclerotic CVDs,0.00885923174264225,0.0431156716835922,20.5475906942989,3
Hawaii,Male,western_europe,horiuchi,Diabetes,0.00586162915373822,0.0431156716835922,13.5951242897345,4
Hawaii,Male,western_europe,horiuchi,Suicide,0.00438110795003543,0.0431156716835922,10.1612888746963,5
Hawaii,Male,western_europe,stepwise,Mental and substance use disorders,0.0218711238712026,0.0431156716835922,50.726622170485,1
Hawaii,Male,western_europe,stepwise,NCDs strongly linked to tobacco use,-0.00892895588696663,0.0431156716835922,-20.7093048497365,2
Hawaii,Male,western_europe,stepwise,Atherosclerotic CVDs,0.00885984138114099,0.0431156716835922,20.5490046546408,3
Hawaii,Male,western_europe,stepwise,Diabetes,0.00586226190570244,0.0431156716835922,13.5965918581139,4
Hawaii,Male,western_europe,stepwise,Suicide,0.00438115504297276,0.0431156716835922,10.1613980993366,5
Idaho,Female,local_best3,horiuchi,Other,0.00641446992931494,0.0167485115829478,38.2987461157189,1
Idaho,Female,local_best3,horiuchi,NCDs strongly linked to tobacco use,0.00407977187395603,0.0167485115829478,24.3590115679878,2
Idaho,Female,local_best3,horiuchi,Road injury,0.00188407739189733,0.0167485115829478,11.2492228492446,3
Idaho,Female,local_best3,horiuchi,Suicide,0.00178125454515266,0.0167485115829478,10.6353005539084,4
Idaho,Female,local_best3,horiuchi,Neurological conditions,0.00133071035820631,0.0167485115829478,7.94524547220753,5
Idaho,Female,local_best3,stepwise,Other,0.00641448942588119,0.0167485115829478,38.2988625234734,1
Idaho,Female,local_best3,stepwise,NCDs strongly linked to tobacco use,0.00407974989832405,0.0167485115829478,24.3588803585256,2
Idaho,Female,local_best3,stepwise,Road injury,0.0018840909576967,0.0167485115829478,11.249303846289,3
Idaho,Female,local_best3,stepwise,Suicide,0.00178125693379072,0.0167485115829478,10.6353148157015,4
Idaho,Female,local_best3,stepwise,Neurological conditions,0.00133070781936862,0.0167485115829478,7.94523031362055,5
Idaho,Female,western_europe,horiuchi,Mental and substance use disorders,0.0141371207621862,0.0421253104310711,33.5596832819037,1
Idaho,Female,western_europe,horiuchi,Atherosclerotic CVDs,0.00464382305270272,0.0421253104310711,11.0238310535452,2
Idaho,Female,western_europe,horiuchi,Diabetes,0.00392567273249278,0.0421253104310711,9.31903573486131,3
Idaho,Female,western_europe,horiuchi,Road injury,0.00365457624588417,0.0421253104310711,8.67548798688162,4
Idaho,Female,western_europe,horiuchi,NCDs strongly linked to tobacco use,0.00361072345914992,0.0421253104310711,8.57138718314748,5
Idaho,Female,western_europe,stepwise,Mental and substance use disorders,0.0141368253654912,0.0421253104310711,33.5589820486262,1
Idaho,Female,western_europe,stepwise,Atherosclerotic CVDs,0.00464366190590737,0.0421253104310711,11.0234485120429,2
Idaho,Female,western_europe,stepwise,Diabetes,0.00392560779560502,0.0421253104310711,9.31888158314803,3
Idaho,Female,western_europe,stepwise,Road injury,0.00365469356130305,0.0421253104310711,8.67576647840531,4
Idaho,Female,western_europe,stepwise,NCDs strongly linked to tobacco use,0.00361078290250194,0.0421253104310711,8.57152829392248,5
Idaho,Male,local_best3,horiuchi,Other,0.00711928906270043,0.00879224878045026,80.9723341601788,1
Idaho,Male,local_best3,horiuchi,Mental and substance use disorders,-0.00614393595736107,0.00879224878045026,-69.8790049142175,2
Idaho,Male,local_best3,horiuchi,Suicide,0.00375136809080701,0.00879224878045026,42.6667646068915,3
Idaho,Male,local_best3,horiuchi,NCDs strongly linked to tobacco use,0.00326235775904904,0.00879224878045026,37.1049300413673,4
Idaho,Male,local_best3,horiuchi,Road injury,0.00241900126430206,0.00879224878045026,27.5128846408527,5
Idaho,Male,local_best3,stepwise,Other,0.00711928705542486,0.00879224878045026,80.97231133012,1
Idaho,Male,local_best3,stepwise,Mental and substance use disorders,-0.00614392248443169,0.00879224878045026,-69.8788516777735,2
Idaho,Male,local_best3,stepwise,Suicide,0.00375136511417595,0.00879224878045026,42.6667307517183,3
Idaho,Male,local_best3,stepwise,NCDs strongly linked to tobacco use,0.0032623556280954,0.00879224878045026,37.1049058046369,4
Idaho,Male,local_best3,stepwise,Road injury,0.00241899878845486,0.00879224878045026,27.5128564814221,5
Idaho,Male,western_europe,horiuchi,Mental and substance use disorders,0.0166850583942695,0.0378413978127775,44.0920773508943,1
Idaho,Male,western_europe,horiuchi,Suicide,0.00901095615534697,0.0378413978127775,23.8124294454692,2
Idaho,Male,western_europe,horiuchi,Road injury,0.0065850648968131,0.0378413978127775,17.4017485543031,3
Idaho,Male,western_europe,horiuchi,Atherosclerotic CVDs,0.00625849959908287,0.0378413978127775,16.5387643185042,4
Idaho,Male,western_europe,horiuchi,NCDs strongly linked to tobacco use,-0.00604072339071293,0.0378413978127775,-15.9632670563592,5
Idaho,Male,western_europe,stepwise,Mental and substance use disorders,0.0166849085103974,0.0378413978127775,44.091681266498,1
Idaho,Male,western_europe,stepwise,Suicide,0.00901099183082171,0.0378413978127775,23.8125237217825,2
Idaho,Male,western_europe,stepwise,Road injury,0.00658514225062123,0.0378413978127775,17.401952970135,3
Idaho,Male,western_europe,stepwise,Atherosclerotic CVDs,0.00625898288716115,0.0378413978127775,16.540041459694,4
Idaho,Male,western_europe,stepwise,NCDs strongly linked to tobacco use,-0.00604152009258663,0.0378413978127775,-15.9653724275128,5
Illinois,Female,local_best3,horiuchi,Other,0.0119171970171966,0.0308454325083335,38.6352080295096,1
Illinois,Female,local_best3,horiuchi,NCDs strongly linked to tobacco use,0.00604133766031023,0.0308454325083335,19.5858419514074,2
Illinois,Female,local_best3,horiuchi,Atherosclerotic CVDs,0.0055357199946191,0.0308454325083335,17.9466441040291,3
Illinois,Female,local_best3,horiuchi,Mental and substance use disorders,0.00203425660586454,0.0308454325083335,6.5950010761397,4
Illinois,Female,local_best3,horiuchi,Diabetes,0.00119861458222748,0.0308454325083335,3.88587380612558,5
Illinois,Female,local_best3,stepwise,Other,0.0119172997475053,0.0308454325083335,38.6355410781988,1
Illinois,Female,local_best3,stepwise,NCDs strongly linked to tobacco use,0.00604120737285996,0.0308454325083335,19.5854195632621,2
Illinois,Female,local_best3,stepwise,Atherosclerotic CVDs,0.00553559754565802,0.0308454325083335,17.946247128039,3
Illinois,Female,local_best3,stepwise,Mental and substance use disorders,0.00203431196721976,0.0308454325083335,6.59518055605202,4
Illinois,Female,local_best3,stepwise,Diabetes,0.00119859691828228,0.0308454325083335,3.88581654012618,5
Illinois,Female,western_europe,horiuchi,Mental and substance use disorders,0.0150132748759506,0.0562222313564569,26.7034489982518,1
Illinois,Female,western_europe,horiuchi,Atherosclerotic CVDs,0.00996739314268713,0.0562222313564569,17.7285619979977,2
Illinois,Female,western_europe,horiuchi,Other,0.00821141949630688,0.0562222313564569,14.6052892213497,3
Illinois,Female,western_europe,horiuchi,NCDs strongly linked to tobacco use,0.00560546652527894,0.0562222313564569,9.9701957571543,4
Illinois,Female,western_europe,horiuchi,Diabetes,0.00473530111332232,0.0562222313564569,8.42247096757837,5
Illinois,Female,western_europe,stepwise,Mental and substance use disorders,0.0150131849601304,0.0562222313564569,26.7032890689533,1
Illinois,Female,western_europe,stepwise,Atherosclerotic CVDs,0.00996660108447667,0.0562222313564569,17.727153199038,2
Illinois,Female,western_europe,stepwise,Other,0.00821186928610029,0.0562222313564569,14.6060892425914,3
Illinois,Female,western_europe,stepwise,NCDs strongly linked to tobacco use,0.00560543516488704,0.0562222313564569,9.97013997781018,4
Illinois,Female,western_europe,stepwise,Diabetes,0.00473506763502152,0.0562222313564569,8.42205569003571,5
Illinois,Male,local_best3,horiuchi,Mental and substance use disorders,0.0108074584114479,0.0442945133754984,24.3990905145062,1
Illinois,Male,local_best3,horiuchi,Atherosclerotic CVDs,0.0104243130579738,0.0442945133754984,23.5340954524178,2
Illinois,Male,local_best3,horiuchi,Other,0.00968634408919122,0.0442945133754984,21.8680449361235,3
Illinois,Male,local_best3,horiuchi,NCDs strongly linked to tobacco use,0.00801890706762554,0.0442945133754984,18.1036125166265,4
Illinois,Male,local_best3,horiuchi,Violence,0.00517455813889678,0.0442945133754984,11.6821650009572,5
Illinois,Male,local_best3,stepwise,Mental and substance use disorders,0.0108074093344545,0.0442945133754984,24.398979717503,1
Illinois,Male,local_best3,stepwise,Atherosclerotic CVDs,0.0104236942688838,0.0442945133754984,23.5326984642972,2
Illinois,Male,local_best3,stepwise,Other,0.00968670946553557,0.0442945133754984,21.8688698155871,3
Illinois,Male,local_best3,stepwise,NCDs strongly linked to tobacco use,0.00801870406948069,0.0442945133754984,18.1031542247764,4
Illinois,Male,local_best3,stepwise,Violence,0.00517514852783763,0.0442945133754984,11.6834978724482,5
Illinois,Male,western_europe,horiuchi,Mental and substance use disorders,0.0334258332655216,0.0733436624078256,45.5742625445374,1
Illinois,Male,western_europe,horiuchi,Atherosclerotic CVDs,0.0145174825636979,0.0733436624078256,19.7937791584142,2
Illinois,Male,western_europe,horiuchi,Violence,0.00762176477247512,0.0733436624078256,10.3918518959341,3
Illinois,Male,western_europe,horiuchi,Diabetes,0.00633423530490951,0.0733436624078256,8.63637715510871,4
Illinois,Male,western_europe,horiuchi,Road injury,0.00416199060341882,0.0733436624078256,5.67464245278095,5
Illinois,Male,western_europe,stepwise,Mental and substance use disorders,0.0334222039377884,0.0733436624078256,45.56931415825,1
Illinois,Male,western_europe,stepwise,Atherosclerotic CVDs,0.0145167230701345,0.0733436624078256,19.7927436312283,2
Illinois,Male,western_europe,stepwise,Violence,0.00762256233322511,0.0733436624078256,10.3929393256094,3
Illinois,Male,western_europe,stepwise,Diabetes,0.00633423914864545,0.0733436624078256,8.63638239582865,4
Illinois,Male,western_europe,stepwise,Road injury,0.00416213394390136,0.0733436624078256,5.67483788954786,5
Indiana,Female,local_best3,horiuchi,Other,0.020558004154186,0.0664952596594518,30.9164957915369,1
Indiana,Female,local_best3,horiuchi,NCDs strongly linked to tobacco use,0.0154876793048625,0.0664952596594518,23.2914036040779,2
Indiana,Female,local_best3,horiuchi,Mental and substance use disorders,0.00977409209428892,0.0664952596594518,14.6989306370798,3
Indiana,Female,local_best3,horiuchi,Atherosclerotic CVDs,0.00835057009767115,0.0664952596594518,12.5581434532893,4
Indiana,Female,local_best3,horiuchi,Diabetes,0.00340731192579447,0.0664952596594518,5.12414259790042,5
Indiana,Female,local_best3,stepwise,Other,0.0205590408311382,0.0664952596594518,30.9180548153794,1
Indiana,Female,local_best3,stepwise,NCDs strongly linked to tobacco use,0.0154863215112416,0.0664952596594518,23.2893616636029,2
Indiana,Female,local_best3,stepwise,Mental and substance use disorders,0.00977494557953051,0.0664952596594518,14.7002141650274,3
Indiana,Female,local_best3,stepwise,Atherosclerotic CVDs,0.00834959853808209,0.0664952596594518,12.5566823572743,4
Indiana,Female,local_best3,stepwise,Diabetes,0.00340699709120901,0.0664952596594518,5.12366912868311,5
Indiana,Female,western_europe,horiuchi,Mental and substance use disorders,0.0225926387923662,0.0918720585075752,24.5914145817287,1
Indiana,Female,western_europe,horiuchi,Other,0.0170632401895759,0.0918720585075752,18.5728288521684,2
Indiana,Female,western_europe,horiuchi,NCDs strongly linked to tobacco use,0.0152026409285166,0.0918720585075752,16.5476219597965,3
Indiana,Female,western_europe,horiuchi,Atherosclerotic CVDs,0.0127321529567331,0.0918720585075752,13.858569366532,4
Indiana,Female,western_europe,horiuchi,Diabetes,0.00690212774359267,0.0918720585075752,7.51276052340066,5
Indiana,Female,western_europe,stepwise,Mental and substance use disorders,0.0225930990470999,0.0918720585075752,24.5919155553014,1
Indiana,Female,western_europe,stepwise,Other,0.0170656406729046,0.0918720585075752,18.5754417067922,2
Indiana,Female,western_europe,stepwise,NCDs strongly linked to tobacco use,0.0152014919528044,0.0918720585075752,16.546371333947,3
Indiana,Female,western_europe,stepwise,Atherosclerotic CVDs,0.0127293897286898,0.0918720585075752,13.8555616750877,4
Indiana,Female,western_europe,stepwise,Diabetes,0.00690103130046993,0.0918720585075752,7.51156707771048,5
Indiana,Male,local_best3,horiuchi,Other,0.0206918401349148,0.0871917014295253,23.7314329181194,1
Indiana,Male,local_best3,horiuchi,NCDs strongly linked to tobacco use,0.0181266619827798,0.0871917014295253,20.789434872344,2
Indiana,Male,local_best3,horiuchi,Mental and substance use disorders,0.0175313039982815,0.0871917014295253,20.1066199086063,3
Indiana,Male,local_best3,horiuchi,Atherosclerotic CVDs,0.0164423176377523,0.0871917014295253,18.8576634796399,4
Indiana,Male,local_best3,horiuchi,Violence,0.00340190384616235,0.0871917014295253,3.90163718609393,5
Indiana,Male,local_best3,stepwise,Other,0.0206942363135974,0.0871917014295253,23.7341810909884,1
Indiana,Male,local_best3,stepwise,NCDs strongly linked to tobacco use,0.0181245115598457,0.0871917014295253,20.7869685562855,2
Indiana,Male,local_best3,stepwise,Mental and substance use disorders,0.0175338361231032,0.0871917014295253,20.109523997849,3
Indiana,Male,local_best3,stepwise,Atherosclerotic CVDs,0.0164378315435531,0.0871917014295253,18.852518386557,4
Indiana,Male,local_best3,stepwise,Violence,0.0034032146971304,0.0871917014295253,3.9031405986281,5
Indiana,Male,western_europe,horiuchi,Mental and substance use disorders,0.0396320812334237,0.116240850461853,34.0947963439324,1
Indiana,Male,western_europe,horiuchi,Atherosclerotic CVDs,0.0205384647042015,0.116240850461853,17.668887161955,2
Indiana,Male,western_europe,horiuchi,Other,0.0116028874473487,0.116240850461853,9.98176407110555,3
Indiana,Male,western_europe,horiuchi,NCDs strongly linked to tobacco use,0.00957960736190289,0.116240850461853,8.24117108902837,4
Indiana,Male,western_europe,horiuchi,Diabetes,0.00892301178118948,0.116240850461853,7.67631322872832,5
Indiana,Male,western_europe,stepwise,Mental and substance use disorders,0.0396260193189709,0.116240850461853,34.0895813834184,1
Indiana,Male,western_europe,stepwise,Atherosclerotic CVDs,0.0205308571061866,0.116240850461853,17.6623424765155,2
Indiana,Male,western_europe,stepwise,Other,0.0116102589650143,0.116240850461853,9.98810566068986,3
Indiana,Male,western_europe,stepwise,NCDs strongly linked to tobacco use,0.00958166934220478,0.116240850461853,8.24294497513958,4
Indiana,Male,western_europe,stepwise,Diabetes,0.00892131792485401,0.116240850461853,7.67485603332004,5
Iowa,Female,local_best3,horiuchi,Other,0.0136196403131515,0.0277869182986416,49.0145764520328,1
Iowa,Female,local_best3,horiuchi,NCDs strongly linked to tobacco use,0.00914615209756564,0.0277869182986416,32.915316478304,2
Iowa,Female,local_best3,horiuchi,Atherosclerotic CVDs,0.00638431546790208,0.0277869182986416,22.9759752387302,3
Iowa,Female,local_best3,horiuchi,Mental and substance use disorders,-0.00396775116089532,0.0277869182986416,-14.2792054817007,4
Iowa,Female,local_best3,horiuchi,Road injury,0.00140624729461902,0.0277869182986416,5.0608249518903,5
Iowa,Female,local_best3,stepwise,Other,0.0136199498922523,0.0277869182986416,49.0156905701851,1
Iowa,Female,local_best3,stepwise,NCDs strongly linked to tobacco use,0.00914598922029752,0.0277869182986416,32.9147303130216,2
Iowa,Female,local_best3,stepwise,Atherosclerotic CVDs,0.00638423662959275,0.0277869182986416,22.9756915141787,3
Iowa,Female,local_best3,stepwise,Mental and substance use disorders,-0.00396791158184423,0.0277869182986416,-14.2797828071428,4
Iowa,Female,local_best3,stepwise,Road injury,0.00140631543071845,0.0277869182986416,5.06107016115999,5
Iowa,Female,western_europe,horiuchi,Atherosclerotic CVDs,0.0108362169360147,0.0531637171467649,20.3827300226204,1
Iowa,Female,western_europe,horiuchi,Other,0.0099319219511449,0.0531637171467649,18.6817673484467,2
Iowa,Female,western_europe,horiuchi,Mental and substance use disorders,0.00894679475397431,0.0531637171467649,16.8287607303221,3
Iowa,Female,western_europe,horiuchi,NCDs strongly linked to tobacco use,0.00875464686366245,0.0531637171467649,16.4673339892585,4
Iowa,Female,western_europe,horiuchi,Diabetes,0.00389283096017945,0.0531637171467649,7.32234533080675,5
Iowa,Female,western_europe,stepwise,Atherosclerotic CVDs,0.010835418129499,0.0531637171467649,20.381227481868,1
Iowa,Female,western_europe,stepwise,Other,0.00993248258589302,0.0531637171467649,18.6828218923692,2
Iowa,Female,western_europe,stepwise,Mental and substance use disorders,0.00894694732896556,0.0531637171467649,16.8290477211487,3
Iowa,Female,western_europe,stepwise,NCDs strongly linked to tobacco use,0.0087544280584711,0.0531637171467649,16.4669224206115,4
Iowa,Female,western_europe,stepwise,Diabetes,0.00389262857101164,0.0531637171467649,7.32196464040609,5
Iowa,Male,local_best3,horiuchi,Atherosclerotic CVDs,0.0153457336874012,0.0356731466544465,43.0176060330479,1
Iowa,Male,local_best3,horiuchi,Other,0.0142385057269114,0.0356731466544465,39.9137924804754,2
Iowa,Male,local_best3,horiuchi,NCDs strongly linked to tobacco use,0.0107483088840046,0.0356731466544465,30.1299713987099,3
Iowa,Male,local_best3,horiuchi,Mental and substance use disorders,-0.00749790883926771,0.0356731466544465,-21.0183556609047,4
Iowa,Male,local_best3,horiuchi,Suicide,0.00200175611282061,0.0356731466544465,5.61138082998657,5
Iowa,Male,local_best3,stepwise,Atherosclerotic CVDs,0.0153454392833951,0.0356731466544465,43.0167807511938,1
Iowa,Male,local_best3,stepwise,Other,0.0142390591350199,0.0356731466544465,39.915343810146,2
Iowa,Male,local_best3,stepwise,NCDs strongly linked to tobacco use,0.0107481641443833,0.0356731466544465,30.1295656604029,3
Iowa,Male,local_best3,stepwise,Mental and substance use disorders,-0.00749840252932671,0.0356731466544465,-21.0197395872059,4
Iowa,Male,local_best3,stepwise,Suicide,0.00200200981275056,0.0356731466544465,5.61209200899303,5
Iowa,Male,western_europe,horiuchi,Atherosclerotic CVDs,0.0195522098493119,0.0647222956867738,30.2093886532327,1
Iowa,Male,western_europe,horiuchi,Mental and substance use disorders,0.0149086669431111,0.0647222956867738,23.0348240662881,2
Iowa,Male,western_europe,horiuchi,Suicide,0.00713947693652195,0.0647222956867738,11.0309389689663,3
Iowa,Male,western_europe,horiuchi,Road injury,0.00593375637604376,0.0647222956867738,9.16802519607837,4
Iowa,Male,western_europe,horiuchi,Diabetes,0.00539896284975661,0.0647222956867738,8.34173570709715,5
Iowa,Male,western_europe,stepwise,Atherosclerotic CVDs,0.0195508223104923,0.0647222956867738,30.2072448188632,1
Iowa,Male,western_europe,stepwise,Mental and substance use disorders,0.0149080427580148,0.0647222956867738,23.0338596612253,2
Iowa,Male,western_europe,stepwise,Suicide,0.00713992985572587,0.0647222956867738,11.0316387575,3
Iowa,Male,western_europe,stepwise,Road injury,0.00593428492035025,0.0647222956867738,9.16884183013141,4
Iowa,Male,western_europe,stepwise,Diabetes,0.00539900689086453,0.0647222956867738,8.34180375336692,5
Kansas,Female,local_best3,horiuchi,Other,0.018437308408306,0.0477275341776915,38.6303393333987,1
Kansas,Female,local_best3,horiuchi,NCDs strongly linked to tobacco use,0.0118287472511102,0.0477275341776915,24.7839060930139,2
Kansas,Female,local_best3,horiuchi,Atherosclerotic CVDs,0.00620857589193768,0.0477275341776915,13.0083734659807,3
Kansas,Female,local_best3,horiuchi,Diabetes,0.00232618199017243,0.0477275341776915,4.87387842311727,4
Kansas,Female,local_best3,horiuchi,Road injury,0.00201198213920739,0.0477275341776915,4.21555853213934,5
Kansas,Female,local_best3,stepwise,Other,0.0184378496640716,0.0477275341776915,38.6314733868855,1
Kansas,Female,local_best3,stepwise,NCDs strongly linked to tobacco use,0.0118282026899019,0.0477275341776915,24.7827651138755,2
Kansas,Female,local_best3,stepwise,Atherosclerotic CVDs,0.00620825775114553,0.0477275341776915,13.0077068889248,3
Kansas,Female,local_best3,stepwise,Diabetes,0.00232607733116097,0.0477275341776915,4.8736591387707,4
Kansas,Female,local_best3,stepwise,Road injury,0.00201215585427217,0.0477275341776915,4.21592250456693,5
Kansas,Female,western_europe,horiuchi,Other,0.0148668856370352,0.0731043330258149,20.3365313951847,1
Kansas,Female,western_europe,horiuchi,Mental and substance use disorders,0.0135701069408036,0.0731043330258149,18.5626574775146,2
Kansas,Female,western_europe,horiuchi,NCDs strongly linked to tobacco use,0.0114833051552836,0.0731043330258149,15.708104677227,3
Kansas,Female,western_europe,horiuchi,Atherosclerotic CVDs,0.0106069395199194,0.0731043330258149,14.5093171374313,4
Kansas,Female,western_europe,horiuchi,Diabetes,0.00584432093678577,0.0731043330258149,7.99449320565172,5
Kansas,Female,western_europe,stepwise,Other,0.0148678573852034,0.0731043330258149,20.3378606572516,1
Kansas,Female,western_europe,stepwise,Mental and substance use disorders,0.0135702103853209,0.0731043330258149,18.5627989800945,2
Kansas,Female,western_europe,stepwise,NCDs strongly linked to tobacco use,0.011482816722575,0.0731043330258149,15.7074365462306,3
Kansas,Female,western_europe,stepwise,Atherosclerotic CVDs,0.0106055573134781,0.0731043330258149,14.5074264062201,4
Kansas,Female,western_europe,stepwise,Diabetes,0.00584375053440639,0.0731043330258149,7.99371294768919,5
Kansas,Male,local_best3,horiuchi,Other,0.0181636157257971,0.0539251751492217,33.6829981090181,1
Kansas,Male,local_best3,horiuchi,Atherosclerotic CVDs,0.0131466321125294,0.0539251751492217,24.3793962210602,2
Kansas,Male,local_best3,horiuchi,NCDs strongly linked to tobacco use,0.0120698125820288,0.0539251751492217,22.3825190157087,3
Kansas,Male,local_best3,horiuchi,Road injury,0.00361159299894487,0.0539251751492217,6.69741542600626,4
Kansas,Male,local_best3,horiuchi,Mental and substance use disorders,-0.00269507884984643,0.0539251751492217,-4.99781195404301,5
Kansas,Male,local_best3,stepwise,Other,0.0181640898286604,0.0539251751492217,33.6838772955243,1
Kansas,Male,local_best3,stepwise,Atherosclerotic CVDs,0.0131456190472697,0.0539251751492217,24.3775175711404,2
Kansas,Male,local_best3,stepwise,NCDs strongly linked to tobacco use,0.012069248175093,0.0539251751492217,22.3814723673962,3
Kansas,Male,local_best3,stepwise,Road injury,0.00361202465684396,0.0539251751492217,6.69821590166146,4
Kansas,Male,local_best3,stepwise,Mental and substance use disorders,-0.00269506389950713,0.0539251751492217,-4.99778422981354,5
Kansas,Male,western_europe,horiuchi,Mental and substance use disorders,0.0195282168983123,0.0829743241815489,23.5352527314164,1
Kansas,Male,western_europe,horiuchi,Atherosclerotic CVDs,0.017266089065765,0.0829743241815489,20.8089541386159,2
Kansas,Male,western_europe,horiuchi,Other,0.00880641867207099,0.0829743241815489,10.6134262121888,3
Kansas,Male,western_europe,horiuchi,Road injury,0.00768025582558951,0.0829743241815489,9.2561836463832,4
Kansas,Male,western_europe,horiuchi,Suicide,0.00760472119278233,0.0829743241815489,9.16514990365344,5
Kansas,Male,western_europe,stepwise,Mental and substance use disorders,0.0195265257142038,0.0829743241815489,23.5332145296893,1
Kansas,Male,western_europe,stepwise,Atherosclerotic CVDs,0.0172637031432141,0.0829743241815489,20.8060786436066,2
Kansas,Male,western_europe,stepwise,Other,0.00880759804422809,0.0829743241815489,10.6148475821954,3
Kansas,Male,western_europe,stepwise,Road injury,0.00768088742791767,0.0829743241815489,9.25694484851939,4
Kansas,Male,western_europe,stepwise,Suicide,0.00760558815211382,0.0829743241815489,9.16619475619071,5
Kentucky,Female,local_best3,horiuchi,Other,0.0242626403016445,0.100228604720514,24.2073012682363,1
Kentucky,Female,local_best3,horiuchi,NCDs strongly linked to tobacco use,0.0240386824141559,0.100228604720514,23.9838541913133,2
Kentucky,Female,local_best3,horiuchi,Mental and substance use disorders,0.0188126939867126,0.100228604720514,18.7697853713234,3
Kentucky,Female,local_best3,horiuchi,Atherosclerotic CVDs,0.0141657047134379,0.100228604720514,14.1333951050589,4
Kentucky,Female,local_best3,horiuchi,Diabetes,0.00493346907389514,0.100228604720514,4.92221665426955,5
Kentucky,Female,local_best3,stepwise,Other,0.0242662719009635,0.100228604720514,24.2109245844833,1
Kentucky,Female,local_best3,stepwise,NCDs strongly linked to tobacco use,0.0240348082754321,0.100228604720514,23.9799888888535,2
Kentucky,Female,local_best3,stepwise,Mental and substance use disorders,0.0188163639158631,0.100228604720514,18.773446929978,3
Kentucky,Female,local_best3,stepwise,Atherosclerotic CVDs,0.014161924065791,0.100228604720514,14.1296230804383,4
Kentucky,Female,local_best3,stepwise,Diabetes,0.0049324781307809,0.100228604720514,4.92122797133119,5
Kentucky,Female,western_europe,horiuchi,Mental and substance use disorders,0.0315026557438984,0.125605403568637,25.0806532592236,1
Kentucky,Female,western_europe,horiuchi,NCDs strongly linked to tobacco use,0.0238926664342019,0.125605403568637,19.0220052285773,2
Kentucky,Female,western_europe,horiuchi,Other,0.0209038835824779,0.125605403568637,16.6425034182983,3
Kentucky,Female,western_europe,horiuchi,Atherosclerotic CVDs,0.018545998293089,0.125605403568637,14.765286975058,4
Kentucky,Female,western_europe,horiuchi,Diabetes,0.00837976115605943,0.125605403568637,6.67149733847262,5
Kentucky,Female,western_europe,stepwise,Mental and substance use disorders,0.0315063664794175,0.125605403568637,25.0836075393848,1
Kentucky,Female,western_europe,stepwise,NCDs strongly linked to tobacco use,0.0238894232349887,0.125605403568637,19.0194231746839,2
Kentucky,Female,western_europe,stepwise,Other,0.0209098601866656,0.125605403568637,16.6472616564138,3
Kentucky,Female,western_europe,stepwise,Atherosclerotic CVDs,0.0185382626932981,0.125605403568637,14.7591283229848,4
Kentucky,Female,western_europe,stepwise,Diabetes,0.00837725542271139,0.125605403568637,6.66950241367094,5
Kentucky,Male,local_best3,horiuchi,Mental and substance use disorders,0.0308824980659799,0.134507977403803,22.9596033351005,1
Kentucky,Male,local_best3,horiuchi,NCDs strongly linked to tobacco use,0.0268842710459596,0.134507977403803,19.9871201432544,2
Kentucky,Male,local_best3,horiuchi,Other,0.0265460668494932,0.134507977403803,19.735682122258,3
Kentucky,Male,local_best3,horiuchi,Atherosclerotic CVDs,0.025906897278245,0.134507977403803,19.2604912944832,4
Kentucky,Male,local_best3,horiuchi,Road injury,0.00516946379039662,0.134507977403803,3.84323955364929,5
Kentucky,Male,local_best3,stepwise,Mental and substance use disorders,0.0308935296367417,0.134507977403803,22.9678047600084,1
Kentucky,Male,local_best3,stepwise,NCDs strongly linked to tobacco use,0.0268789634990002,0.134507977403803,19.9831742457234,2
Kentucky,Male,local_best3,stepwise,Other,0.0265542127847649,0.134507977403803,19.7417382205125,3
Kentucky,Male,local_best3,stepwise,Atherosclerotic CVDs,0.025891613006542,0.134507977403803,19.2491281976633,4
Kentucky,Male,local_best3,stepwise,Road injury,0.00517272386192091,0.134507977403803,3.84566325489528,5
Kentucky,Male,western_europe,horiuchi,Mental and substance use disorders,0.0525125101646959,0.163557126436131,32.1065252911509,1
Kentucky,Male,western_europe,horiuchi,Atherosclerotic CVDs,0.0300601359224088,0.163557126436131,18.3789826694878,2
Kentucky,Male,western_europe,horiuchi,NCDs strongly linked to tobacco use,0.0188034561494453,0.163557126436131,11.4965679326655,3
Kentucky,Male,western_europe,horiuchi,Other,0.0178889505651016,0.163557126436131,10.9374326603172,4
Kentucky,Male,western_europe,horiuchi,Diabetes,0.0101786181949481,0.163557126436131,6.22328015705443,5
Kentucky,Male,western_europe,stepwise,Mental and substance use disorders,0.0525077024631614,0.163557126436131,32.1035858279558,1
Kentucky,Male,western_europe,stepwise,Atherosclerotic CVDs,0.030036765869517,0.163557126436131,18.3646940515591,2
Kentucky,Male,western_europe,stepwise,NCDs strongly linked to tobacco use,0.0188070978121778,0.163557126436131,11.4987944713751,3
Kentucky,Male,western_europe,stepwise,Other,0.0179056008466476,0.163557126436131,10.9476127618565,4
Kentucky,Male,western_europe,stepwise,Diabetes,0.0101732344358903,0.163557126436131,6.21998848815859,5
Louisiana,Female,local_best3,horiuchi,Other,0.0322245831304223,0.0911537274903158,35.351909370734,1
Louisiana,Female,local_best3,horiuchi,Atherosclerotic CVDs,0.0141653350835481,0.0911537274903158,15.5400502794063,2
Louisiana,Female,local_best3,horiuchi,NCDs strongly linked to tobacco use,0.0138876677455453,0.0911537274903158,15.2354359255585,3
Louisiana,Female,local_best3,horiuchi,Mental and substance use disorders,0.00931861860476024,0.0911537274903158,10.2229704273479,4
Louisiana,Female,local_best3,horiuchi,Diabetes,0.00616544845585954,0.0911537274903158,6.76379192119659,5
Louisiana,Female,local_best3,stepwise,Other,0.0322270968620902,0.0911537274903158,35.3546670546348,1
Louisiana,Female,local_best3,stepwise,Atherosclerotic CVDs,0.0141622898002395,0.0911537274903158,15.5367094579254,2
Louisiana,Female,local_best3,stepwise,NCDs strongly linked to tobacco use,0.0138856812593664,0.0911537274903158,15.2332566551835,3
Louisiana,Female,local_best3,stepwise,Mental and substance use disorders,0.00932008294324094,0.0911537274903158,10.2245768767175,4
Louisiana,Female,local_best3,stepwise,Diabetes,0.00616445323504455,0.0911537274903158,6.76270011634957,5
Louisiana,Female,western_europe,horiuchi,Other,0.0289617244978638,0.116530526338439,24.8533370678773,1
Louisiana,Female,western_europe,horiuchi,Mental and substance use disorders,0.0219386107233457,0.116530526338439,18.8264924330896,2
Louisiana,Female,western_europe,horiuchi,Atherosclerotic CVDs,0.0185690966631633,0.116530526338439,15.9349633496318,3
Louisiana,Female,western_europe,horiuchi,NCDs strongly linked to tobacco use,0.0135879012667472,0.116530526338439,11.6603792102371,4
Louisiana,Female,western_europe,horiuchi,Diabetes,0.00964916389004988,0.116530526338439,8.28037441625025,5
Louisiana,Female,western_europe,stepwise,Other,0.0289662121293456,0.116530526338439,24.8571881029861,1
Louisiana,Female,western_europe,stepwise,Mental and substance use disorders,0.021939983240263,0.116530526338439,18.8276702505769,2
Louisiana,Female,western_europe,stepwise,Atherosclerotic CVDs,0.0185627201341273,0.116530526338439,15.9294913679662,3
Louisiana,Female,western_europe,stepwise,NCDs strongly linked to tobacco use,0.01358631428497,0.116530526338439,11.6590173509654,4
Louisiana,Female,western_europe,stepwise,Diabetes,0.00964685441427865,0.116530526338439,8.27839255291899,5
Louisiana,Male,local_best3,horiuchi,Other,0.034987131034279,0.127888459202979,27.3575358185753,1
Louisiana,Male,local_best3,horiuchi,Atherosclerotic CVDs,0.0241395575008143,0.127888459202979,18.8754776242171,2
Louisiana,Male,local_best3,horiuchi,NCDs strongly linked to tobacco use,0.0181441287539398,0.127888459202979,14.1874637219158,3
Louisiana,Male,local_best3,horiuchi,Mental and substance use disorders,0.018056309728711,0.127888459202979,14.11879526991,4
Louisiana,Male,local_best3,horiuchi,Violence,0.00984433386277228,0.127888459202979,7.69759360940285,5
Louisiana,Male,local_best3,stepwise,Other,0.0349947699598427,0.127888459202979,27.3635089342194,1
Louisiana,Male,local_best3,stepwise,Atherosclerotic CVDs,0.0241255412437406,0.127888459202979,18.8645178729142,2
Louisiana,Male,local_best3,stepwise,NCDs strongly linked to tobacco use,0.0181403580504836,0.127888459202979,14.1845152905408,3
Louisiana,Male,local_best3,stepwise,Mental and substance use disorders,0.0180591606804574,0.127888459202979,14.121024518557,4
Louisiana,Male,local_best3,stepwise,Violence,0.0098524522726739,0.127888459202979,7.70394164889931,5
Louisiana,Male,western_europe,horiuchi,Mental and substance use disorders,0.0395448383526575,0.156937608235306,25.1978087326051,1
Louisiana,Male,western_europe,horiuchi,Atherosclerotic CVDs,0.0282763208637324,0.156937608235306,18.0175556271611,2
Louisiana,Male,western_europe,horiuchi,Other,0.0264446234861749,0.156937608235306,16.8504055742489,3
Louisiana,Male,western_europe,horiuchi,Violence,0.0122486113899114,0.156937608235306,7.80476491749913,4
Louisiana,Male,western_europe,horiuchi,Diabetes,0.0104661324487714,0.156937608235306,6.66897665031243,5
Louisiana,Male,western_europe,stepwise,Mental and substance use disorders,0.0395333738687144,0.156937608235306,25.1905036104791,1
Louisiana,Male,western_europe,stepwise,Atherosclerotic CVDs,0.0282559105196859,0.156937608235306,18.0045502396851,2
Louisiana,Male,western_europe,stepwise,Other,0.0264622742774748,0.156937608235306,16.8616525860381,3
Louisiana,Male,western_europe,stepwise,Violence,0.012258071801493,0.156937608235306,7.81079305293966,4
Louisiana,Male,western_europe,stepwise,Diabetes,0.0104614896432712,0.156937608235306,6.66601827369871,5
Maine,Female,local_best3,horiuchi,NCDs strongly linked to tobacco use,0.00990321526053306,0.0227225827788592,43.583140864369,1
Maine,Female,local_best3,horiuchi,Mental and substance use disorders,0.00538860046014078,0.0227225827788592,23.7147357436597,2
Maine,Female,local_best3,horiuchi,Other,0.00492724815157586,0.0227225827788592,21.6843666036068,3
Maine,Female,local_best3,horiuchi,Road injury,0.000987234080268018,0.0227225827788592,4.34472652108249,4
Maine,Female,local_best3,horiuchi,Neonatal conditions,0.000933687965621988,0.0227225827788592,4.1090749881245,5
Maine,Female,local_best3,stepwise,NCDs strongly linked to tobacco use,0.00990311349076917,0.0227225827788592,43.5826929849845,1
Maine,Female,local_best3,stepwise,Mental and substance use disorders,0.00538860438383326,0.0227225827788592,23.71475301147,2
Maine,Female,local_best3,stepwise,Other,0.00492728339553128,0.0227225827788592,21.6845217090179,3
Maine,Female,local_best3,stepwise,Road injury,0.000987247503328792,0.0227225827788592,4.3447855947402,4
Maine,Female,local_best3,stepwise,Neonatal conditions,0.000933736109229477,0.0227225827788592,4.10928686371962,5
Maine,Female,western_europe,horiuchi,Mental and substance use disorders,0.0184786821452745,0.0480993816269826,38.4177124948908,1
Maine,Female,western_europe,horiuchi,NCDs strongly linked to tobacco use,0.00952109423986414,0.0480993816269826,19.7946291985655,2
Maine,Female,western_europe,horiuchi,Diabetes,0.00403279996088601,0.0480993816269826,8.38430729143452,3
Maine,Female,western_europe,horiuchi,Atherosclerotic CVDs,0.00386659568671921,0.0480993816269826,8.03876381759998,4
Maine,Female,western_europe,horiuchi,Road injury,0.00273857302327141,0.0480993816269826,5.69357220537558,5
Maine,Female,western_europe,stepwise,Mental and substance use disorders,0.0184782310354449,0.0480993816269826,38.4167746245599,1
Maine,Female,western_europe,stepwise,NCDs strongly linked to tobacco use,0.00952121581521381,0.0480993816269826,19.7948819572197,2
Maine,Female,western_europe,stepwise,Diabetes,0.00403264467041053,0.0480993816269826,8.38398443806255,3
Maine,Female,western_europe,stepwise,Atherosclerotic CVDs,0.00386639560332658,0.0480993816269826,8.03834783846291,4
Maine,Female,western_europe,stepwise,Road injury,0.0027386865351523,0.0480993816269826,5.69380819984589,5
Maine,Male,local_best3,horiuchi,Mental and substance use disorders,0.0215071065992387,0.0486172613158257,44.2375938445505,1
Maine,Male,local_best3,horiuchi,NCDs strongly linked to tobacco use,0.0124515211064649,0.0486172613158257,25.6113173993445,2
Maine,Male,local_best3,horiuchi,Other,0.00785039357463679,0.0486172613158257,16.1473381308736,3
Maine,Male,local_best3,horiuchi,Atherosclerotic CVDs,0.00278012241338887,0.0486172613158257,5.71838548314918,4
Maine,Male,local_best3,horiuchi,Suicide,0.00242138278940318,0.0486172613158257,4.98050018423186,5
Maine,Male,local_best3,stepwise,Mental and substance use disorders,0.0215067256729067,0.0486172613158257,44.2368103237974,1
Maine,Male,local_best3,stepwise,NCDs strongly linked to tobacco use,0.012451702760829,0.0486172613158257,25.6116910410495,2
Maine,Male,local_best3,stepwise,Other,0.00785115385197321,0.0486172613158257,16.1489019321159,3
Maine,Male,local_best3,stepwise,Atherosclerotic CVDs,0.00277990495788938,0.0486172613158257,5.71793820271089,4
Maine,Male,local_best3,stepwise,Suicide,0.00242136555104006,0.0486172613158257,4.98046472694229,5
Maine,Male,western_europe,horiuchi,Mental and substance use disorders,0.0442602313720504,0.0776664103481529,56.9876104401457,1
Maine,Male,western_europe,horiuchi,Suicide,0.0075233093547149,0.0776664103481529,9.68669637361941,2
Maine,Male,western_europe,horiuchi,Atherosclerotic CVDs,0.0067196825653455,0.0776664103481529,8.65198035447161,3
Maine,Male,western_europe,horiuchi,Diabetes,0.00648270543659568,0.0776664103481529,8.34685858086636,4
Maine,Male,western_europe,horiuchi,Road injury,0.00556186034815354,0.0776664103481529,7.16121721503743,5
Maine,Male,western_europe,stepwise,Mental and substance use disorders,0.0442559129177658,0.0776664103481529,56.9820501802274,1
Maine,Male,western_europe,stepwise,Suicide,0.00752363090342328,0.0776664103481529,9.68711038619826,2
Maine,Male,western_europe,stepwise,Atherosclerotic CVDs,0.00671966014357722,0.0776664103481529,8.6519514851468,3
Maine,Male,western_europe,stepwise,Diabetes,0.00648342330806534,0.0776664103481529,8.34778288194638,4
Maine,Male,western_europe,stepwise,Road injury,0.0055623706356156,0.0776664103481529,7.16187423968911,5
Maryland,Female,local_best3,horiuchi,Other,0.0142825103514028,0.0333831929518411,42.7835359308107,1
Maryland,Female,local_best3,horiuchi,Atherosclerotic CVDs,0.00501276019838326,0.0333831929518411,15.0158201032918,2
Maryland,Female,local_best3,horiuchi,NCDs strongly linked to tobacco use,0.00396181304803966,0.0333831929518411,11.8676875928405,3
Maryland,Female,local_best3,horiuchi,Suicide,0.00259501453669053,0.0333831929518411,7.77341622305009,4
Maryland,Female,local_best3,horiuchi,Violence,0.00121870942894264,0.0333831929518411,3.65066765992326,5
Maryland,Female,local_best3,stepwise,Other,0.014282567774461,0.0333831929518411,42.7837079426919,1
Maryland,Female,local_best3,stepwise,Atherosclerotic CVDs,0.00501262284835369,0.0333831929518411,15.0154086686224,2
Maryland,Female,local_best3,stepwise,NCDs strongly linked to tobacco use,0.00396171923162664,0.0333831929518411,11.8674065639612,3
Maryland,Female,local_best3,stepwise,Suicide,0.00259500123157536,0.0333831929518411,7.77337636732031,4
Maryland,Female,local_best3,stepwise,Violence,0.00121873716661058,0.0333831929518411,3.65075074864392,5
Maryland,Female,western_europe,horiuchi,Mental and substance use disorders,0.0141563507544472,0.0587599917999645,24.0918188052841,1
Maryland,Female,western_europe,horiuchi,Other,0.0106173554716662,0.0587599917999645,18.0690213637379,2
Maryland,Female,western_europe,horiuchi,Atherosclerotic CVDs,0.00943023826458766,0.0587599917999645,16.0487399261233,3
Maryland,Female,western_europe,horiuchi,Diabetes,0.00466124016965808,0.0587599917999645,7.93267668505851,4
Maryland,Female,western_europe,horiuchi,Suicide,0.00354124072766715,0.0587599917999645,6.02661882547998,5
Maryland,Female,western_europe,stepwise,Mental and substance use disorders,0.0141561219715221,0.0587599917999645,24.0914294537575,1
Maryland,Female,western_europe,stepwise,Other,0.0106178316350972,0.0587599917999645,18.0698317168649,2
Maryland,Female,western_europe,stepwise,Atherosclerotic CVDs,0.00942956925558303,0.0587599917999645,16.047601381028,3
Maryland,Female,western_europe,stepwise,Diabetes,0.00466103257909195,0.0587599917999645,7.93232339949844,4
Maryland,Female,western_europe,stepwise,Suicide,0.00354116520168268,0.0587599917999645,6.02649029247282,5
Maryland,Male,local_best3,horiuchi,Other,0.0127789146584291,0.0519650386977073,24.5913694643181,1
Maryland,Male,local_best3,horiuchi,Mental and substance use disorders,0.0119131706363699,0.0519650386977073,22.9253569994849,2
Maryland,Male,local_best3,horiuchi,Violence,0.00762646499947695,0.0519650386977073,14.6761460986142,3
Maryland,Male,local_best3,horiuchi,Atherosclerotic CVDs,0.00740919949530539,0.0519650386977073,14.2580467194616,4
Maryland,Male,local_best3,horiuchi,Suicide,0.00426990346155687,0.0519650386977073,8.21687728627681,5
Maryland,Male,local_best3,stepwise,Other,0.0127794428483021,0.0519650386977073,24.5923858974551,1
Maryland,Male,local_best3,stepwise,Mental and substance use disorders,0.0119127019572951,0.0519650386977073,22.9244550871867,2
Maryland,Male,local_best3,stepwise,Violence,0.0076269484283904,0.0519650386977073,14.6770763950704,3
Maryland,Male,local_best3,stepwise,Atherosclerotic CVDs,0.00740887361981818,0.0519650386977073,14.2574196142089,4
Maryland,Male,local_best3,stepwise,Suicide,0.00426960804582205,0.0519650386977073,8.21630879688044,5
Maryland,Male,western_europe,horiuchi,Mental and substance use disorders,0.0344377250091459,0.0810141877300346,42.5082642609508,1
Maryland,Male,western_europe,horiuchi,Atherosclerotic CVDs,0.0114265065495007,0.0810141877300346,14.1043277352574,2
Maryland,Male,western_europe,horiuchi,Violence,0.0101074793822328,0.0810141877300346,12.4761843146711,3
Maryland,Male,western_europe,horiuchi,Suicide,0.00939496218042168,0.0810141877300346,11.596687498403,4
Maryland,Male,western_europe,horiuchi,Diabetes,0.00618823811005143,0.0810141877300346,7.63846220451242,5
Maryland,Male,western_europe,stepwise,Mental and substance use disorders,0.0344330824062828,0.0810141877300346,42.5025336562343,1
Maryland,Male,western_europe,stepwise,Atherosclerotic CVDs,0.0114269978848913,0.0810141877300346,14.1049342159299,2
Maryland,Male,western_europe,stepwise,Violence,0.0101078829613225,0.0810141877300346,12.4766824732049,3
Maryland,Male,western_europe,stepwise,Suicide,0.00939471308622286,0.0810141877300346,11.5963800285563,4
Maryland,Male,western_europe,stepwise,Diabetes,0.00618863651216767,0.0810141877300346,7.63895397284017,5
Massachusetts,Female,local_best3,horiuchi,Mental and substance use disorders,0.00728427307671808,0.000797920557499499,912.907056755793,1
Massachusetts,Female,local_best3,horiuchi,Other,-0.00508036634853548,0.000797920557499499,-636.700771873355,2
Massachusetts,Female,local_best3,horiuchi,NCDs strongly linked to tobacco use,0.00371764436266175,0.000797920557499499,465.916603817303,3
Massachusetts,Female,local_best3,horiuchi,Atherosclerotic CVDs,-0.00122777459129764,0.000797920557499499,-153.871783319533,4
Massachusetts,Female,local_best3,horiuchi,Diabetes,-0.0011253173085084,0.000797920557499499,-141.031246523449,5
Massachusetts,Female,local_best3,stepwise,Mental and substance use disorders,0.00728427923327218,0.000797920557499499,912.907828330612,1
Massachusetts,Female,local_best3,stepwise,Other,-0.00508037182746646,0.000797920557499499,-636.701458524541,2
Massachusetts,Female,local_best3,stepwise,NCDs strongly linked to tobacco use,0.00371764603249847,0.000797920557499499,465.916813090858,3
Massachusetts,Female,local_best3,stepwise,Atherosclerotic CVDs,-0.00122777476505881,0.000797920557499499,-153.871805096284,4
Massachusetts,Female,local_best3,stepwise,Diabetes,-0.00112531778917996,0.000797920557499499,-141.031306763978,5
Massachusetts,Female,western_europe,horiuchi,Mental and substance use disorders,0.0205682217355148,0.0261747194056229,78.5804860666291,1
Massachusetts,Female,western_europe,horiuchi,Other,-0.00910273820299468,0.0261747194056229,-34.7768320337341,2
Massachusetts,Female,western_europe,horiuchi,NCDs strongly linked to tobacco use,0.00323823307586502,0.0261747194056229,12.3716056920533,3
Massachusetts,Female,western_europe,horiuchi,Atherosclerotic CVDs,0.00318167524141755,0.0261747194056229,12.1555275994059,4
Massachusetts,Female,western_europe,horiuchi,Diabetes,0.00243942653441298,0.0261747194056229,9.31978103226176,5
Massachusetts,Female,western_europe,stepwise,Mental and substance use disorders,0.0205680082067307,0.0261747194056229,78.579670284115,1
Massachusetts,Female,western_europe,stepwise,Other,-0.00910269089450333,0.0261747194056229,-34.7766512925746,2
Massachusetts,Female,western_europe,stepwise,NCDs strongly linked to tobacco use,0.00323834990913308,0.0261747194056229,12.372052051253,3
Massachusetts,Female,western_europe,stepwise,Atherosclerotic CVDs,0.00318164064253573,0.0261747194056229,12.1553954150593,4
Massachusetts,Female,western_europe,stepwise,Diabetes,0.00243941416813598,0.0261747194056229,9.31973378714402,5
Massachusetts,Male,local_best3,horiuchi,Mental and substance use disorders,0.0276447132510449,0.0129466792132796,213.527444340239,1
Massachusetts,Male,local_best3,horiuchi,Other,-0.00731168767281321,0.0129466792132796,-56.4753907342779,2
Massachusetts,Male,local_best3,horiuchi,Suicide,-0.00485034590260791,0.0129466792132796,-37.4640154645434,3
Massachusetts,Male,local_best3,horiuchi,NCDs strongly linked to tobacco use,0.00308210470026882,0.0129466792132796,23.8061409377275,4
Massachusetts,Male,local_best3,horiuchi,Road injury,-0.00249077544366383,0.0129466792132796,-19.2387206219568,5
Massachusetts,Male,local_best3,stepwise,Mental and substance use disorders,0.0276450056632188,0.0129466792132796,213.529702928476,1
Massachusetts,Male,local_best3,stepwise,Other,-0.00731186318213706,0.0129466792132796,-56.4767463662586,2
Massachusetts,Male,local_best3,stepwise,Suicide,-0.00485043606589169,0.0129466792132796,-37.4647118847011,3
Massachusetts,Male,local_best3,stepwise,NCDs strongly linked to tobacco use,0.00308218478346511,0.0129466792132796,23.8067594994063,4
Massachusetts,Male,local_best3,stepwise,Road injury,-0.00249081945500862,0.0129466792132796,-19.2390605650733,5
Massachusetts,Male,western_europe,horiuchi,Mental and substance use disorders,0.0510367978188199,0.0419958282456069,121.528256379034,1
Massachusetts,Male,western_europe,horiuchi,Other,-0.0174062104685255,0.0419958282456069,-41.4474751318814,2
Massachusetts,Male,western_europe,horiuchi,NCDs strongly linked to tobacco use,-0.00619922740118439,0.0419958282456069,-14.7615314667187,3
Massachusetts,Male,western_europe,horiuchi,Diabetes,0.00454520124798696,0.0419958282456069,10.8229827529653,4
Massachusetts,Male,western_europe,horiuchi,Atherosclerotic CVDs,0.00394677122011933,0.0419958282456069,9.3980078141028,5
Massachusetts,Male,western_europe,stepwise,Mental and substance use disorders,0.051038465612278,0.0419958282456069,121.532227710301,1
Massachusetts,Male,western_europe,stepwise,Other,-0.0174079720331649,0.0419958282456069,-41.4516697500445,2
Massachusetts,Male,western_europe,stepwise,NCDs strongly linked to tobacco use,-0.00620087988965307,0.0419958282456069,-14.7654663539151,3
Massachusetts,Male,western_europe,stepwise,Diabetes,0.00454584389890506,0.0419958282456069,10.824513026197,4
Massachusetts,Male,western_europe,stepwise,Atherosclerotic CVDs,0.00394725400388091,0.0419958282456069,9.39915741343623,5
Michigan,Female,local_best3,horiuchi,Other,0.0146219560095514,0.0510747960430048,28.6285157110364,1
Michigan,Female,local_best3,horiuchi,NCDs strongly linked to tobacco use,0.0107279785424105,0.0510747960430048,21.0044471511498,2
Michigan,Female,local_best3,horiuchi,Atherosclerotic CVDs,0.00875190641942281,0.0510747960430048,17.135470129051,3
Michigan,Female,local_best3,horiuchi,Mental and substance use disorders,0.00760020208436263,0.0510747960430048,14.8805334003944,4
Michigan,Female,local_best3,horiuchi,Diabetes,0.00170225809979341,0.0510747960430048,3.33287302480878,5
Michigan,Female,local_best3,stepwise,Other,0.0146224210528229,0.0510747960430048,28.6294262252381,1
Michigan,Female,local_best3,stepwise,NCDs strongly linked to tobacco use,0.0107274776970457,0.0510747960430048,21.0034665395692,2
Michigan,Female,local_best3,stepwise,Atherosclerotic CVDs,0.00875127859471997,0.0510747960430048,17.1342409029914,3
Michigan,Female,local_best3,stepwise,Mental and substance use disorders,0.00760048952792652,0.0510747960430048,14.8810961898447,4
Michigan,Female,local_best3,stepwise,Diabetes,0.00170219734943267,0.0510747960430048,3.33275408089622,5
Michigan,Female,western_europe,horiuchi,Mental and substance use disorders,0.0205056962596443,0.0764515948911282,26.8218031145664,1
Michigan,Female,western_europe,horiuchi,Atherosclerotic CVDs,0.0131789813462029,0.0764515948911282,17.2383340922718,2
Michigan,Female,western_europe,horiuchi,Other,0.0110032399983578,0.0764515948911282,14.3924270174182,3
Michigan,Female,western_europe,horiuchi,NCDs strongly linked to tobacco use,0.0103675459901665,0.0764515948911282,13.560928329789,4
Michigan,Female,western_europe,horiuchi,Diabetes,0.00520424154405463,0.0764515948911282,6.8072373787176,5
Michigan,Female,western_europe,stepwise,Mental and substance use disorders,0.0205054888791991,0.0764515948911282,26.82153185738,1
Michigan,Female,western_europe,stepwise,Atherosclerotic CVDs,0.0131770588955875,0.0764515948911282,17.235819493828,2
Michigan,Female,western_europe,stepwise,Other,0.0110045527334424,0.0764515948911282,14.3941440974692,3
Michigan,Female,western_europe,stepwise,NCDs strongly linked to tobacco use,0.0103673703556358,0.0764515948911282,13.5606985968044,4
Michigan,Female,western_europe,stepwise,Diabetes,0.00520378179059511,0.0764515948911282,6.80663601329131,5
Michigan,Male,local_best3,horiuchi,Atherosclerotic CVDs,0.0167277487485716,0.0624547154931631,26.7838042595884,1
Michigan,Male,local_best3,horiuchi,Mental and substance use disorders,0.0131737383222795,0.0624547154931631,21.0932644849237,2
Michigan,Male,local_best3,horiuchi,Other,0.0114016044570936,0.0624547154931631,18.255794405695,3
Michigan,Male,local_best3,horiuchi,NCDs strongly linked to tobacco use,0.0112615959440071,0.0624547154931631,18.0316183575281,4
Michigan,Male,local_best3,horiuchi,Violence,0.00321508369123935,0.0624547154931631,5.14786380155924,5
Michigan,Male,local_best3,stepwise,Atherosclerotic CVDs,0.016725701336282,0.0624547154931631,26.780526024673,1
Michigan,Male,local_best3,stepwise,Mental and substance use disorders,0.0131744329804679,0.0624547154931631,21.0943767439148,2
Michigan,Male,local_best3,stepwise,Other,0.0114024580998222,0.0624547154931631,18.2571612243922,3
Michigan,Male,local_best3,stepwise,NCDs strongly linked to tobacco use,0.0112613349560854,0.0624547154931631,18.0312004740751,4
Michigan,Male,local_best3,stepwise,Violence,0.00321567077295076,0.0624547154931631,5.14880381338505,5
Michigan,Male,western_europe,horiuchi,Mental and substance use disorders,0.0355652690130168,0.0915038645254903,38.8675048834789,1
Michigan,Male,western_europe,horiuchi,Atherosclerotic CVDs,0.0208922951690773,0.0915038645254903,22.8321451530141,2
Michigan,Male,western_europe,horiuchi,Diabetes,0.00704909949825383,0.0915038645254903,7.70360851403184,3
Michigan,Male,western_europe,horiuchi,Violence,0.00559749920726693,0.0915038645254903,6.11722710979888,4
Michigan,Male,western_europe,horiuchi,Suicide,0.00542249788119587,0.0915038645254903,5.92597690744014,5
Michigan,Male,western_europe,stepwise,Mental and substance use disorders,0.0355612964855221,0.0915038645254903,38.8631635067345,1
Michigan,Male,western_europe,stepwise,Atherosclerotic CVDs,0.0208893882849163,0.0915038645254903,22.8289683646062,2
Michigan,Male,western_europe,stepwise,Diabetes,0.00704895070978262,0.0915038645254903,7.70344591054839,3
Michigan,Male,western_europe,stepwise,Violence,0.00559836870895636,0.0915038645254903,6.11817734473588,4
Michigan,Male,western_europe,stepwise,Suicide,0.00542294829332452,0.0915038645254903,5.92646914034307,5
Minnesota,Female,local_best3,horiuchi,Other,0.00515448745748337,0.00420950519571894,122.448772903891,1
Minnesota,Female,local_best3,horiuchi,NCDs strongly linked to tobacco use,0.0028624874085984,0.00420950519571894,68.0005671809016,2
Minnesota,Female,local_best3,horiuchi,Atherosclerotic CVDs,-0.00219842826354477,0.00420950519571894,-52.225336739828,3
Minnesota,Female,local_best3,horiuchi,Mental and substance use disorders,-0.0012772540715944,0.00420950519571894,-30.3421426559437,4
Minnesota,Female,local_best3,horiuchi,Neurological conditions,0.0011275354538659,0.00420950519571894,26.7854629330925,5
Minnesota,Female,local_best3,stepwise,Other,0.00515448770595256,0.00420950519571894,122.448778806465,1
Minnesota,Female,local_best3,stepwise,NCDs strongly linked to tobacco use,0.00286248982069998,0.00420950519571894,68.0006244822105,2
Minnesota,Female,local_best3,stepwise,Atherosclerotic CVDs,-0.00219842789103297,0.00420950519571894,-52.2253278905266,3
Minnesota,Female,local_best3,stepwise,Mental and substance use disorders,-0.00127725467810247,0.00420950519571894,-30.3421570640044,4
Minnesota,Female,local_best3,stepwise,Neurological conditions,0.00112753511867231,0.00420950519571894,26.7854549703136,5
Minnesota,Female,western_europe,horiuchi,Mental and substance use disorders,0.0118561637236945,0.0295863040438423,40.0731490696691,1
Minnesota,Female,western_europe,horiuchi,Diabetes,0.00326800338906252,0.0295863040438423,11.0456628317611,2
Minnesota,Female,western_europe,horiuchi,NCDs strongly linked to tobacco use,0.00237171981452133,0.0295863040438423,8.01627608168567,3
Minnesota,Female,western_europe,horiuchi,Road injury,0.00221488875419018,0.0295863040438423,7.48619614977274,4
Minnesota,Female,western_europe,horiuchi,Atherosclerotic CVDs,0.00218826299237851,0.0295863040438423,7.39620261164031,5
Minnesota,Female,western_europe,stepwise,Mental and substance use disorders,0.0118560326468067,0.0295863040438423,40.0727060373541,1
Minnesota,Female,western_europe,stepwise,Diabetes,0.00326794838370448,0.0295863040438423,11.0454769168257,2
Minnesota,Female,western_europe,stepwise,NCDs strongly linked to tobacco use,0.00237176426979907,0.0295863040438423,8.01642633795855,3
Minnesota,Female,western_europe,stepwise,Road injury,0.00221491709432881,0.0295863040438423,7.48629193780555,4
Minnesota,Female,western_europe,stepwise,Atherosclerotic CVDs,0.00218820404508802,0.0295863040438423,7.39600337320078,5
Minnesota,Male,local_best3,horiuchi,NCDs strongly linked to tobacco use,0.00332579505322339,-0.00549714019802849,-60.5004590280626,1
Minnesota,Male,local_best3,horiuchi,Atherosclerotic CVDs,-0.00292088324593975,-0.00549714019802849,53.1345961848909,2
Minnesota,Male,local_best3,horiuchi,Mental and substance use disorders,-0.00279255929075628,-0.00549714019802849,50.800219571584,3
Minnesota,Male,local_best3,horiuchi,Other,0.00198512128885564,-0.00549714019802849,-36.1118912260522,4
Minnesota,Male,local_best3,horiuchi,Diabetes,-0.00118281043709823,-0.00549714019802849,21.5168322889496,5
Minnesota,Male,local_best3,stepwise,NCDs strongly linked to tobacco use,0.0033258121992249,-0.00549714019802849,-60.5007709357254,1
Minnesota,Male,local_best3,stepwise,Atherosclerotic CVDs,-0.00292088550297359,-0.00549714019802849,53.1346372432187,2
Minnesota,Male,local_best3,stepwise,Mental and substance use disorders,-0.00279256250016852,-0.00549714019802849,50.8002779548909,3
Minnesota,Male,local_best3,stepwise,Other,0.00198512370157505,-0.00549714019802849,-36.1119351164994,4
Minnesota,Male,local_best3,stepwise,Diabetes,-0.00118281285213068,-0.00549714019802849,21.5168762214739,5
Minnesota,Male,western_europe,horiuchi,Mental and substance use disorders,0.0203076009650114,0.0235520088342988,86.2244962112848,1
Minnesota,Male,western_europe,horiuchi,Other,-0.00805520685730976,0.0235520088342988,-34.2017825909566,2
Minnesota,Male,western_europe,horiuchi,NCDs strongly linked to tobacco use,-0.00606145656669055,0.0235520088342988,-25.7364737306962,3
Minnesota,Male,western_europe,horiuchi,Diabetes,0.00478094333372992,0.0235520088342988,20.2995140132906,4
Minnesota,Male,western_europe,horiuchi,Suicide,0.00457201348571323,0.0235520088342988,19.4124141081971,5
Minnesota,Male,western_europe,stepwise,Mental and substance use disorders,0.0203080071474378,0.0235520088342988,86.2262208303153,1
Minnesota,Male,western_europe,stepwise,Other,-0.00805552133999832,0.0235520088342988,-34.2031178600234,2
Minnesota,Male,western_europe,stepwise,NCDs strongly linked to tobacco use,-0.00606201094799519,0.0235520088342988,-25.7388275906516,3
Minnesota,Male,western_europe,stepwise,Diabetes,0.00478127540536666,0.0235520088342988,20.300923963665,4
Minnesota,Male,western_europe,stepwise,Suicide,0.00457204005401668,0.0235520088342988,19.4125269151497,5
Mississippi,Female,local_best3,horiuchi,Other,0.0443240702417248,0.111992064440661,39.5778669346792,1
Mississippi,Female,local_best3,horiuchi,Atherosclerotic CVDs,0.0187726708516083,0.111992064440661,16.7625009373365,2
Mississippi,Female,local_best3,horiuchi,NCDs strongly linked to tobacco use,0.0179788158858025,0.111992064440661,16.053651636477,3
Mississippi,Female,local_best3,horiuchi,Diabetes,0.00689497881304357,0.111992064440661,6.15666730270599,4
Mississippi,Female,local_best3,horiuchi,Road injury,0.00584207296657036,0.111992064440661,5.21650618349464,5
Mississippi,Female,local_best3,stepwise,Other,0.0443294223283645,0.111992064440661,39.5826459220712,1
Mississippi,Female,local_best3,stepwise,Atherosclerotic CVDs,0.0187668874479805,0.111992064440661,16.757336818203,2
Mississippi,Female,local_best3,stepwise,NCDs strongly linked to tobacco use,0.0179750253208874,0.111992064440661,16.0502669637021,3
Mississippi,Female,local_best3,stepwise,Diabetes,0.00689317065920997,0.111992064440661,6.15505276524511,4
Mississippi,Female,local_best3,stepwise,Road injury,0.00584474590111256,0.111992064440661,5.21889290129965,5
Mississippi,Female,western_europe,horiuchi,Other,0.0412925089603028,0.137368863288784,30.0595840801969,1
Mississippi,Female,western_europe,horiuchi,Atherosclerotic CVDs,0.0231908479274203,0.137368863288784,16.8821721110608,2
Mississippi,Female,western_europe,horiuchi,NCDs strongly linked to tobacco use,0.0177473945829079,0.137368863288784,12.9195176825467,3
Mississippi,Female,western_europe,horiuchi,Mental and substance use disorders,0.0144468085101619,0.137368863288784,10.516799924151,4
Mississippi,Female,western_europe,horiuchi,Diabetes,0.0103454309168752,0.137368863288784,7.53113236085133,5
Mississippi,Female,western_europe,stepwise,Other,0.041299528107052,0.137368863288784,30.0646937874342,1
Mississippi,Female,western_europe,stepwise,Atherosclerotic CVDs,0.0231799381440174,0.137368863288784,16.8742301487109,2
Mississippi,Female,western_europe,stepwise,NCDs strongly linked to tobacco use,0.0177439204200379,0.137368863288784,12.9169886066071,3
Mississippi,Female,western_europe,stepwise,Mental and substance use disorders,0.0144490242400321,0.137368863288784,10.5184129023887,4
Mississippi,Female,western_europe,stepwise,Diabetes,0.0103416604833772,0.137368863288784,7.52838760966991,5
Mississippi,Male,local_best3,horiuchi,Other,0.0558139483353145,0.162629922538512,34.3196058044591,1
Mississippi,Male,local_best3,horiuchi,Atherosclerotic CVDs,0.0338306281725963,0.162629922538512,20.8022162493406,2
Mississippi,Male,local_best3,horiuchi,NCDs strongly linked to tobacco use,0.0258103739540784,0.162629922538512,15.8706181194708,3
Mississippi,Male,local_best3,horiuchi,Road injury,0.0116933196638391,0.162629922538512,7.19014033906956,4
Mississippi,Male,local_best3,horiuchi,Violence,0.0101991247451919,0.162629922538512,6.27137035177317,5
Mississippi,Male,local_best3,stepwise,Other,0.0558296457256879,0.162629922538512,34.3292580198254,1
Mississippi,Male,local_best3,stepwise,Atherosclerotic CVDs,0.0337998306819102,0.162629922538512,20.7832790880818,2
Mississippi,Male,local_best3,stepwise,NCDs strongly linked to tobacco use,0.0257991312246124,0.162629922538512,15.8637050438876,3
Mississippi,Male,local_best3,stepwise,Road injury,0.0117059510409396,0.162629922538512,7.1979072843545,4
Mississippi,Male,local_best3,stepwise,Violence,0.0102143971597131,0.162629922538512,6.28076125246526,5
Mississippi,Male,western_europe,horiuchi,Other,0.0479115223054819,0.191679071570839,24.9956982329055,1
Mississippi,Male,western_europe,horiuchi,Atherosclerotic CVDs,0.0380626499697933,0.191679071570839,19.8574886960084,2
Mississippi,Male,western_europe,horiuchi,Mental and substance use disorders,0.0216803336540262,0.191679071570839,11.3107463826659,3
Mississippi,Male,western_europe,horiuchi,NCDs strongly linked to tobacco use,0.0178914115338976,0.191679071570839,9.33404538496288,4
Mississippi,Male,western_europe,horiuchi,Road injury,0.0156183360433758,0.191679071570839,8.14816970646882,5
Mississippi,Male,western_europe,stepwise,Other,0.047931729183008,0.191679071570839,25.0062402693211,1
Mississippi,Male,western_europe,stepwise,Atherosclerotic CVDs,0.0380160574176861,0.191679071570839,19.8331811116043,2
Mississippi,Male,western_europe,stepwise,Mental and substance use disorders,0.0216808219937285,0.191679071570839,11.3110011521085,3
Mississippi,Male,western_europe,stepwise,NCDs strongly linked to tobacco use,0.0178902977295123,0.191679071570839,9.33346430723948,4
Mississippi,Male,western_europe,stepwise,Road injury,0.0156326570095658,0.191679071570839,8.15564103136239,5
Missouri,Female,local_best3,horiuchi,Other,0.0183856895434985,0.0663444818286235,27.7124623431247,1
Missouri,Female,local_best3,horiuchi,NCDs strongly linked to tobacco use,0.0151870524735157,0.0663444818286235,22.8912067061521,2
Missouri,Female,local_best3,horiuchi,Atherosclerotic CVDs,0.0113409219862549,0.0663444818286235,17.0939943664795,3
Missouri,Female,local_best3,horiuchi,Mental and substance use disorders,0.00830137739864745,0.0663444818286235,12.5125363403862,4
Missouri,Female,local_best3,horiuchi,Road injury,0.00259131967734461,0.0663444818286235,3.90585562796063,5
Missouri,Female,local_best3,stepwise,Other,0.0183865503205687,0.0663444818286235,27.7137597789422,1
Missouri,Female,local_best3,stepwise,NCDs strongly linked to tobacco use,0.0151859268246319,0.0663444818286235,22.8895100331918,2
Missouri,Female,local_best3,stepwise,Atherosclerotic CVDs,0.0113395414928649,0.0663444818286235,17.0919135703802,3
Missouri,Female,local_best3,stepwise,Mental and substance use disorders,0.00830229021068579,0.0663444818286235,12.5139122076975,4
Missouri,Female,local_best3,stepwise,Road injury,0.0025917587603464,0.0663444818286235,3.90651745090307,5
Missouri,Female,western_europe,horiuchi,Mental and substance use disorders,0.0210993658513667,0.0917212806767469,23.003784613221,1
Missouri,Female,western_europe,horiuchi,Atherosclerotic CVDs,0.0157669448162308,0.0917212806767469,17.1900617827156,2
Missouri,Female,western_europe,horiuchi,NCDs strongly linked to tobacco use,0.0148975228624225,0.0917212806767469,16.2421662154128,3
Missouri,Female,western_europe,horiuchi,Other,0.0148584937938328,0.0917212806767469,16.1996144015896,4
Missouri,Female,western_europe,horiuchi,Diabetes,0.00563100941443528,0.0917212806767469,6.13926165540649,5
Missouri,Female,western_europe,stepwise,Mental and substance use disorders,0.0211002243392564,0.0917212806767469,23.0047205878207,1
Missouri,Female,western_europe,stepwise,Atherosclerotic CVDs,0.0157634160733185,0.0917212806767469,17.1862145371405,2
Missouri,Female,western_europe,stepwise,NCDs strongly linked to tobacco use,0.0148968183967444,0.0917212806767469,16.2413981649964,3
Missouri,Female,western_europe,stepwise,Other,0.0148603255935718,0.0917212806767469,16.201611538705,4
Missouri,Female,western_europe,stepwise,Diabetes,0.00563017887189288,0.0917212806767469,6.13835614848783,5
Missouri,Male,local_best3,horiuchi,Atherosclerotic CVDs,0.0215797337491013,0.0955417297109803,22.586710345711,1
Missouri,Male,local_best3,horiuchi,Other,0.0196462369446803,0.0955417297109803,20.5629906472401,2
Missouri,Male,local_best3,horiuchi,NCDs strongly linked to tobacco use,0.016904068711021,0.0955417297109803,17.692864429142,3
Missouri,Male,local_best3,horiuchi,Mental and substance use disorders,0.0159937663980384,0.0955417297109803,16.740084616869,4
Missouri,Male,local_best3,horiuchi,Violence,0.00603681755217445,0.0955417297109803,6.31851398382277,5
Missouri,Male,local_best3,stepwise,Atherosclerotic CVDs,0.0215731305097798,0.0955417297109803,22.57979897898,1
Missouri,Male,local_best3,stepwise,Other,0.0196492045873683,0.0955417297109803,20.5660967692425,2
Missouri,Male,local_best3,stepwise,NCDs strongly linked to tobacco use,0.0169024930548638,0.0955417297109803,17.6912152480334,3
Missouri,Male,local_best3,stepwise,Mental and substance use disorders,0.0159960036276675,0.0955417297109803,16.7424262424978,4
Missouri,Male,local_best3,stepwise,Violence,0.00603915978440706,0.0955417297109803,6.32096551179876,5
Missouri,Male,western_europe,horiuchi,Mental and substance use disorders,0.0379389046426623,0.124590878743308,30.4507882321202,1
Missouri,Male,western_europe,horiuchi,Atherosclerotic CVDs,0.025751072222028,0.124590878743308,20.6685051761153,2
Missouri,Male,western_europe,horiuchi,Other,0.0105936816396985,0.124590878743308,8.50277463852271,3
Missouri,Male,western_europe,horiuchi,Road injury,0.00873497519278665,0.124590878743308,7.01092670739017,4
Missouri,Male,western_europe,horiuchi,Violence,0.00842020427377288,0.124590878743308,6.75828307714314,5
Missouri,Male,western_europe,stepwise,Mental and substance use disorders,0.0379323360015385,0.124590878743308,30.4455160635714,1
Missouri,Male,western_europe,stepwise,Atherosclerotic CVDs,0.0257412422355757,0.124590878743308,20.6606153638341,2
Missouri,Male,western_europe,stepwise,Other,0.010601896057033,0.124590878743308,8.50936775145149,3
Missouri,Male,western_europe,stepwise,Road injury,0.00873671879595628,0.124590878743308,7.01232617032615,4
Missouri,Male,western_europe,stepwise,Violence,0.00842309148747949,0.124590878743308,6.76060043274391,5
Montana,Female,local_best3,horiuchi,Other,0.0108461803729146,0.0342666343757846,31.6523071801279,1
Montana,Female,local_best3,horiuchi,NCDs strongly linked to tobacco use,0.00790052897069316,0.0342666343757846,23.0560401236144,2
Montana,Female,local_best3,horiuchi,Road injury,0.0035945970413388,0.0342666343757846,10.4900790720171,3
Montana,Female,local_best3,horiuchi,Suicide,0.00349045920134949,0.0342666343757846,10.1861745833321,4
Montana,Female,local_best3,horiuchi,Mental and substance use disorders,0.0030463892244238,0.0342666343757846,8.89024930495248,5
Montana,Female,local_best3,stepwise,Other,0.0108462830497719,0.0342666343757846,31.6526068210444,1
Montana,Female,local_best3,stepwise,NCDs strongly linked to tobacco use,0.00790054249327238,0.0342666343757846,23.0560795864315,2
Montana,Female,local_best3,stepwise,Road injury,0.00359467705945238,0.0342666343757846,10.4903125881328,3
Montana,Female,local_best3,stepwise,Suicide,0.00349046199863878,0.0342666343757846,10.1861827466353,4
Montana,Female,local_best3,stepwise,Mental and substance use disorders,0.00304633297393159,0.0342666343757846,8.89008514966488,5
Montana,Female,western_europe,horiuchi,Mental and substance use disorders,0.0160140023979009,0.059643433223908,26.8495650439547,1
Montana,Female,western_europe,horiuchi,NCDs strongly linked to tobacco use,0.00749301432605665,0.059643433223908,12.5630164479752,2
Montana,Female,western_europe,horiuchi,Other,0.00713325188351288,0.059643433223908,11.959827759636,3
Montana,Female,western_europe,horiuchi,Atherosclerotic CVDs,0.00697747157836171,0.059643433223908,11.6986417468081,4
Montana,Female,western_europe,horiuchi,Road injury,0.00537241639341746,0.059643433223908,9.00755724984646,5
Montana,Female,western_europe,stepwise,Mental and substance use disorders,0.0160131835542102,0.059643433223908,26.8481921456381,1
Montana,Female,western_europe,stepwise,NCDs strongly linked to tobacco use,0.00749340774846996,0.059643433223908,12.5636760719975,2
Montana,Female,western_europe,stepwise,Other,0.00713353105285158,0.059643433223908,11.9602958234673,3
Montana,Female,western_europe,stepwise,Atherosclerotic CVDs,0.00697719172473993,0.059643433223908,11.6981725356869,4
Montana,Female,western_europe,stepwise,Road injury,0.00537275848816765,0.059643433223908,9.00813081634273,5
Montana,Male,local_best3,horiuchi,Other,0.012285121564226,0.0419939646954998,29.2544932427934,1
Montana,Male,local_best3,horiuchi,Atherosclerotic CVDs,0.0107029853571359,0.0419939646954998,25.4869608876983,2
Montana,Male,local_best3,horiuchi,Suicide,0.00737648508199451,0.0419939646954998,17.5655838534936,3
Montana,Male,local_best3,horiuchi,NCDs strongly linked to tobacco use,0.0062891932261423,0.0419939646954998,14.9764216637927,4
Montana,Male,local_best3,horiuchi,Road injury,0.00455453884847745,0.0419939646954998,10.8456986176529,5
Montana,Male,local_best3,stepwise,Other,0.0122853253984129,0.0419939646954998,29.2549786320354,1
Montana,Male,local_best3,stepwise,Atherosclerotic CVDs,0.0107026826318362,0.0419939646954998,25.4862400095867,2
Montana,Male,local_best3,stepwise,Suicide,0.00737672510672965,0.0419939646954998,17.5661554230915,3
Montana,Male,local_best3,stepwise,NCDs strongly linked to tobacco use,0.0062891135736729,0.0419939646954998,14.9762319878001,4
Montana,Male,local_best3,stepwise,Road injury,0.00455485059014504,0.0419939646954998,10.8464409663924,5
Montana,Male,western_europe,horiuchi,Mental and substance use disorders,0.0225287379331662,0.071043113727827,31.7113605401306,1
Montana,Male,western_europe,horiuchi,Atherosclerotic CVDs,0.014807003074422,0.071043113727827,20.8422777345444,2
Montana,Male,western_europe,horiuchi,Suicide,0.0125928836644619,0.071043113727827,17.7256921940477,3
Montana,Male,western_europe,horiuchi,Road injury,0.00867249135993242,0.071043113727827,12.207363817354,4
Montana,Male,western_europe,horiuchi,Diabetes,0.00555375526497637,0.071043113727827,7.81744348404173,5
Montana,Male,western_europe,stepwise,Mental and substance use disorders,0.0225273378068703,0.071043113727827,31.7093897280103,1
Montana,Male,western_europe,stepwise,Atherosclerotic CVDs,0.0148077601785291,0.071043113727827,20.8433434312283,2
Montana,Male,western_europe,stepwise,Suicide,0.0125932536029253,0.071043113727827,17.726212917935,3
Montana,Male,western_europe,stepwise,Road injury,0.00867320448605508,0.071043113727827,12.2083676108046,4
Montana,Male,western_europe,stepwise,Diabetes,0.00555435451556785,0.071043113727827,7.81828698675443,5
Nebraska,Female,local_best3,horiuchi,Other,0.0155113625112786,0.0250181250359325,62.0004995937956,1
Nebraska,Female,local_best3,horiuchi,NCDs strongly linked to tobacco use,0.00783020530331546,0.0250181250359325,31.2981300240097,2
Nebraska,Female,local_best3,horiuchi,Mental and substance use disorders,-0.00442272255597098,0.0250181250359325,-17.6780735951188,3
Nebraska,Female,local_best3,horiuchi,Road injury,0.00171861116467431,0.0250181250359325,6.86946428721554,4
Nebraska,Female,local_best3,horiuchi,Diabetes,0.00147371234313909,0.0250181250359325,5.89057869453629,5
Nebraska,Female,local_best3,stepwise,Other,0.0155115387924593,0.0250181250359325,62.0012042076722,1
Nebraska,Female,local_best3,stepwise,NCDs strongly linked to tobacco use,0.00783009137962099,0.0250181250359325,31.2976746593718,2
Nebraska,Female,local_best3,stepwise,Mental and substance use disorders,-0.00442282861871168,0.0250181250359325,-17.6784975387219,3
Nebraska,Female,local_best3,stepwise,Road injury,0.00171866568472284,0.0250181250359325,6.86968220941575,4
Nebraska,Female,local_best3,stepwise,Diabetes,0.00147369820509508,0.0250181250359325,5.89052218333094,5
Nebraska,Female,western_europe,horiuchi,Other,0.0118449690672634,0.0503949238840559,23.5042900243589,1
Nebraska,Female,western_europe,horiuchi,Mental and substance use disorders,0.00850634655957916,0.0503949238840559,16.8793717778993,2
Nebraska,Female,western_europe,horiuchi,NCDs strongly linked to tobacco use,0.00741856928363838,0.0503949238840559,14.7208661346654,3
Nebraska,Female,western_europe,horiuchi,Atherosclerotic CVDs,0.00516279906047168,0.0503949238840559,10.2446807387779,4
Nebraska,Female,western_europe,horiuchi,Diabetes,0.0050264678139853,0.0503949238840559,9.97415498741451,5
Nebraska,Female,western_europe,stepwise,Other,0.011845333480049,0.0503949238840559,23.5050131384297,1
Nebraska,Female,western_europe,stepwise,Mental and substance use disorders,0.00850633312103138,0.0503949238840559,16.8793451114283,2
Nebraska,Female,western_europe,stepwise,NCDs strongly linked to tobacco use,0.00741838287638813,0.0503949238840559,14.7204962417558,3
Nebraska,Female,western_europe,stepwise,Atherosclerotic CVDs,0.00516247122318153,0.0503949238840559,10.2440302024444,4
Nebraska,Female,western_europe,stepwise,Diabetes,0.00502623254711632,0.0503949238840559,9.97368814105211,5
Nebraska,Male,local_best3,horiuchi,Other,0.0161040193208599,0.0229552562474401,70.1539514404497,1
Nebraska,Male,local_best3,horiuchi,Mental and substance use disorders,-0.0120727063473239,0.0229552562474401,-52.5923397116085,2
Nebraska,Male,local_best3,horiuchi,NCDs strongly linked to tobacco use,0.00968279760667357,0.0229552562474401,42.1811784730278,3
Nebraska,Male,local_best3,horiuchi,Atherosclerotic CVDs,0.00453394195790535,0.0229552562474401,19.7512147502643,4
Nebraska,Male,local_best3,horiuchi,Road injury,0.0026161934319161,0.0229552562474401,11.3969254087845,5
Nebraska,Male,local_best3,stepwise,Other,0.0161042780247008,0.0229552562474401,70.1550784321855,1
Nebraska,Male,local_best3,stepwise,Mental and substance use disorders,-0.0120729622902408,0.0229552562474401,-52.5934546759291,2
Nebraska,Male,local_best3,stepwise,NCDs strongly linked to tobacco use,0.00968267366195996,0.0229552562474401,42.180638532579,3
Nebraska,Male,local_best3,stepwise,Atherosclerotic CVDs,0.00453389621395983,0.0229552562474401,19.7510154758801,4
Nebraska,Male,local_best3,stepwise,Road injury,0.00261629598910523,0.0229552562474401,11.3973721787444,5
Nebraska,Male,western_europe,horiuchi,Mental and substance use disorders,0.0104377698865047,0.0520044052797674,20.0709340494383,1
Nebraska,Male,western_europe,horiuchi,Atherosclerotic CVDs,0.00857206004386823,0.0520044052797674,16.483334436291,2
Nebraska,Male,western_europe,horiuchi,Road injury,0.0067486513388838,0.0520044052797674,12.9770762737852,3
Nebraska,Male,western_europe,horiuchi,Other,0.00650662022741366,0.0520044052797674,12.5116712563293,4
Nebraska,Male,western_europe,horiuchi,Diabetes,0.00639353562984024,0.0520044052797674,12.2942192982403,5
Nebraska,Male,western_europe,stepwise,Mental and substance use disorders,0.0104371805300801,0.0520044052797674,20.0698007677068,1
Nebraska,Male,western_europe,stepwise,Atherosclerotic CVDs,0.00857168582008105,0.0520044052797674,16.4826148361241,2
Nebraska,Male,western_europe,stepwise,Road injury,0.00674883477208793,0.0520044052797674,12.9774290000651,3
Nebraska,Male,western_europe,stepwise,Other,0.00650686519826871,0.0520044052797674,12.5121423142209,4
Nebraska,Male,western_europe,stepwise,Diabetes,0.00639352442413238,0.0520044052797674,12.2941977506275,5
Nevada,Female,local_best3,horiuchi,Other,0.0125980756644479,0.0482688723030483,26.0997928133745,1
Nevada,Female,local_best3,horiuchi,Mental and substance use disorders,0.0095073070427808,0.0482688723030483,19.6965592713472,2
Nevada,Female,local_best3,horiuchi,NCDs strongly linked to tobacco use,0.00895256487309959,0.0482688723030483,18.5472840900288,3
Nevada,Female,local_best3,horiuchi,Atherosclerotic CVDs,0.00623421760482745,0.0482688723030483,12.9156064920824,4
Nevada,Female,local_best3,horiuchi,Suicide,0.00263445137587248,0.0482688723030483,5.45786808387091,5
Nevada,Female,local_best3,stepwise,Other,0.0125982487367909,0.0482688723030483,26.1001513722857,1
Nevada,Female,local_best3,stepwise,Mental and substance use disorders,0.00950747842330568,0.0482688723030483,19.6969143252706,2
Nevada,Female,local_best3,stepwise,NCDs strongly linked to tobacco use,0.00895240456821006,0.0482688723030483,18.5469519818152,3
Nevada,Female,local_best3,stepwise,Atherosclerotic CVDs,0.00623384508215075,0.0482688723030483,12.9148347262239,4
Nevada,Female,local_best3,stepwise,Suicide,0.00263456804608825,0.0482688723030483,5.45810979288585,5
Nevada,Female,western_europe,horiuchi,Mental and substance use disorders,0.0224623757851881,0.0736456711511717,30.5006057166344,1
Nevada,Female,western_europe,horiuchi,Atherosclerotic CVDs,0.0106315243294728,0.0736456711511717,14.4360478535793,2
Nevada,Female,western_europe,horiuchi,Other,0.00894310835621748,0.0736456711511717,12.1434270560995,3
Nevada,Female,western_europe,horiuchi,NCDs strongly linked to tobacco use,0.00856511947436866,0.0736456711511717,11.6301736958675,4
Nevada,Female,western_europe,horiuchi,Diabetes,0.00470647660729839,0.0736456711511717,6.39070366761606,5
Nevada,Female,western_europe,stepwise,Mental and substance use disorders,0.0224622806001885,0.0736456711511717,30.5004764693914,1
Nevada,Female,western_europe,stepwise,Atherosclerotic CVDs,0.010630196315748,0.0736456711511717,14.434244606078,2
Nevada,Female,western_europe,stepwise,Other,0.0089435603393529,0.0736456711511717,12.1440407827835,3
Nevada,Female,western_europe,stepwise,NCDs strongly linked to tobacco use,0.00856542226773799,0.0736456711511717,11.6305848447709,4
Nevada,Female,western_europe,stepwise,Diabetes,0.0047060444511472,0.0736456711511717,6.39011686306334,5
Nevada,Male,local_best3,horiuchi,Atherosclerotic CVDs,0.0157923670561332,0.0648481144622668,24.3528546467181,1
Nevada,Male,local_best3,horiuchi,Other,0.0147945886773072,0.0648481144622668,22.8142156483451,2
Nevada,Male,local_best3,horiuchi,Mental and substance use disorders,0.0126832596328307,0.0648481144622668,19.5584092737356,3
Nevada,Male,local_best3,horiuchi,NCDs strongly linked to tobacco use,0.0077804842958904,0.0648481144622668,11.9980116005033,4
Nevada,Male,local_best3,horiuchi,Suicide,0.0035183989113986,0.0648481144622668,5.4255994034273,5
Nevada,Male,local_best3,stepwise,Atherosclerotic CVDs,0.0157902135220214,0.0648481144622668,24.3495337573913,1
Nevada,Male,local_best3,stepwise,Other,0.0147954093599741,0.0648481144622668,22.8154811942653,2
Nevada,Male,local_best3,stepwise,Mental and substance use disorders,0.0126836793453089,0.0648481144622668,19.559056497609,3
Nevada,Male,local_best3,stepwise,NCDs strongly linked to tobacco use,0.00778018178431555,0.0648481144622668,11.9975451080272,4
Nevada,Male,local_best3,stepwise,Suicide,0.00351899071885786,0.0648481144622668,5.42651200892735,5
Nevada,Male,western_europe,horiuchi,Mental and substance use disorders,0.0350298908984522,0.093897263494594,37.3066153312008,1
Nevada,Male,western_europe,horiuchi,Atherosclerotic CVDs,0.0199335201654944,0.093897263494594,21.2290746541746,2
Nevada,Male,western_europe,horiuchi,Suicide,0.00858597647596349,0.093897263494594,9.14401139758222,3
Nevada,Male,western_europe,horiuchi,Diabetes,0.00669668229398368,0.093897263494594,7.13192487698987,4
Nevada,Male,western_europe,horiuchi,Other,0.00544636197090875,0.093897263494594,5.80034153095667,5
Nevada,Male,western_europe,stepwise,Mental and substance use disorders,0.0350271646185082,0.093897263494594,37.3037118600638,1
Nevada,Male,western_europe,stepwise,Atherosclerotic CVDs,0.0199300019024802,0.093897263494594,21.2253277260073,2
Nevada,Male,western_europe,stepwise,Suicide,0.00858747559963602,0.093897263494594,9.14560795494368,3
Nevada,Male,western_europe,stepwise,Diabetes,0.00669625186617434,0.093897263494594,7.13146647405743,4
Nevada,Male,western_europe,stepwise,Other,0.00544914709227012,0.093897263494594,5.80330766783619,5
New Hampshire,Female,local_best3,horiuchi,Mental and substance use disorders,0.00596490380720471,0.00675497893325749,88.3038106578998,1
New Hampshire,Female,local_best3,horiuchi,NCDs strongly linked to tobacco use,0.00586075272083375,0.00675497893325749,86.7619688934764,2
New Hampshire,Female,local_best3,horiuchi,Other,-0.00150028308460859,0.00675497893325749,-22.2100335090919,3
New Hampshire,Female,local_best3,horiuchi,Atherosclerotic CVDs,-0.00139301468577857,0.00675497893325749,-20.6220433778142,4
New Hampshire,Female,local_best3,horiuchi,NCDs strongly linked to infections,-0.00112973758432577,0.00675497893325749,-16.724516767382,5
New Hampshire,Female,local_best3,stepwise,Mental and substance use disorders,0.00596490214368711,0.00675497893325749,88.3037860313596,1
New Hampshire,Female,local_best3,stepwise,NCDs strongly linked to tobacco use,0.0058607600095692,0.00675497893325749,86.7620767951519,2
New Hampshire,Female,local_best3,stepwise,Other,-0.00150028349359299,0.00675497893325749,-22.2100395636541,3
New Hampshire,Female,local_best3,stepwise,Atherosclerotic CVDs,-0.0013930178802723,0.00675497893325749,-20.6220906687644,4
New Hampshire,Female,local_best3,stepwise,NCDs strongly linked to infections,-0.00112973802771332,0.00675497893325749,-16.7245233312448,5
New Hampshire,Female,western_europe,horiuchi,Mental and substance use disorders,0.0191846089973495,0.0321317777813809,59.7060303599705,1
New Hampshire,Female,western_europe,horiuchi,Other,-0.00545702244582524,0.0321317777813809,-16.9832571448548,2
New Hampshire,Female,western_europe,horiuchi,NCDs strongly linked to tobacco use,0.00541444456579288,0.0321317777813809,16.8507469540958,3
New Hampshire,Female,western_europe,horiuchi,Atherosclerotic CVDs,0.00299885633678165,0.0321317777813809,9.3329922707214,4
New Hampshire,Female,western_europe,horiuchi,Diabetes,0.00280858373343151,0.0321317777813809,8.74082894678482,5
New Hampshire,Female,western_europe,stepwise,Mental and substance use disorders,0.0191843339478563,0.0321317777813809,59.7051743553787,1
New Hampshire,Female,western_europe,stepwise,Other,-0.00545695625839099,0.0321317777813809,-16.9830511573906,2
New Hampshire,Female,western_europe,stepwise,NCDs strongly linked to tobacco use,0.0054145900862751,0.0321317777813809,16.851199840591,3
New Hampshire,Female,western_europe,stepwise,Atherosclerotic CVDs,0.00299881584110273,0.0321317777813809,9.33286624072332,4
New Hampshire,Female,western_europe,stepwise,Diabetes,0.00280857167783805,0.0321317777813809,8.74079142756149,5
New Hampshire,Male,local_best3,horiuchi,Mental and substance use disorders,0.0181339347200336,0.0189750497662639,95.5672577590508,1
New Hampshire,Male,local_best3,horiuchi,NCDs strongly linked to tobacco use,0.00508504483225303,0.0189750497662639,26.798584957041,2
New Hampshire,Male,local_best3,horiuchi,Atherosclerotic CVDs,0.00319131769323167,0.0189750497662639,16.8184944574194,3
New Hampshire,Male,local_best3,horiuchi,Other,-0.00167246770870311,0.0189750497662639,-8.8140359540802,4
New Hampshire,Male,local_best3,horiuchi,Violence,-0.00157840836017931,0.0189750497662639,-8.31833581267119,5
New Hampshire,Male,local_best3,stepwise,Mental and substance use disorders,0.0181339291774029,0.0189750497662639,95.5672285489526,1
New Hampshire,Male,local_best3,stepwise,NCDs strongly linked to tobacco use,0.00508516667110015,0.0189750497662639,26.7992270573181,2
New Hampshire,Male,local_best3,stepwise,Atherosclerotic CVDs,0.00319137138124131,0.0189750497662639,16.8187773974397,3
New Hampshire,Male,local_best3,stepwise,Other,-0.00167244696377372,0.0189750497662639,-8.81392662667584,4
New Hampshire,Male,local_best3,stepwise,Violence,-0.00157844287146725,0.0189750497662639,-8.31851768986447,5
New Hampshire,Male,western_europe,horiuchi,Mental and substance use disorders,0.0412619328997661,0.0480241987985911,85.9190448399039,1
New Hampshire,Male,western_europe,horiuchi,Other,-0.0116242909074671,0.0480241987985911,-24.2050699402987,2
New Hampshire,Male,western_europe,horiuchi,Atherosclerotic CVDs,0.00721448702808603,0.0480241987985911,15.0226077864264,3
New Hampshire,Male,western_europe,horiuchi,Suicide,0.00602346316417668,0.0480241987985911,12.5425583661239,4
New Hampshire,Male,western_europe,horiuchi,Diabetes,0.00439087449908704,0.0480241987985911,9.14304581634344,5
New Hampshire,Male,western_europe,stepwise,Mental and substance use disorders,0.0412621522209007,0.0480241987985911,85.9195015286985,1
New Hampshire,Male,western_europe,stepwise,Other,-0.0116252120811237,0.0480241987985911,-24.2069880850667,2
New Hampshire,Male,western_europe,stepwise,Atherosclerotic CVDs,0.00721553710005773,0.0480241987985911,15.0247943340377,3
New Hampshire,Male,western_europe,stepwise,Suicide,0.0060236424216566,0.0480241987985911,12.5429316310287,4
New Hampshire,Male,western_europe,stepwise,Diabetes,0.00439158646901855,0.0480241987985911,9.14452833963237,5
New Jersey,Female,local_best3,horiuchi,Mental and substance use disorders,0.0042519133531258,0.00875258000656254,48.5789715711001,1
New Jersey,Female,local_best3,horiuchi,Other,0.00314751872977759,0.00875258000656254,35.9610392297772,2
New Jersey,Female,local_best3,horiuchi,Atherosclerotic CVDs,0.00151851765391731,0.00875258000656254,17.3493718741074,3
New Jersey,Female,local_best3,horiuchi,NCDs strongly linked to tobacco use,0.0011977099962478,0.00875258000656254,13.6840793840191,4
New Jersey,Female,local_best3,horiuchi,Suicide,-0.00115657682845005,0.00875258000656254,-13.2141246076342,5
New Jersey,Female,local_best3,stepwise,Mental and substance use disorders,0.00425192224927085,0.00875258000656254,48.5790732113597,1
New Jersey,Female,local_best3,stepwise,Other,0.00314751728930618,0.00875258000656254,35.9610227720995,2
New Jersey,Female,local_best3,stepwise,Atherosclerotic CVDs,0.00151851474780329,0.00875258000656254,17.3493386711659,3
New Jersey,Female,local_best3,stepwise,NCDs strongly linked to tobacco use,0.00119770711465989,0.00875258000656254,13.6840464612933,4
New Jersey,Female,local_best3,stepwise,Suicide,-0.00115657929552315,0.00875258000656254,-13.2141527944443,5
New Jersey,Female,western_europe,horiuchi,Mental and substance use disorders,0.0174315314908883,0.0341293788546859,51.074857134398,1
New Jersey,Female,western_europe,horiuchi,Atherosclerotic CVDs,0.00594773830377915,0.0341293788546859,17.4270335510736,2
New Jersey,Female,western_europe,horiuchi,Diabetes,0.00337644661153136,0.0341293788546859,9.89307958374337,3
New Jersey,Female,western_europe,horiuchi,Road injury,0.00138645707953067,0.0341293788546859,4.06235661490894,4
New Jersey,Female,western_europe,horiuchi,Neurological conditions,0.00107878647864867,0.0341293788546859,3.16087346107841,5
New Jersey,Female,western_europe,stepwise,Mental and substance use disorders,0.0174313531095871,0.0341293788546859,51.0743344723773,1
New Jersey,Female,western_europe,stepwise,Atherosclerotic CVDs,0.00594761097433383,0.0341293788546859,17.4266604723667,2
New Jersey,Female,western_europe,stepwise,Diabetes,0.00337642035391478,0.0341293788546859,9.89300264821901,3
New Jersey,Female,western_europe,stepwise,Road injury,0.00138648698865129,0.0341293788546859,4.06244424943857,4
New Jersey,Female,western_europe,stepwise,Neurological conditions,0.00107886007172359,0.0341293788546859,3.1610890907716,5
New Jersey,Male,local_best3,horiuchi,Mental and substance use disorders,0.0220396816202303,0.0181146485627522,121.667729538782,1
New Jersey,Male,local_best3,horiuchi,Suicide,-0.0058583617322242,0.0181146485627522,-32.3404658496677,2
New Jersey,Male,local_best3,horiuchi,Atherosclerotic CVDs,0.00471336119324084,0.0181146485627522,26.0196115696805,3
New Jersey,Male,local_best3,horiuchi,Other,-0.00302441283868515,0.0181146485627522,-16.695950949355,4
New Jersey,Male,local_best3,horiuchi,Road injury,-0.0016576381198713,0.0181146485627522,-9.15081578386108,5
New Jersey,Male,local_best3,stepwise,Mental and substance use disorders,0.0220397274296323,0.0181146485627522,121.667982424737,1
New Jersey,Male,local_best3,stepwise,Suicide,-0.00585844203450164,0.0181146485627522,-32.3409091498905,2
New Jersey,Male,local_best3,stepwise,Atherosclerotic CVDs,0.00471340598507281,0.0181146485627522,26.0198588382477,3
New Jersey,Male,local_best3,stepwise,Other,-0.00302438563144919,0.0181146485627522,-16.6958007546887,4
New Jersey,Male,local_best3,stepwise,Road injury,-0.0016576714670351,0.0181146485627522,-9.15099987334917,5
New Jersey,Male,western_europe,horiuchi,Mental and substance use disorders,0.0452526105588609,0.0471637975950795,95.9477668600248,1
New Jersey,Male,western_europe,horiuchi,Other,-0.0130067726133157,0.0471637975950795,-27.5778738705144,2
New Jersey,Male,western_europe,horiuchi,Atherosclerotic CVDs,0.00876692685488689,0.0471637975950795,18.5882547672572,3
New Jersey,Male,western_europe,horiuchi,NCDs strongly linked to tobacco use,-0.0080460019004075,0.0471637975950795,-17.0596989866798,4
New Jersey,Male,western_europe,horiuchi,Diabetes,0.00547986990518101,0.0471637975950795,11.6188054919325,5
New Jersey,Male,western_europe,stepwise,Mental and substance use disorders,0.0452530104739525,0.0471637975950795,95.9486147881223,1
New Jersey,Male,western_europe,stepwise,Other,-0.0130074353592255,0.0471637975950795,-27.5792790709935,2
New Jersey,Male,western_europe,stepwise,Atherosclerotic CVDs,0.00876803204341026,0.0471637975950795,18.5905980656761,3
New Jersey,Male,western_europe,stepwise,NCDs strongly linked to tobacco use,-0.00804836025074451,0.0471637975950795,-17.0646993268926,4
New Jersey,Male,western_europe,stepwise,Diabetes,0.0054807404322339,0.0471637975950795,11.6206512446014,5
New Mexico,Female,local_best3,horiuchi,Mental and substance use disorders,0.0195301697167393,0.0608073532318256,32.1181052598709,1
New Mexico,Female,local_best3,horiuchi,Other,0.0123852833080856,0.0608073532318256,20.3680684157839,2
New Mexico,Female,local_best3,horiuchi,NCDs strongly linked to infections,0.00491537957393429,0.0608073532318256,8.08352824566232,3
New Mexico,Female,local_best3,horiuchi,Atherosclerotic CVDs,0.00486247129821515,0.0608073532318256,7.9965185783982,4
New Mexico,Female,local_best3,horiuchi,NCDs strongly linked to tobacco use,0.00377626488389671,0.0608073532318256,6.21021090903241,5
New Mexico,Female,local_best3,stepwise,Mental and substance use disorders,0.0195295704555772,0.0608073532318256,32.1171197521482,1
New Mexico,Female,local_best3,stepwise,Other,0.0123860246566677,0.0608073532318256,20.3692875916609,2
New Mexico,Female,local_best3,stepwise,NCDs strongly linked to infections,0.00491500617399959,0.0608073532318256,8.08291417529937,3
New Mexico,Female,local_best3,stepwise,Atherosclerotic CVDs,0.00486241415129451,0.0608073532318256,7.99642459811851,4
New Mexico,Female,local_best3,stepwise,NCDs strongly linked to tobacco use,0.00377609385930544,0.0608073532318256,6.20992965260177,5
New Mexico,Female,western_europe,horiuchi,Mental and substance use disorders,0.0325363346098042,0.086184152079949,37.7521085078632,1
New Mexico,Female,western_europe,horiuchi,Atherosclerotic CVDs,0.00920713271964735,0.086184152079949,10.6830925378326,2
New Mexico,Female,western_europe,horiuchi,Other,0.00875683868398858,0.086184152079949,10.160613607784,3
New Mexico,Female,western_europe,horiuchi,Diabetes,0.00727242821305052,0.086184152079949,8.43824303835377,4
New Mexico,Female,western_europe,horiuchi,NCDs strongly linked to infections,0.00603513596462801,0.086184152079949,7.00260525743701,5
New Mexico,Female,western_europe,stepwise,Mental and substance use disorders,0.0325340020847165,0.086184152079949,37.7494020647046,1
New Mexico,Female,western_europe,stepwise,Atherosclerotic CVDs,0.00920668433434269,0.086184152079949,10.6825722736148,2
New Mexico,Female,western_europe,stepwise,Other,0.00875845393599756,0.086184152079949,10.1624877945922,3
New Mexico,Female,western_europe,stepwise,Diabetes,0.0072721941027632,0.086184152079949,8.4379713987522,4
New Mexico,Female,western_europe,stepwise,NCDs strongly linked to infections,0.00603422008589988,0.086184152079949,7.00154255773406,5
New Mexico,Male,local_best3,horiuchi,Mental and substance use disorders,0.0401699791332306,0.0974590318270829,41.2172975456009,1
New Mexico,Male,local_best3,horiuchi,Atherosclerotic CVDs,0.0128084440231304,0.0974590318270829,13.1423879172695,2
New Mexico,Male,local_best3,horiuchi,NCDs strongly linked to infections,0.00787148304380092,0.0974590318270829,8.07670966582854,3
New Mexico,Male,local_best3,horiuchi,Other,0.00785334411660998,0.0974590318270829,8.05809781749506,4
New Mexico,Male,local_best3,horiuchi,Road injury,0.00679304264374347,0.0974590318270829,6.97015198734588,5
New Mexico,Male,local_best3,stepwise,Mental and substance use disorders,0.0401659087099868,0.0974590318270829,41.2131209976016,1
New Mexico,Male,local_best3,stepwise,Atherosclerotic CVDs,0.0128079145503334,0.0974590318270829,13.1418446399693,2
New Mexico,Male,local_best3,stepwise,NCDs strongly linked to infections,0.00787026178115252,0.0974590318270829,8.07545656221618,3
New Mexico,Male,local_best3,stepwise,Other,0.00785642521510632,0.0974590318270829,8.06125924690655,4
New Mexico,Male,local_best3,stepwise,Road injury,0.00679397455194342,0.0974590318270829,6.97110819241223,5
New Mexico,Male,western_europe,horiuchi,Mental and substance use disorders,0.0625406187881709,0.12650818085941,49.4360272697881,1
New Mexico,Male,western_europe,horiuchi,Atherosclerotic CVDs,0.0168092336293303,0.12650818085941,13.2870724368494,2
New Mexico,Male,western_europe,horiuchi,Suicide,0.0112845000108064,0.12650818085941,8.91997650598341,3
New Mexico,Male,western_europe,horiuchi,Road injury,0.0108038303376206,0.12650818085941,8.54002505152371,4
New Mexico,Male,western_europe,horiuchi,Diabetes,0.00966981190603411,0.12650818085941,7.64362576423439,5
New Mexico,Male,western_europe,stepwise,Mental and substance use disorders,0.0625306830048233,0.12650818085941,49.4281734035163,1
New Mexico,Male,western_europe,stepwise,Atherosclerotic CVDs,0.01681167244888,0.12650818085941,13.2890002327699,2
New Mexico,Male,western_europe,stepwise,Suicide,0.0112870030130751,0.12650818085941,8.92195503595019,3
New Mexico,Male,western_europe,stepwise,Road injury,0.0108058744227569,0.12650818085941,8.5416408246085,4
New Mexico,Male,western_europe,stepwise,Diabetes,0.00967209630258303,0.12650818085941,7.64543149453056,5
New York,Female,local_best3,horiuchi,Atherosclerotic CVDs,0.00454215867415653,0.00434470956651489,104.544587034388,1
New York,Female,local_best3,horiuchi,NCDs strongly linked to tobacco use,0.00152769645971318,0.00434470956651489,35.1622228442446,2
New York,Female,local_best3,horiuchi,Suicide,-0.000952924267106026,0.00434470956651489,-21.9329796967399,3
New York,Female,local_best3,horiuchi,NCDs strongly linked to infections,-0.000948209873936956,0.00434470956651489,-21.82447087476,4
New York,Female,local_best3,horiuchi,HIV/AIDS,0.000801153380934561,0.00434470956651489,18.43974536547,5
New York,Female,local_best3,stepwise,Atherosclerotic CVDs,0.0045421611292007,0.00434470956651489,104.544643540907,1
New York,Female,local_best3,stepwise,NCDs strongly linked to tobacco use,0.00152769697854455,0.00434470956651489,35.1622347859258,2
New York,Female,local_best3,stepwise,Suicide,-0.000952926594162629,0.00434470956651489,-21.933033257434,3
New York,Female,local_best3,stepwise,NCDs strongly linked to infections,-0.000948210887753875,0.00434470956651489,-21.8244942092754,4
New York,Female,local_best3,stepwise,HIV/AIDS,0.000801154519491143,0.00434470956651489,18.4397715710555,5
New York,Female,western_europe,horiuchi,Mental and substance use disorders,0.0130420708940466,0.0297215084146383,43.8809185324633,1
New York,Female,western_europe,horiuchi,Atherosclerotic CVDs,0.00902656210130559,0.0297215084146383,30.3704710251512,2
New York,Female,western_europe,horiuchi,Other,-0.00339140579197805,0.0297215084146383,-11.4106112807779,3
New York,Female,western_europe,horiuchi,Diabetes,0.00324938280264242,0.0297215084146383,10.9327654482101,4
New York,Female,western_europe,horiuchi,Lower respiratory infections,0.00149800714193993,0.0297215084146383,5.04014507285955,5
New York,Female,western_europe,stepwise,Mental and substance use disorders,0.0130420314940701,0.0297215084146383,43.8807859686108,1
New York,Female,western_europe,stepwise,Atherosclerotic CVDs,0.00902644104905531,0.0297215084146383,30.3700637367707,2
New York,Female,western_europe,stepwise,Other,-0.0033914216784891,0.0297215084146383,-11.4106647320053,3
New York,Female,western_europe,stepwise,Diabetes,0.00324938093137189,0.0297215084146383,10.9327591521954,4
New York,Female,western_europe,stepwise,Lower respiratory infections,0.00149800828222252,0.0297215084146383,5.04014890941648,5
New York,Male,local_best3,horiuchi,Atherosclerotic CVDs,0.0097648389388868,0.00745419183097207,130.997956053586,1
New York,Male,local_best3,horiuchi,Mental and substance use disorders,0.00838832951464585,0.00745419183097207,112.531709739377,2
New York,Male,local_best3,horiuchi,Suicide,-0.00518579554596255,0.00745419183097207,-69.5688501658307,3
New York,Male,local_best3,horiuchi,Other,-0.00480916586253133,0.00745419183097207,-64.5162610727203,4
New York,Male,local_best3,horiuchi,Road injury,-0.00242286932025815,0.00745419183097207,-32.5034473917234,5
New York,Male,local_best3,stepwise,Atherosclerotic CVDs,0.0097648638232371,0.00745419183097207,130.998289883877,1
New York,Male,local_best3,stepwise,Mental and substance use disorders,0.0083883608877619,0.00745419183097207,112.532130618216,2
New York,Male,local_best3,stepwise,Suicide,-0.00518582653192046,0.00745419183097207,-69.5692658508387,3
New York,Male,local_best3,stepwise,Other,-0.00480918273666359,0.00745419183097207,-64.5164874437695,4
New York,Male,local_best3,stepwise,Road injury,-0.00242288004055724,0.00745419183097207,-32.5035912074359,5
New York,Male,western_europe,horiuchi,Mental and substance use disorders,0.0315052603903171,0.0365033408632993,86.3078820875617,1
New York,Male,western_europe,horiuchi,Other,-0.0148926775458365,0.0365033408632993,-40.7981220174004,2
New York,Male,western_europe,horiuchi,Atherosclerotic CVDs,0.0139387303209961,0.0365033408632993,38.1848071747598,3
New York,Male,western_europe,horiuchi,NCDs strongly linked to tobacco use,-0.00712699554918184,0.0365033408632993,-19.5242281408477,4
New York,Male,western_europe,horiuchi,Diabetes,0.00481394054856421,0.0365033408632993,13.1876711410932,5
New York,Male,western_europe,stepwise,Mental and substance use disorders,0.031505650613001,0.0365033408632993,86.3089510929586,1
New York,Male,western_europe,stepwise,Other,-0.0148936251797736,0.0365033408632993,-40.8007180371475,2
New York,Male,western_europe,stepwise,Atherosclerotic CVDs,0.013939899528198,0.0365033408632993,38.1880101889886,3
New York,Male,western_europe,stepwise,NCDs strongly linked to tobacco use,-0.00712856102241288,0.0365033408632993,-19.5285167160685,4
New York,Male,western_europe,stepwise,Diabetes,0.00481452825240147,0.0365033408632993,13.1892811412284,5
North Carolina,Female,local_best3,horiuchi,Other,0.0154251474835853,0.0524799503417355,29.3924582305067,1
North Carolina,Female,local_best3,horiuchi,NCDs strongly linked to tobacco use,0.0103412015250597,0.0524799503417355,19.7050520393418,2
North Carolina,Female,local_best3,horiuchi,Mental and substance use disorders,0.00674851550076794,0.0524799503417355,12.8592261555573,3
North Carolina,Female,local_best3,horiuchi,Atherosclerotic CVDs,0.00664629482402768,0.0524799503417355,12.6644457183148,4
North Carolina,Female,local_best3,horiuchi,Diabetes,0.00327577800145573,0.0524799503417355,6.24196093960596,5
North Carolina,Female,local_best3,stepwise,Other,0.015425411350775,0.0524799503417355,29.3929610266946,1
North Carolina,Female,local_best3,stepwise,NCDs strongly linked to tobacco use,0.0103407207331657,0.0524799503417355,19.7041358953842,2
North Carolina,Female,local_best3,stepwise,Mental and substance use disorders,0.00674886445267042,0.0524799503417355,12.8598910797812,3
North Carolina,Female,local_best3,stepwise,Atherosclerotic CVDs,0.00664581755708132,0.0524799503417355,12.6635362911084,4
North Carolina,Female,local_best3,stepwise,Diabetes,0.0032755887139721,0.0524799503417355,6.24160025427299,5
North Carolina,Female,western_europe,horiuchi,Mental and substance use disorders,0.0196306751856169,0.0778567491898589,25.2138387357353,1
North Carolina,Female,western_europe,horiuchi,Other,0.0118215069194765,0.0778567491898589,15.1836636418622,2
North Carolina,Female,western_europe,horiuchi,Atherosclerotic CVDs,0.0110388490210696,0.0778567491898589,14.1784098821678,3
North Carolina,Female,western_europe,horiuchi,NCDs strongly linked to tobacco use,0.00997557897633139,0.0778567491898589,12.8127350295673,4
North Carolina,Female,western_europe,horiuchi,Diabetes,0.00679791694705045,0.0778567491898589,8.73131362121642,5
North Carolina,Female,western_europe,stepwise,Mental and substance use disorders,0.0196306255464901,0.0778567491898589,25.2137749787363,1
North Carolina,Female,western_europe,stepwise,Other,0.011822299963379,0.0778567491898589,15.1846822355112,2
North Carolina,Female,western_europe,stepwise,Atherosclerotic CVDs,0.0110371881331172,0.0778567491898589,14.1762766208004,3
North Carolina,Female,western_europe,stepwise,NCDs strongly linked to tobacco use,0.00997540400645991,0.0778567491898589,12.812510296486,4
North Carolina,Female,western_europe,stepwise,Diabetes,0.00679721109735032,0.0778567491898589,8.73040702068727,5
North Carolina,Male,local_best3,horiuchi,Mental and substance use disorders,0.0159514212909664,0.0776951809933617,20.5307730634275,1
North Carolina,Male,local_best3,horiuchi,Other,0.0152991714986916,0.0776951809933617,19.6912746750649,2
North Carolina,Male,local_best3,horiuchi,Atherosclerotic CVDs,0.0135277866205727,0.0776951809933617,17.4113586552151,3
North Carolina,Male,local_best3,horiuchi,NCDs strongly linked to tobacco use,0.0128933598828669,0.0776951809933617,16.5947999837577,4
North Carolina,Male,local_best3,horiuchi,Road injury,0.00516528264228633,0.0776951809933617,6.64813773035377,5
North Carolina,Male,local_best3,stepwise,Mental and substance use disorders,0.0159525128456726,0.0776951809933617,20.5321779828733,1
North Carolina,Male,local_best3,stepwise,Other,0.0153006009219621,0.0776951809933617,19.6931144587582,2
North Carolina,Male,local_best3,stepwise,Atherosclerotic CVDs,0.0135248272264859,0.0776951809933617,17.4075496749811,3
North Carolina,Male,local_best3,stepwise,NCDs strongly linked to tobacco use,0.0128925649012522,0.0776951809933617,16.5937767779365,4
North Carolina,Male,local_best3,stepwise,Road injury,0.00516600633756303,0.0776951809933617,6.64906918487572,5
North Carolina,Male,western_europe,horiuchi,Mental and substance use disorders,0.038165912403589,0.106744330025689,35.7545102343179,1
North Carolina,Male,western_europe,horiuchi,Atherosclerotic CVDs,0.0175935473456295,0.106744330025689,16.4819502276097,2
North Carolina,Male,western_europe,horiuchi,Diabetes,0.00937137202458993,0.106744330025689,8.77926913994835,3
North Carolina,Male,western_europe,horiuchi,Road injury,0.00919912198156847,0.106744330025689,8.61790221490418,4
North Carolina,Male,western_europe,horiuchi,Violence,0.00629794594405375,0.106744330025689,5.90002854721941,5
North Carolina,Male,western_europe,stepwise,Mental and substance use disorders,0.0381594679136958,0.106744330025689,35.7484729207748,1
North Carolina,Male,western_europe,stepwise,Atherosclerotic CVDs,0.0175888375420364,0.106744330025689,16.4775379992582,2
North Carolina,Male,western_europe,stepwise,Diabetes,0.009370120155066,0.106744330025689,8.77809636615921,3
North Carolina,Male,western_europe,stepwise,Road injury,0.00920013549087795,0.106744330025689,8.61885168857573,4
North Carolina,Male,western_europe,stepwise,Violence,0.00629913796625853,0.106744330025689,5.90114525496819,5
North Dakota,Female,local_best3,horiuchi,Other,0.0140510662679642,0.0241376849459625,58.2121537314807,1
North Dakota,Female,local_best3,horiuchi,NCDs strongly linked to tobacco use,0.00459777131493011,0.0241376849459625,19.048103930527,2
North Dakota,Female,local_best3,horiuchi,Mental and substance use disorders,-0.00220733050552868,0.0241376849459625,-9.14474818306013,3
North Dakota,Female,local_best3,horiuchi,Road injury,0.00215270678130797,0.0241376849459625,8.91844758984665,4
North Dakota,Female,local_best3,horiuchi,Atherosclerotic CVDs,0.00195462776399913,0.0241376849459625,8.09782615182439,5
North Dakota,Female,local_best3,stepwise,Other,0.0140511028667741,0.0241376849459625,58.2123053566677,1
North Dakota,Female,local_best3,stepwise,NCDs strongly linked to tobacco use,0.00459771688427779,0.0241376849459625,19.0478784298113,2
North Dakota,Female,local_best3,stepwise,Mental and substance use disorders,-0.00220733564858916,0.0241376849459625,-9.1447694902422,3
North Dakota,Female,local_best3,stepwise,Road injury,0.00215275041095059,0.0241376849459625,8.91862834306602,4
North Dakota,Female,local_best3,stepwise,Atherosclerotic CVDs,0.0019546139097435,0.0241376849459625,8.09776875503733,5
North Dakota,Female,western_europe,horiuchi,Mental and substance use disorders,0.0107608566833185,0.0495144837940859,21.7327453681418,1
North Dakota,Female,western_europe,horiuchi,Other,0.0103612982880685,0.0495144837940859,20.9257928067224,2
North Dakota,Female,western_europe,horiuchi,Atherosclerotic CVDs,0.00635098333983641,0.0495144837940859,12.8265163103548,3
North Dakota,Female,western_europe,horiuchi,Diabetes,0.00465409533370387,0.0495144837940859,9.39946249476959,4
North Dakota,Female,western_europe,horiuchi,NCDs strongly linked to tobacco use,0.00413866929745743,0.0495144837940859,8.35850236199325,5
North Dakota,Female,western_europe,stepwise,Mental and substance use disorders,0.0107606828791446,0.0495144837940859,21.7323943513068,1
North Dakota,Female,western_europe,stepwise,Other,0.0103613965369777,0.0495144837940859,20.9259912313077,2
North Dakota,Female,western_europe,stepwise,Atherosclerotic CVDs,0.00635077294718145,0.0495144837940859,12.8260913990181,3
North Dakota,Female,western_europe,stepwise,Diabetes,0.00465399964565771,0.0495144837940859,9.39926924213153,4
North Dakota,Female,western_europe,stepwise,NCDs strongly linked to tobacco use,0.00413868474849333,0.0495144837940859,8.35853356707651,5
North Dakota,Male,local_best3,horiuchi,Other,0.0140560775587303,0.0320368809857977,43.8746754559581,1
North Dakota,Male,local_best3,horiuchi,Atherosclerotic CVDs,0.00815073779147168,0.0320368809857977,25.4417332170538,2
North Dakota,Male,local_best3,horiuchi,NCDs strongly linked to tobacco use,0.00545252966651466,0.0320368809857977,17.0195396640885,3
North Dakota,Male,local_best3,horiuchi,Mental and substance use disorders,-0.00427504757466712,0.0320368809857977,-13.3441441336387,4
North Dakota,Male,local_best3,horiuchi,Suicide,0.00389432979295878,0.0320368809857977,12.1557707027884,5
North Dakota,Male,local_best3,stepwise,Other,0.014056194888479,0.0320368809857977,43.8750416893277,1
North Dakota,Male,local_best3,stepwise,Atherosclerotic CVDs,0.00815058360346682,0.0320368809857977,25.4412519342319,2
North Dakota,Male,local_best3,stepwise,NCDs strongly linked to tobacco use,0.00545250075561116,0.0320368809857977,17.0194494215224,3
North Dakota,Male,local_best3,stepwise,Mental and substance use disorders,-0.00427504919867361,0.0320368809857977,-13.3441492028165,4
North Dakota,Male,local_best3,stepwise,Suicide,0.0038943803620391,0.0320368809857977,12.1559285492415,5
North Dakota,Male,western_europe,horiuchi,Mental and substance use disorders,0.0182450633602843,0.061086030018125,29.867816512009,1
North Dakota,Male,western_europe,horiuchi,Atherosclerotic CVDs,0.0122326526657885,0.061086030018125,20.0252867343957,2
North Dakota,Male,western_europe,horiuchi,Suicide,0.0090792967405724,0.061086030018125,14.8631311248717,3
North Dakota,Male,western_europe,horiuchi,Road injury,0.00770650871113643,0.061086030018125,12.6158283798273,4
North Dakota,Male,western_europe,horiuchi,Diabetes,0.0068380024311846,0.061086030018125,11.1940527632188,5
North Dakota,Male,western_europe,stepwise,Mental and substance use disorders,0.0182444381896932,0.061086030018125,29.8667930855546,1
North Dakota,Male,western_europe,stepwise,Atherosclerotic CVDs,0.012233101736112,0.061086030018125,20.0260218784595,2
North Dakota,Male,western_europe,stepwise,Suicide,0.00907931835874037,0.061086030018125,14.8631665145802,3
North Dakota,Male,western_europe,stepwise,Road injury,0.00770675105647784,0.061086030018125,12.6162251077557,4
North Dakota,Male,western_europe,stepwise,Diabetes,0.00683868369989782,0.061086030018125,11.1951680242908,5
Ohio,Female,local_best3,horiuchi,Mental and substance use disorders,0.016939907199142,0.068438332028304,24.7520748929652,1
Ohio,Female,local_best3,horiuchi,Other,0.0167292196342773,0.068438332028304,24.4442246595937,2
Ohio,Female,local_best3,horiuchi,NCDs strongly linked to tobacco use,0.0136931076326673,0.068438332028304,20.0079505546749,3
Ohio,Female,local_best3,horiuchi,Atherosclerotic CVDs,0.00896097851923516,0.068438332028304,13.0935080585091,4
Ohio,Female,local_best3,horiuchi,Diabetes,0.00335684155034777,0.068438332028304,4.90491432339333,5
Ohio,Female,local_best3,stepwise,Mental and substance use disorders,0.016940733676889,0.068438332028304,24.7532825170007,1
Ohio,Female,local_best3,stepwise,Other,0.0167305431408075,0.068438332028304,24.4461585269032,2
Ohio,Female,local_best3,stepwise,NCDs strongly linked to tobacco use,0.0136918920046462,0.068438332028304,20.0061743161473,3
Ohio,Female,local_best3,stepwise,Atherosclerotic CVDs,0.00895982536200707,0.068438332028304,13.0918231003958,4
Ohio,Female,local_best3,stepwise,Diabetes,0.00335653294810273,0.068438332028304,4.90446340322054,5
Ohio,Female,western_europe,horiuchi,Mental and substance use disorders,0.0298491722869807,0.0938151308764273,31.8170128934722,1
Ohio,Female,western_europe,horiuchi,NCDs strongly linked to tobacco use,0.0133823544169243,0.0938151308764273,14.2646013408556,2
Ohio,Female,western_europe,horiuchi,Atherosclerotic CVDs,0.013346510318192,0.0938151308764273,14.2263941791777,3
Ohio,Female,western_europe,horiuchi,Other,0.0131825323555138,0.0938151308764273,14.0516057829496,4
Ohio,Female,western_europe,horiuchi,Diabetes,0.0068468134792774,0.0938151308764273,7.29819743927659,5
Ohio,Female,western_europe,stepwise,Mental and substance use disorders,0.0298489418851426,0.0938151308764273,31.8167673021311,1
Ohio,Female,western_europe,stepwise,NCDs strongly linked to tobacco use,0.0133815062110367,0.0938151308764273,14.2636972160309,2
Ohio,Female,western_europe,stepwise,Atherosclerotic CVDs,0.0133435096814564,0.0938151308764273,14.2231957220551,3
Ohio,Female,western_europe,stepwise,Other,0.0131857526212823,0.0938151308764273,14.0550383483987,4
Ohio,Female,western_europe,stepwise,Diabetes,0.0068457773698774,0.0938151308764273,7.29709302318686,5
Ohio,Male,local_best3,horiuchi,Mental and substance use disorders,0.0313614922703669,0.0911789348104548,34.3955457864933,1
Ohio,Male,local_best3,horiuchi,Atherosclerotic CVDs,0.0167571735253604,0.0911789348104548,18.3783387689226,2
Ohio,Male,local_best3,horiuchi,NCDs strongly linked to tobacco use,0.015992999234488,0.0911789348104548,17.540234778718,3
Ohio,Male,local_best3,horiuchi,Other,0.0147361557598196,0.0911789348104548,16.1617985453038,4
Ohio,Male,local_best3,horiuchi,Diabetes,0.00314011542373249,0.0911789348104548,3.44390448326716,5
Ohio,Male,local_best3,stepwise,Mental and substance use disorders,0.0313618839280719,0.0911789348104548,34.3959753349475,1
Ohio,Male,local_best3,stepwise,Atherosclerotic CVDs,0.0167523157662782,0.0911789348104548,18.3730110481147,2
Ohio,Male,local_best3,stepwise,NCDs strongly linked to tobacco use,0.0159916740096683,0.0911789348104548,17.538781345617,3
Ohio,Male,local_best3,stepwise,Other,0.0147412061351828,0.0911789348104548,16.1673375169684,4
Ohio,Male,local_best3,stepwise,Diabetes,0.00313931105148801,0.0911789348104548,3.44302229239034,5
Ohio,Male,western_europe,horiuchi,Mental and substance use disorders,0.0536617942919553,0.120228083842782,44.6333274030441,1
Ohio,Male,western_europe,horiuchi,Atherosclerotic CVDs,0.0208489210224416,0.120228083842782,17.3411405688749,2
Ohio,Male,western_europe,horiuchi,Diabetes,0.00881339975409767,0.120228083842782,7.33056659675508,3
Ohio,Male,western_europe,horiuchi,NCDs strongly linked to tobacco use,0.00743107790321662,0.120228083842782,6.18081704848093,4
Ohio,Male,western_europe,horiuchi,Other,0.0055619276950909,0.120228083842782,4.62614683468135,5
Ohio,Male,western_europe,stepwise,Mental and substance use disorders,0.0536495574415044,0.120228083842782,44.6231493730366,1
Ohio,Male,western_europe,stepwise,Atherosclerotic CVDs,0.0208421163900701,0.120228083842782,17.335480799415,2
Ohio,Male,western_europe,stepwise,Diabetes,0.00881190875452692,0.120228083842782,7.32932645425002,3
Ohio,Male,western_europe,stepwise,NCDs strongly linked to tobacco use,0.00743348886831002,0.120228083842782,6.18282237453816,4
Ohio,Male,western_europe,stepwise,Other,0.00557404138901069,0.120228083842782,4.63622242894569,5
Oklahoma,Female,local_best3,horiuchi,Other,0.0361891851047447,0.0952671345898213,37.9870616037309,1
Oklahoma,Female,local_best3,horiuchi,NCDs strongly linked to tobacco use,0.0191365507063688,0.0952671345898213,20.0872533731201,2
Oklahoma,Female,local_best3,horiuchi,Atherosclerotic CVDs,0.0129670314392095,0.0952671345898213,13.6112327667247,3
Oklahoma,Female,local_best3,horiuchi,Mental and substance use disorders,0.00691004267777562,0.0952671345898213,7.25333317468532,4
Oklahoma,Female,local_best3,horiuchi,Diabetes,0.00498144792573696,0.0952671345898213,5.22892595351472,5
Oklahoma,Female,local_best3,stepwise,Other,0.0361922877889011,0.0952671345898213,37.9903184290462,1
Oklahoma,Female,local_best3,stepwise,NCDs strongly linked to tobacco use,0.0191330286142122,0.0952671345898213,20.083556303641,2
Oklahoma,Female,local_best3,stepwise,Atherosclerotic CVDs,0.0129643735641413,0.0952671345898213,13.608442848586,3
Oklahoma,Female,local_best3,stepwise,Mental and substance use disorders,0.00691111292618729,0.0952671345898213,7.25445659297252,4
Oklahoma,Female,local_best3,stepwise,Diabetes,0.00498069942809909,0.0952671345898213,5.22814027056005,5
Oklahoma,Female,western_europe,horiuchi,Other,0.0329949968545599,0.120643933437945,27.3490725263292,1
Oklahoma,Female,western_europe,horiuchi,Mental and substance use disorders,0.0194621061684747,0.120643933437945,16.1318564588126,2
Oklahoma,Female,western_europe,horiuchi,NCDs strongly linked to tobacco use,0.0189159730356119,0.120643933437945,15.6791746560068,3
Oklahoma,Female,western_europe,horiuchi,Atherosclerotic CVDs,0.0173424996404679,0.120643933437945,14.3749454666017,4
Oklahoma,Female,western_europe,horiuchi,Diabetes,0.00843904193889489,0.120643933437945,6.99499900111899,5
Oklahoma,Female,western_europe,stepwise,Other,0.0329990794857417,0.120643933437945,27.3524565598778,1
Oklahoma,Female,western_europe,stepwise,Mental and substance use disorders,0.0194650310001145,0.120643933437945,16.1342808091769,2
Oklahoma,Female,western_europe,stepwise,NCDs strongly linked to tobacco use,0.0189121185173227,0.120643933437945,15.6759797019139,3
Oklahoma,Female,western_europe,stepwise,Atherosclerotic CVDs,0.0173362924994259,0.120643933437945,14.3698004577604,4
Oklahoma,Female,western_europe,stepwise,Diabetes,0.00843677735311882,0.120643933437945,6.99312191893878,5
Oklahoma,Male,local_best3,horiuchi,Other,0.0461089963927837,0.118901122341096,38.77927767621,1
Oklahoma,Male,local_best3,horiuchi,NCDs strongly linked to tobacco use,0.0200676846910183,0.118901122341096,16.8776242779689,2
Oklahoma,Male,local_best3,horiuchi,Atherosclerotic CVDs,0.0191490006316768,0.118901122341096,16.104978872061,3
Oklahoma,Male,local_best3,horiuchi,Mental and substance use disorders,0.00641173818297502,0.118901122341096,5.39249593000599,4
Oklahoma,Male,local_best3,horiuchi,Road injury,0.00532131014815107,0.118901122341096,4.47540783751868,5
Oklahoma,Male,local_best3,stepwise,Other,0.0461157425902862,0.118901122341096,38.7849514641186,1
Oklahoma,Male,local_best3,stepwise,NCDs strongly linked to tobacco use,0.0200607151591266,0.118901122341096,16.8717626580326,2
Oklahoma,Male,local_best3,stepwise,Atherosclerotic CVDs,0.0191414163274631,0.118901122341096,16.0986002071128,3
Oklahoma,Male,local_best3,stepwise,Mental and substance use disorders,0.00641272992158332,0.118901122341096,5.39333001684114,4
Oklahoma,Male,local_best3,stepwise,Road injury,0.00532443970909485,0.118901122341096,4.47803990766416,5
Oklahoma,Male,western_europe,horiuchi,Other,0.0377143508102493,0.147950271373423,25.4912346291405,1
Oklahoma,Male,western_europe,horiuchi,Mental and substance use disorders,0.0278188076117824,0.147950271373423,18.8028094531631,2
Oklahoma,Male,western_europe,horiuchi,Atherosclerotic CVDs,0.0232148134087592,0.147950271373423,15.6909569636176,3
Oklahoma,Male,western_europe,horiuchi,NCDs strongly linked to tobacco use,0.0117565410301416,0.147950271373423,7.94627878746389,4
Oklahoma,Male,western_europe,horiuchi,Diabetes,0.0104103610026639,0.147950271373423,7.03639196199134,5
Oklahoma,Male,western_europe,stepwise,Other,0.0377239702723755,0.147950271373423,25.4977364503517,1
Oklahoma,Male,western_europe,stepwise,Mental and substance use disorders,0.0278180908474712,0.147950271373423,18.8023249901712,2
Oklahoma,Male,western_europe,stepwise,Atherosclerotic CVDs,0.0231988013788459,0.147950271373423,15.6801343880558,3
Oklahoma,Male,western_europe,stepwise,NCDs strongly linked to tobacco use,0.0117546670115942,0.147950271373423,7.94501213311446,4
Oklahoma,Male,western_europe,stepwise,Diabetes,0.0104048485697037,0.147950271373423,7.03266609321865,5
Oregon,Female,local_best3,horiuchi,Other,0.00878064562761704,0.0216948165957863,40.4734724944505,1
Oregon,Female,local_best3,horiuchi,NCDs strongly linked to tobacco use,0.00650876020790314,0.0216948165957863,30.0014530160504,2
Oregon,Female,local_best3,horiuchi,Mental and substance use disorders,0.00226440646974579,0.0216948165957863,10.4375460366215,3
Oregon,Female,local_best3,horiuchi,Suicide,0.00201829624495553,0.0216948165957863,9.30312656041322,4
Oregon,Female,local_best3,horiuchi,Atherosclerotic CVDs,-0.00135393445329146,0.0216948165957863,-6.24082000100628,5
Oregon,Female,local_best3,stepwise,Other,0.00878065669131761,0.0216948165957863,40.4735234914272,1
Oregon,Female,local_best3,stepwise,NCDs strongly linked to tobacco use,0.00650868545459771,0.0216948165957863,30.0011084484663,2
Oregon,Female,local_best3,stepwise,Mental and substance use disorders,0.00226441456641996,0.0216948165957863,10.4375833573987,3
Oregon,Female,local_best3,stepwise,Suicide,0.00201833557429792,0.0216948165957863,9.30330784492521,4
Oregon,Female,local_best3,stepwise,Atherosclerotic CVDs,-0.00135392253073852,0.0216948165957863,-6.24076504523888,5
Oregon,Female,western_europe,horiuchi,Mental and substance use disorders,0.0153166283239726,0.0470716154439097,32.5389901738636,1
Oregon,Female,western_europe,horiuchi,NCDs strongly linked to tobacco use,0.00607671906162144,0.0470716154439097,12.9095188348962,2
Oregon,Female,western_europe,horiuchi,Other,0.00500796593374475,0.0470716154439097,10.6390356194854,3
Oregon,Female,western_europe,horiuchi,Diabetes,0.00427304941522788,0.0470716154439097,9.07776241569535,4
Oregon,Female,western_europe,horiuchi,Atherosclerotic CVDs,0.00300046614896188,0.0470716154439097,6.37425786361044,5
Oregon,Female,western_europe,stepwise,Mental and substance use disorders,0.0153166187964476,0.0470716154439097,32.5389699333749,1
Oregon,Female,western_europe,stepwise,NCDs strongly linked to tobacco use,0.00607665457330131,0.0470716154439097,12.9093818344565,2
Oregon,Female,western_europe,stepwise,Other,0.00500810246307282,0.0470716154439097,10.6393256654649,3
Oregon,Female,western_europe,stepwise,Diabetes,0.00427286274632127,0.0470716154439097,9.07736585206597,4
Oregon,Female,western_europe,stepwise,Atherosclerotic CVDs,0.00300028753080689,0.0470716154439097,6.37387840317912,5
Oregon,Male,local_best3,horiuchi,Other,0.00689636513815795,0.0262935083593959,26.228394643629,1
Oregon,Male,local_best3,horiuchi,Mental and substance use disorders,0.00670803595873237,0.0262935083593959,25.5121373193824,2
Oregon,Male,local_best3,horiuchi,NCDs strongly linked to tobacco use,0.00628175463385861,0.0262935083593959,23.8908956081315,3
Oregon,Male,local_best3,horiuchi,Suicide,0.0025421779159942,0.0262935083593959,9.6684621970037,4
Oregon,Male,local_best3,horiuchi,NCDs strongly linked to infections,0.00179094669129176,0.0262935083593959,6.81136448895292,5
Oregon,Male,local_best3,stepwise,Other,0.00689638457880759,0.0262935083593959,26.2284685806989,1
Oregon,Male,local_best3,stepwise,Mental and substance use disorders,0.00670806794072898,0.0262935083593959,25.5122589539553,2
Oregon,Male,local_best3,stepwise,NCDs strongly linked to tobacco use,0.00628167775242594,0.0262935083593959,23.89060321112,3
Oregon,Male,local_best3,stepwise,Suicide,0.00254230147949908,0.0262935083593959,9.66893213621145,4
Oregon,Male,local_best3,stepwise,NCDs strongly linked to infections,0.0017909272769952,0.0262935083593959,6.81129065210964,5
Oregon,Male,western_europe,horiuchi,Mental and substance use disorders,0.0295170764928482,0.0553426573917232,53.335126797259,1
Oregon,Male,western_europe,horiuchi,Suicide,0.00772128872768241,0.0553426573917232,13.9517852802586,2
Oregon,Male,western_europe,horiuchi,Diabetes,0.00679204376569176,0.0553426573917232,12.2727098513118,3
Oregon,Male,western_europe,horiuchi,Road injury,0.00541902164825636,0.0553426573917232,9.79176263600744,4
Oregon,Male,western_europe,horiuchi,Atherosclerotic CVDs,0.00352593304601789,0.0553426573917232,6.37109458091403,5
Oregon,Male,western_europe,stepwise,Mental and substance use disorders,0.0295161582827239,0.0553426573917232,53.3334676609479,1
Oregon,Male,western_europe,stepwise,Suicide,0.00772171892516776,0.0553426573917232,13.9525626146073,2
Oregon,Male,western_europe,stepwise,Diabetes,0.00679196137648919,0.0553426573917232,12.2725609802484,3
Oregon,Male,western_europe,stepwise,Road injury,0.00541932468253043,0.0553426573917232,9.79231019604222,4
Oregon,Male,western_europe,stepwise,Atherosclerotic CVDs,0.00352580821042847,0.0553426573917232,6.37086901243701,5
Pennsylvania,Female,local_best3,horiuchi,Mental and substance use disorders,0.0123628986608042,0.037795132725961,32.7102930169426,1
Pennsylvania,Female,local_best3,horiuchi,Other,0.00786985513749283,0.037795132725961,20.8224037591145,2
Pennsylvania,Female,local_best3,horiuchi,NCDs strongly linked to tobacco use,0.00692634282280746,0.037795132725961,18.3260179902738,3
Pennsylvania,Female,local_best3,horiuchi,Atherosclerotic CVDs,0.00521504730393374,0.037795132725961,13.7981981482806,4
Pennsylvania,Female,local_best3,horiuchi,Neurological conditions,0.00124541066957062,0.037795132725961,3.29516151881421,5
Pennsylvania,Female,local_best3,stepwise,Mental and substance use disorders,0.0123629989708525,0.037795132725961,32.7105584216152,1
Pennsylvania,Female,local_best3,stepwise,Other,0.00787009344129164,0.037795132725961,20.8230342736322,2
Pennsylvania,Female,local_best3,stepwise,NCDs strongly linked to tobacco use,0.00692616309112826,0.037795132725961,18.3255424484083,3
Pennsylvania,Female,local_best3,stepwise,Atherosclerotic CVDs,0.00521483675010709,0.037795132725961,13.7976410558418,4
Pennsylvania,Female,local_best3,stepwise,Neurological conditions,0.00124540838509701,0.037795132725961,3.29515547445493,5
Pennsylvania,Female,western_europe,horiuchi,Mental and substance use disorders,0.0254401888442898,0.0631719315740844,40.2713486993112,1
Pennsylvania,Female,western_europe,horiuchi,Atherosclerotic CVDs,0.00962421871682862,0.0631719315740844,15.2349603328844,2
Pennsylvania,Female,western_europe,horiuchi,NCDs strongly linked to tobacco use,0.00650571614490159,0.0631719315740844,10.2984284045076,3
Pennsylvania,Female,western_europe,horiuchi,Diabetes,0.00445545463706765,0.0631719315740844,7.05290233502287,4
Pennsylvania,Female,western_europe,horiuchi,Other,0.00412101634001927,0.0631719315740844,6.5234926926152,5
Pennsylvania,Female,western_europe,stepwise,Mental and substance use disorders,0.0254395621813147,0.0631719315740844,40.2703567034049,1
Pennsylvania,Female,western_europe,stepwise,Atherosclerotic CVDs,0.00962331652342952,0.0631719315740844,15.2335321774099,2
Pennsylvania,Female,western_europe,stepwise,NCDs strongly linked to tobacco use,0.00650580459574235,0.0631719315740844,10.2985684205535,3
Pennsylvania,Female,western_europe,stepwise,Diabetes,0.00445518700739511,0.0631719315740844,7.05247868219816,4
Pennsylvania,Female,western_europe,stepwise,Other,0.00412203093892333,0.0631719315740844,6.52509878392629,5
Pennsylvania,Male,local_best3,horiuchi,Mental and substance use disorders,0.0276225317661923,0.0567834913507677,48.6453564391808,1
Pennsylvania,Male,local_best3,horiuchi,Atherosclerotic CVDs,0.0108254740673713,0.0567834913507677,19.0644742157528,2
Pennsylvania,Male,local_best3,horiuchi,NCDs strongly linked to tobacco use,0.00797295004499343,0.0567834913507677,14.0409648215223,3
Pennsylvania,Male,local_best3,horiuchi,Other,0.00504668584468571,0.0567834913507677,8.88759342660159,4
Pennsylvania,Male,local_best3,horiuchi,Violence,0.00293628072148155,0.0567834913507677,5.17101124223468,5
Pennsylvania,Male,local_best3,stepwise,Mental and substance use disorders,0.0276213269295095,0.0567834913507677,48.6432346311444,1
Pennsylvania,Male,local_best3,stepwise,Atherosclerotic CVDs,0.0108246802215886,0.0567834913507677,19.0630761936097,2
Pennsylvania,Male,local_best3,stepwise,NCDs strongly linked to tobacco use,0.00797297500781791,0.0567834913507677,14.0410087829341,3
Pennsylvania,Male,local_best3,stepwise,Other,0.00504833661341886,0.0567834913507677,8.89050055452536,4
Pennsylvania,Male,local_best3,stepwise,Violence,0.0029366297568218,0.0567834913507677,5.17162591972622,5
Pennsylvania,Male,western_europe,horiuchi,Mental and substance use disorders,0.0503682621140124,0.0858326403830949,58.6819441755547,1
Pennsylvania,Male,western_europe,horiuchi,Atherosclerotic CVDs,0.0148941038417236,0.0858326403830949,17.3524940806284,2
Pennsylvania,Male,western_europe,horiuchi,Diabetes,0.00622711417722888,0.0858326403830949,7.2549488742692,3
Pennsylvania,Male,western_europe,horiuchi,Violence,0.00532234322593872,0.0858326403830949,6.20083828504357,4
Pennsylvania,Male,western_europe,horiuchi,Other,-0.00453600260734544,0.0858326403830949,-5.28470589638161,5
Pennsylvania,Male,western_europe,stepwise,Mental and substance use disorders,0.0503609731250237,0.0858326403830949,58.67345208099,1
Pennsylvania,Male,western_europe,stepwise,Atherosclerotic CVDs,0.0148941503257778,0.0858326403830949,17.3525482372453,2
Pennsylvania,Male,western_europe,stepwise,Diabetes,0.00622761709464276,0.0858326403830949,7.25553480220016,3
Pennsylvania,Male,western_europe,stepwise,Violence,0.00532291040425537,0.0858326403830949,6.20149908065013,4
Pennsylvania,Male,western_europe,stepwise,Other,-0.00453186663108157,0.0858326403830949,-5.27988724435668,5
Rhode Island,Female,local_best3,horiuchi,NCDs strongly linked to tobacco use,0.00547825646553779,0.00992353400909385,55.2046928092105,1
Rhode Island,Female,local_best3,horiuchi,Mental and substance use disorders,0.00523974965032359,0.00992353400909385,52.8012464664496,2
Rhode Island,Female,local_best3,horiuchi,Atherosclerotic CVDs,0.00144746071883917,0.00992353400909385,14.5861415652199,3
Rhode Island,Female,local_best3,horiuchi,NCDs strongly linked to infections,-0.000652395626605684,0.00992353400909385,-6.5742267422859,4
Rhode Island,Female,local_best3,horiuchi,Haemorrhagic stroke,-0.000620642089396606,0.00992353400909385,-6.25424459499866,5
Rhode Island,Female,local_best3,stepwise,NCDs strongly linked to tobacco use,0.00547824607147857,0.00992353400909385,55.2045880677019,1
Rhode Island,Female,local_best3,stepwise,Mental and substance use disorders,0.00523976452013902,0.00992353400909385,52.8013963104006,2
Rhode Island,Female,local_best3,stepwise,Atherosclerotic CVDs,0.00144746054597605,0.00992353400909385,14.5861398232687,3
Rhode Island,Female,local_best3,stepwise,NCDs strongly linked to infections,-0.000652395141346629,0.00992353400909385,-6.57422185230362,4
Rhode Island,Female,local_best3,stepwise,Haemorrhagic stroke,-0.000620641471603511,0.00992353400909385,-6.25423836946354,5
Rhode Island,Female,western_europe,horiuchi,Mental and substance use disorders,0.0184248919873359,0.0353003328572172,52.1946692736889,1
Rhode Island,Female,western_europe,horiuchi,Atherosclerotic CVDs,0.00587267684603055,0.0353003328572172,16.6363214471216,2
Rhode Island,Female,western_europe,horiuchi,NCDs strongly linked to tobacco use,0.00502738491174737,0.0353003328572172,14.241749311776,3
Rhode Island,Female,western_europe,horiuchi,Other,-0.00369258391492655,0.0353003328572172,-10.4604790268191,4
Rhode Island,Female,western_europe,horiuchi,Diabetes,0.00302315395608888,0.0353003328572172,8.56409475887076,5
Rhode Island,Female,western_europe,stepwise,Mental and substance use disorders,0.0184246856560801,0.0353003328572172,52.1940847713938,1
Rhode Island,Female,western_europe,stepwise,Atherosclerotic CVDs,0.0058725539018657,0.0353003328572172,16.6359731666526,2
Rhode Island,Female,western_europe,stepwise,NCDs strongly linked to tobacco use,0.00502746122788517,0.0353003328572172,14.2419655027624,3
Rhode Island,Female,western_europe,stepwise,Other,-0.00369251099301804,0.0353003328572172,-10.4602724511225,4
Rhode Island,Female,western_europe,stepwise,Diabetes,0.00302312717109782,0.0353003328572172,8.5640188814246,5
Rhode Island,Male,local_best3,horiuchi,Mental and substance use disorders,0.0215189183669714,0.0245992453496645,87.4779614621994,1
Rhode Island,Male,local_best3,horiuchi,NCDs strongly linked to tobacco use,0.00582764492822596,0.0245992453496645,23.6903402742208,2
Rhode Island,Male,local_best3,horiuchi,Atherosclerotic CVDs,0.00570049069170908,0.0245992453496645,23.1734372769563,3
Rhode Island,Male,local_best3,horiuchi,Suicide,-0.00351412649554328,0.0245992453496645,-14.2855052892556,4
Rhode Island,Male,local_best3,horiuchi,Road injury,-0.00194847873943138,0.0245992453496645,-7.92088827008652,5
Rhode Island,Male,local_best3,stepwise,Mental and substance use disorders,0.0215190337703551,0.0245992453496645,87.478430596037,1
Rhode Island,Male,local_best3,stepwise,NCDs strongly linked to tobacco use,0.0058277277585202,0.0245992453496645,23.6906769930634,2
Rhode Island,Male,local_best3,stepwise,Atherosclerotic CVDs,0.00570045987637724,0.0245992453496645,23.1733120075368,3
Rhode Island,Male,local_best3,stepwise,Suicide,-0.00351428115362928,0.0245992453496645,-14.286133999949,4
Rhode Island,Male,local_best3,stepwise,Road injury,-0.00194854851758436,0.0245992453496645,-7.92117192981667,5
Rhode Island,Male,western_europe,horiuchi,Mental and substance use disorders,0.0446271234840191,0.0536483943819918,83.1844531380778,1
Rhode Island,Male,western_europe,horiuchi,Other,-0.0117503415377813,0.0536483943819918,-21.9025036501849,2
Rhode Island,Male,western_europe,horiuchi,Atherosclerotic CVDs,0.00975588351804535,0.0536483943819918,18.1848564722752,3
Rhode Island,Male,western_europe,horiuchi,Diabetes,0.00502948391864777,0.0536483943819918,9.37490110670679,4
Rhode Island,Male,western_europe,horiuchi,NCDs strongly linked to tobacco use,-0.00333297871763993,0.0536483943819918,-6.21263461103455,5
Rhode Island,Male,western_europe,stepwise,Mental and substance use disorders,0.0446264872863093,0.0536483943819918,83.1832672727465,1
Rhode Island,Male,western_europe,stepwise,Other,-0.0117505764912642,0.0536483943819918,-21.9029416008181,2
Rhode Island,Male,western_europe,stepwise,Atherosclerotic CVDs,0.00975658890800907,0.0536483943819918,18.1861713111848,3
Rhode Island,Male,western_europe,stepwise,Diabetes,0.00503010325320713,0.0536483943819918,9.37605553931655,4
Rhode Island,Male,western_europe,stepwise,NCDs strongly linked to tobacco use,-0.00333390176675163,0.0536483943819918,-6.2143551641328,5
South Carolina,Female,local_best3,horiuchi,Other,0.0240451726147778,0.0709125190340283,33.9082195109151,1
South Carolina,Female,local_best3,horiuchi,NCDs strongly linked to tobacco use,0.0112909430073453,0.0709125190340283,15.9223549820974,2
South Carolina,Female,local_best3,horiuchi,Mental and substance use disorders,0.00910491706736027,0.0709125190340283,12.8396469218519,3
South Carolina,Female,local_best3,horiuchi,Atherosclerotic CVDs,0.00838760518317139,0.0709125190340283,11.8281021425095,4
South Carolina,Female,local_best3,horiuchi,Diabetes,0.00405086482747219,0.0709125190340283,5.71248191807758,5
South Carolina,Female,local_best3,stepwise,Other,0.0240457458499591,0.0709125190340283,33.9090278804233,1
South Carolina,Female,local_best3,stepwise,NCDs strongly linked to tobacco use,0.0112901482550431,0.0709125190340283,15.9212342317516,2
South Carolina,Female,local_best3,stepwise,Mental and substance use disorders,0.00910531532828263,0.0709125190340283,12.8402085447188,3
South Carolina,Female,local_best3,stepwise,Atherosclerotic CVDs,0.00838659823157828,0.0709125190340283,11.8266821512205,4
South Carolina,Female,local_best3,stepwise,Diabetes,0.0040505593922725,0.0709125190340283,5.71205119695267,5
South Carolina,Female,western_europe,horiuchi,Mental and substance use disorders,0.021879337310117,0.0962893178821517,22.722496940829,1
South Carolina,Female,western_europe,horiuchi,Other,0.0206123690630439,0.0962893178821517,21.4067037927004,2
South Carolina,Female,western_europe,horiuchi,Atherosclerotic CVDs,0.0127582599976729,0.0962893178821517,13.2499225026058,3
South Carolina,Female,western_europe,horiuchi,NCDs strongly linked to tobacco use,0.0109456781332328,0.0962893178821517,11.3674895346431,4
South Carolina,Female,western_europe,horiuchi,Diabetes,0.00754582962667272,0.0962893178821517,7.83662174853917,5
South Carolina,Female,western_europe,stepwise,Mental and substance use disorders,0.0218791726366901,0.0962893178821517,22.7223259214153,1
South Carolina,Female,western_europe,stepwise,Other,0.0206135317099136,0.0962893178821517,21.4079112442592,2
South Carolina,Female,western_europe,stepwise,Atherosclerotic CVDs,0.0127556171192116,0.0962893178821517,13.2471777760678,3
South Carolina,Female,western_europe,stepwise,NCDs strongly linked to tobacco use,0.0109452865129182,0.0962893178821517,11.367082822535,4
South Carolina,Female,western_europe,stepwise,Diabetes,0.00754493840140219,0.0962893178821517,7.83569617829927,5
South Carolina,Male,local_best3,horiuchi,Other,0.0276687322888887,0.109045141476045,25.3736497695927,1
South Carolina,Male,local_best3,horiuchi,Atherosclerotic CVDs,0.018220353369775,0.109045141476045,16.7090006240925,2
South Carolina,Male,local_best3,horiuchi,NCDs strongly linked to tobacco use,0.016685109794339,0.109045141476045,15.3011033490239,3
South Carolina,Male,local_best3,horiuchi,Mental and substance use disorders,0.0153390544971704,0.109045141476045,14.0667014500046,4
South Carolina,Male,local_best3,horiuchi,Road injury,0.00868374960502538,0.109045141476045,7.96344476010698,5
South Carolina,Male,local_best3,stepwise,Other,0.0276723167568319,0.109045141476045,25.3769369109497,1
South Carolina,Male,local_best3,stepwise,Atherosclerotic CVDs,0.0182130550158008,0.109045141476045,16.7023076583396,2
South Carolina,Male,local_best3,stepwise,NCDs strongly linked to tobacco use,0.0166825696037733,0.109045141476045,15.2987738637013,3
South Carolina,Male,local_best3,stepwise,Mental and substance use disorders,0.0153407134608414,0.109045141476045,14.0682228049669,4
South Carolina,Male,local_best3,stepwise,Road injury,0.00868599757902927,0.109045141476045,7.96550626782155,5
South Carolina,Male,western_europe,horiuchi,Mental and substance use disorders,0.0370657634240753,0.138094290508373,26.8409094160399,1
South Carolina,Male,western_europe,horiuchi,Atherosclerotic CVDs,0.0222935561711347,0.138094290508373,16.1437204167272,2
South Carolina,Male,western_europe,horiuchi,Other,0.018858682518979,0.138094290508373,13.6563810491757,3
South Carolina,Male,western_europe,horiuchi,Road injury,0.0126988398161185,0.138094290508373,9.19577469087949,4
South Carolina,Male,western_europe,horiuchi,Diabetes,0.00949410054518396,0.138094290508373,6.87508550153153,5
South Carolina,Male,western_europe,stepwise,Mental and substance use disorders,0.037058057062767,0.138094290508373,26.8353289092138,1
South Carolina,Male,western_europe,stepwise,Atherosclerotic CVDs,0.022282069013762,0.138094290508373,16.1354020732747,2
South Carolina,Male,western_europe,stepwise,Other,0.0188682156397661,0.138094290508373,13.6632843909083,3
South Carolina,Male,western_europe,stepwise,Road injury,0.0127014361030339,0.138094290508373,9.1976547736156,4
South Carolina,Male,western_europe,stepwise,Diabetes,0.00949156172446602,0.138094290508373,6.87324703253431,5
South Dakota,Female,local_best3,horiuchi,Other,0.0168808267706684,0.0334054443149663,50.5331604378794,1
South Dakota,Female,local_best3,horiuchi,NCDs strongly linked to tobacco use,0.0059046699906169,0.0334054443149663,17.6757714549287,2
South Dakota,Female,local_best3,horiuchi,Road injury,0.00328890708502971,0.0334054443149663,9.84542236295363,3
South Dakota,Female,local_best3,horiuchi,Atherosclerotic CVDs,0.003015464209151,0.0334054443149663,9.02686454554958,4
South Dakota,Female,local_best3,horiuchi,Mental and substance use disorders,-0.0028648289880997,0.0334054443149663,-8.5759343928744,5
South Dakota,Female,local_best3,stepwise,Other,0.0168808699314351,0.0334054443149663,50.5332896406714,1
South Dakota,Female,local_best3,stepwise,NCDs strongly linked to tobacco use,0.00590464837467136,0.0334054443149663,17.6757067470765,2
South Dakota,Female,local_best3,stepwise,Road injury,0.00328892795950286,0.0334054443149663,9.84548485119044,3
South Dakota,Female,local_best3,stepwise,Atherosclerotic CVDs,0.00301542009305905,0.0334054443149663,9.02673248296861,4
South Dakota,Female,local_best3,stepwise,Mental and substance use disorders,-0.00286478051584105,0.0334054443149663,-8.57578929000376,5
South Dakota,Female,western_europe,horiuchi,Other,0.0132544349418462,0.0587822431630897,22.5483653372535,1
South Dakota,Female,western_europe,horiuchi,Mental and substance use disorders,0.0100227418643263,0.0587822431630897,17.0506284296067,2
South Dakota,Female,western_europe,horiuchi,Atherosclerotic CVDs,0.00740357325619567,0.0587822431630897,12.5949144806446,3
South Dakota,Female,western_europe,horiuchi,NCDs strongly linked to tobacco use,0.00546767609521714,0.0587822431630897,9.30157782520689,4
South Dakota,Female,western_europe,horiuchi,Road injury,0.00506311476338817,0.0587822431630897,8.61334051057,5
South Dakota,Female,western_europe,stepwise,Other,0.0132546498772917,0.0587822431630897,22.5487309841462,1
South Dakota,Female,western_europe,stepwise,Mental and substance use disorders,0.0100221826013177,0.0587822431630897,17.049677014726,2
South Dakota,Female,western_europe,stepwise,Atherosclerotic CVDs,0.0074033023761923,0.0587822431630897,12.5944536612052,3
South Dakota,Female,western_europe,stepwise,NCDs strongly linked to tobacco use,0.0054678884451016,0.0587822431630897,9.30193907355848,4
South Dakota,Female,western_europe,stepwise,Road injury,0.00506329194569399,0.0587822431630897,8.61364193204746,5
South Dakota,Male,local_best3,horiuchi,Other,0.0154374183248024,0.0366272293198616,42.1473821838641,1
South Dakota,Male,local_best3,horiuchi,Atherosclerotic CVDs,0.013391318470329,0.0366272293198616,36.561101451011,2
South Dakota,Male,local_best3,horiuchi,Mental and substance use disorders,-0.00929011743352604,0.0366272293198616,-25.3639644768007,3
South Dakota,Male,local_best3,horiuchi,NCDs strongly linked to tobacco use,0.0062493311572539,0.0366272293198616,17.0619816822047,4
South Dakota,Male,local_best3,horiuchi,Suicide,0.00464039392194338,0.0366272293198616,12.6692463724715,5
South Dakota,Male,local_best3,stepwise,Other,0.0154374036074363,0.0366272293198616,42.1473420023751,1
South Dakota,Male,local_best3,stepwise,Atherosclerotic CVDs,0.0133913102927179,0.0366272293198616,36.5610791244214,2
South Dakota,Male,local_best3,stepwise,Mental and substance use disorders,-0.00929007662926429,0.0366272293198616,-25.3638530726282,3
South Dakota,Male,local_best3,stepwise,NCDs strongly linked to tobacco use,0.00624942281408952,0.0366272293198616,17.0622319245444,4
South Dakota,Male,local_best3,stepwise,Suicide,0.00464044583346845,0.0366272293198616,12.669388101797,5
South Dakota,Male,western_europe,horiuchi,Atherosclerotic CVDs,0.0175588308371738,0.0656763783521889,26.7353823059712,1
South Dakota,Male,western_europe,horiuchi,Mental and substance use disorders,0.0130685601835449,0.0656763783521889,19.8984178351992,2
South Dakota,Male,western_europe,horiuchi,Suicide,0.00982387157443021,0.0656763783521889,14.957998325897,3
South Dakota,Male,western_europe,horiuchi,Road injury,0.00861921924193887,0.0656763783521889,13.1237736583439,4
South Dakota,Male,western_europe,horiuchi,Diabetes,0.00608493806792065,0.0656763783521889,9.26503290922992,5
South Dakota,Male,western_europe,stepwise,Atherosclerotic CVDs,0.0175606193823374,0.0656763783521889,26.7381055760548,1
South Dakota,Male,western_europe,stepwise,Mental and substance use disorders,0.0130677477272103,0.0656763783521889,19.8971807750035,2
South Dakota,Male,western_europe,stepwise,Suicide,0.00982387188433265,0.0656763783521889,14.9579987977599,3
South Dakota,Male,western_europe,stepwise,Road injury,0.00861968130736518,0.0656763783521889,13.124477207227,4
South Dakota,Male,western_europe,stepwise,Diabetes,0.00608576870858879,0.0656763783521889,9.26629765720929,5
Tennessee,Female,local_best3,horiuchi,Other,0.0234014090807531,0.0908784144519089,25.750239176033,1
Tennessee,Female,local_best3,horiuchi,NCDs strongly linked to tobacco use,0.0181163434601502,0.0908784144519089,19.9347045933961,2
Tennessee,Female,local_best3,horiuchi,Mental and substance use disorders,0.015882509774536,0.0908784144519089,17.4766580934802,3
Tennessee,Female,local_best3,horiuchi,Atherosclerotic CVDs,0.0146298012055015,0.0908784144519089,16.0982135237882,4
Tennessee,Female,local_best3,horiuchi,Diabetes,0.00357243639892424,0.0908784144519089,3.93100652170236,5
Tennessee,Female,local_best3,stepwise,Other,0.023403464244152,0.0908784144519089,25.7525006188754,1
Tennessee,Female,local_best3,stepwise,NCDs strongly linked to tobacco use,0.0181140699431828,0.0908784144519089,19.9322028805514,2
Tennessee,Female,local_best3,stepwise,Mental and substance use disorders,0.0158848741960263,0.0908784144519089,17.4792598350539,3
Tennessee,Female,local_best3,stepwise,Atherosclerotic CVDs,0.0146266981281166,0.0908784144519089,16.0947989864599,4
Tennessee,Female,local_best3,stepwise,Diabetes,0.00357197667656028,0.0908784144519089,3.9305006564023,5
Tennessee,Female,western_europe,horiuchi,Mental and substance use disorders,0.0286019909624229,0.116255213300032,24.6027598681589,1
Tennessee,Female,western_europe,horiuchi,Other,0.020007113915676,0.116255213300032,17.2096487957417,2
Tennessee,Female,western_europe,horiuchi,Atherosclerotic CVDs,0.0190411579755604,0.116255213300032,16.3787562166514,3
Tennessee,Female,western_europe,horiuchi,NCDs strongly linked to tobacco use,0.0178790353897428,0.116255213300032,15.3791257030344,4
Tennessee,Female,western_europe,horiuchi,Diabetes,0.00701836366983,0.116255213300032,6.03703134733146,5
Tennessee,Female,western_europe,stepwise,Mental and substance use disorders,0.028604510327199,0.116255213300032,24.6049269664804,1
Tennessee,Female,western_europe,stepwise,Other,0.0200105932563609,0.116255213300032,17.2126416427601,2
Tennessee,Female,western_europe,stepwise,Atherosclerotic CVDs,0.0190346632600114,0.116255213300032,16.3731696151007,3
Tennessee,Female,western_europe,stepwise,NCDs strongly linked to tobacco use,0.0178773579301787,0.116255213300032,15.3776827917735,4
Tennessee,Female,western_europe,stepwise,Diabetes,0.00701684326665841,0.116255213300032,6.03572353228521,5
Tennessee,Male,local_best3,horiuchi,Atherosclerotic CVDs,0.0285485805358773,0.126860792367347,22.5038642776327,1
Tennessee,Male,local_best3,horiuchi,Other,0.0265450417034362,0.126860792367347,20.9245435158331,2
Tennessee,Male,local_best3,horiuchi,Mental and substance use disorders,0.0237552258417638,0.126860792367347,18.7254276112169,3
Tennessee,Male,local_best3,horiuchi,NCDs strongly linked to tobacco use,0.0208506428269669,0.126860792367347,16.435844706527,4
Tennessee,Male,local_best3,horiuchi,Road injury,0.00556069780647173,0.126860792367347,4.38330685368082,5
Tennessee,Male,local_best3,stepwise,Atherosclerotic CVDs,0.028533269230372,0.126860792367347,22.4917949020443,1
Tennessee,Male,local_best3,stepwise,Other,0.0265516789084863,0.126860792367347,20.9297753963268,2
Tennessee,Male,local_best3,stepwise,Mental and substance use disorders,0.0237618542341355,0.126860792367347,18.7306525449793,3
Tennessee,Male,local_best3,stepwise,NCDs strongly linked to tobacco use,0.0208469762271873,0.126860792367347,16.4329544520117,4
Tennessee,Male,local_best3,stepwise,Road injury,0.00556389934957691,0.126860792367347,4.38583052001258,5
Tennessee,Male,western_europe,horiuchi,Mental and substance use disorders,0.0453678269521982,0.155909941399675,29.0987390187634,1
Tennessee,Male,western_europe,horiuchi,Atherosclerotic CVDs,0.0327716141515571,0.155909941399675,21.019579545314,2
Tennessee,Male,western_europe,horiuchi,Other,0.0178351794272827,0.155909941399675,11.4394112826727,3
Tennessee,Male,western_europe,horiuchi,NCDs strongly linked to tobacco use,0.0126060543517115,0.155909941399675,8.08547180413332,4
Tennessee,Male,western_europe,horiuchi,Road injury,0.00946791918296574,0.155909941399675,6.07268471655362,5
Tennessee,Male,western_europe,stepwise,Mental and substance use disorders,0.0453619312749499,0.155909941399675,29.0949575554421,1
Tennessee,Male,western_europe,stepwise,Atherosclerotic CVDs,0.0327493874767839,0.155909941399675,21.0053234468423,2
Tennessee,Male,western_europe,stepwise,Other,0.0178487506709397,0.155909941399675,11.4481158229574,3
Tennessee,Male,western_europe,stepwise,NCDs strongly linked to tobacco use,0.0126086362346377,0.155909941399675,8.08712781330314,4
Tennessee,Male,western_europe,stepwise,Road injury,0.00947275826433985,0.155909941399675,6.07578848359418,5
Texas,Female,local_best3,horiuchi,Other,0.0178381707558697,0.0374845328429585,47.5880834119041,1
Texas,Female,local_best3,horiuchi,Atherosclerotic CVDs,0.00794558827189384,0.0374845328429585,21.1969782448187,2
Texas,Female,local_best3,horiuchi,NCDs strongly linked to tobacco use,0.00400334324441243,0.0374845328429585,10.679987026074,3
Texas,Female,local_best3,horiuchi,Mental and substance use disorders,-0.00391975177469261,0.0374845328429585,-10.4569844610694,4
Texas,Female,local_best3,horiuchi,Diabetes,0.00342514900057167,0.0374845328429585,9.13749949858342,5
Texas,Female,local_best3,stepwise,Other,0.0178385842397316,0.0374845328429585,47.589186490509,1
Texas,Female,local_best3,stepwise,Atherosclerotic CVDs,0.00794535586249046,0.0374845328429585,21.1963582306802,2
Texas,Female,local_best3,stepwise,NCDs strongly linked to tobacco use,0.0040032250000489,0.0374845328429585,10.6796715776622,3
Texas,Female,local_best3,stepwise,Mental and substance use disorders,-0.00391999160024542,0.0374845328429585,-10.4576242597666,4
Texas,Female,local_best3,stepwise,Diabetes,0.00342506426764905,0.0374845328429585,9.13727345088802,5
Texas,Female,western_europe,horiuchi,Other,0.0142347463648058,0.0628613316910819,22.6446783449631,1
Texas,Female,western_europe,horiuchi,Atherosclerotic CVDs,0.0123956235548347,0.0628613316910819,19.7189961163251,2
Texas,Female,western_europe,horiuchi,Mental and substance use disorders,0.00892108807803915,0.0628613316910819,14.1916943819769,3
Texas,Female,western_europe,horiuchi,Diabetes,0.00698068873683588,0.0628613316910819,11.1049011356313,4
Texas,Female,western_europe,horiuchi,Road injury,0.00376977736599093,0.0628613316910819,5.99697344071022,5
Texas,Female,western_europe,stepwise,Other,0.0142354026568474,0.0628613316910819,22.6457223763635,1
Texas,Female,western_europe,stepwise,Atherosclerotic CVDs,0.0123944059628089,0.0628613316910819,19.7170591671817,2
Texas,Female,western_europe,stepwise,Mental and substance use disorders,0.00892115127699777,0.0628613316910819,14.1917949190749,3
Texas,Female,western_europe,stepwise,Diabetes,0.00698022638194923,0.0628613316910819,11.104165620054,4
Texas,Female,western_europe,stepwise,Road injury,0.00377020518381893,0.0628613316910819,5.99765401462822,5
Texas,Male,local_best3,horiuchi,Other,0.0217468738402783,0.0503380041735243,43.2017005785785,1
Texas,Male,local_best3,horiuchi,Atherosclerotic CVDs,0.0149460039238218,0.0503380041735243,29.6912922337966,2
Texas,Male,local_best3,horiuchi,Mental and substance use disorders,-0.00710972586145542,0.0503380041735243,-14.123972489944,3
Texas,Male,local_best3,horiuchi,NCDs strongly linked to tobacco use,0.00573556487873339,0.0503380041735243,11.3941046589012,4
Texas,Male,local_best3,horiuchi,Road injury,0.00368419464231873,0.0503380041735243,7.31891282304049,5
Texas,Male,local_best3,stepwise,Other,0.0217477443803718,0.0503380041735243,43.203429967949,1
Texas,Male,local_best3,stepwise,Atherosclerotic CVDs,0.0149452097297304,0.0503380041735243,29.6897145111505,2
Texas,Male,local_best3,stepwise,Mental and substance use disorders,-0.00711046638296881,0.0503380041735243,-14.1254435882236,3
Texas,Male,local_best3,stepwise,NCDs strongly linked to tobacco use,0.00573540202637846,0.0503380041735243,11.393781141198,4
Texas,Male,local_best3,stepwise,Road injury,0.00368479559899731,0.0503380041735243,7.32010666592015,5
Texas,Male,western_europe,horiuchi,Atherosclerotic CVDs,0.019108220576782,0.0793871532058516,24.0696634217808,1
Texas,Male,western_europe,horiuchi,Mental and substance use disorders,0.0150852059836725,0.0793871532058516,19.0020744849691,2
Texas,Male,western_europe,horiuchi,Other,0.012432469405694,0.0793871532058516,15.6605557746308,3
Texas,Male,western_europe,horiuchi,Diabetes,0.0089156519075615,0.0793871532058516,11.2305978329304,4
Texas,Male,western_europe,horiuchi,Road injury,0.00776384376302131,0.0793871532058516,9.77972310316959,5
Texas,Male,western_europe,stepwise,Atherosclerotic CVDs,0.0191052521298949,0.0793871532058516,24.0659242186892,1
Texas,Male,western_europe,stepwise,Mental and substance use disorders,0.0150845522115327,0.0793871532058516,19.00125096112,2
Texas,Male,western_europe,stepwise,Other,0.0124333712271275,0.0793871532058516,15.6616917536867,3
Texas,Male,western_europe,stepwise,Diabetes,0.00891508578735833,0.0793871532058516,11.2298847198128,4
Texas,Male,western_europe,stepwise,Road injury,0.00776470998196088,0.0793871532058516,9.78081423555638,5
Utah,Female,local_best3,horiuchi,Other,0.00648717926723252,0.0133274109755924,48.6754650180221,1
Utah,Female,local_best3,horiuchi,Mental and substance use disorders,0.00319441176887703,0.0133274109755924,23.9687346231553,2
Utah,Female,local_best3,horiuchi,Suicide,0.00289580207804263,0.0133274109755924,21.7281667335535,3
Utah,Female,local_best3,horiuchi,Diabetes,0.00155217252192374,0.0133274109755924,11.6464670052298,4
Utah,Female,local_best3,horiuchi,Atherosclerotic CVDs,-0.00150533086557525,0.0133274109755924,-11.2949984684354,5
Utah,Female,local_best3,stepwise,Other,0.00648718560175499,0.0133274109755924,48.6755125480523,1
Utah,Female,local_best3,stepwise,Mental and substance use disorders,0.00319439600658483,0.0133274109755924,23.9686163534312,2
Utah,Female,local_best3,stepwise,Suicide,0.00289579854053346,0.0133274109755924,21.7281401904449,3
Utah,Female,local_best3,stepwise,Diabetes,0.00155216587232804,0.0133274109755924,11.6464171111002,4
Utah,Female,local_best3,stepwise,Atherosclerotic CVDs,-0.00150532245722529,0.0133274109755924,-11.2949353777872,5
Utah,Female,western_europe,horiuchi,Mental and substance use disorders,0.016323848350747,0.0387042098237158,42.1758987590663,1
Utah,Female,western_europe,horiuchi,Diabetes,0.00513012185302864,0.0387042098237158,13.2546869614302,2
Utah,Female,western_europe,horiuchi,Suicide,0.00385702415262934,0.0387042098237158,9.96538663415877,3
Utah,Female,western_europe,horiuchi,Atherosclerotic CVDs,0.00286815762868786,0.0387042098237158,7.41045390605136,4
Utah,Female,western_europe,horiuchi,Other,0.00266185950872622,0.0387042098237158,6.87744181020633,5
Utah,Female,western_europe,stepwise,Mental and substance use disorders,0.016323459621498,0.0387042098237158,42.1748943999777,1
Utah,Female,western_europe,stepwise,Diabetes,0.0051300517144609,0.0387042098237158,13.254505744534,2
Utah,Female,western_europe,stepwise,Suicide,0.003857001486264,0.0387042098237158,9.96532807110983,3
Utah,Female,western_europe,stepwise,Atherosclerotic CVDs,0.00286809156375073,0.0387042098237158,7.41028321418752,4
Utah,Female,western_europe,stepwise,Other,0.00266215565873174,0.0387042098237158,6.87820697246353,5
Utah,Male,local_best3,horiuchi,Suicide,0.00448106161311035,-0.00116901180624829,-383.320475392924,1
Utah,Male,local_best3,horiuchi,Atherosclerotic CVDs,-0.0026724751035283,-0.00116901180624829,228.609761616102,2
Utah,Male,local_best3,horiuchi,NCDs strongly linked to tobacco use,-0.00125421875372767,-0.00116901180624829,107.288801278477,3
Utah,Male,local_best3,horiuchi,Violence,-0.00115196476919988,-0.00116901180624829,98.5417566394713,4
Utah,Male,local_best3,horiuchi,Mental and substance use disorders,0.00109488556084458,-0.00116901180624829,-93.6590678547894,5
Utah,Male,local_best3,stepwise,Suicide,0.00448107355966348,-0.00116901180624829,-383.321497328979,1
Utah,Male,local_best3,stepwise,Atherosclerotic CVDs,-0.00267248217329974,-0.00116901180624829,228.610366380862,2
Utah,Male,local_best3,stepwise,NCDs strongly linked to tobacco use,-0.00125422037483813,-0.00116901180624829,107.288939952053,3
Utah,Male,local_best3,stepwise,Violence,-0.00115196754446723,-0.00116901180624829,98.5419940423217,4
Utah,Male,local_best3,stepwise,Mental and substance use disorders,0.00109488972570138,-0.00116901180624829,-93.659424126366,5
Utah,Male,western_europe,horiuchi,Mental and substance use disorders,0.0242033321439296,0.027880137226079,86.812098332464,1
Utah,Male,western_europe,horiuchi,Other,-0.0107182653116817,0.027880137226079,-38.4440909482179,2
Utah,Male,western_europe,horiuchi,NCDs strongly linked to tobacco use,-0.0106999118403691,0.027880137226079,-38.3782610307975,3
Utah,Male,western_europe,horiuchi,Suicide,0.00978695406979968,0.027880137226079,35.1036796929572,4
Utah,Male,western_europe,horiuchi,Diabetes,0.00656823021800446,0.027880137226079,23.5588159582678,5
Utah,Male,western_europe,stepwise,Mental and substance use disorders,0.024204236824112,0.027880137226079,86.8153432238903,1
Utah,Male,western_europe,stepwise,Other,-0.0107188866436121,0.027880137226079,-38.4463195309733,2
Utah,Male,western_europe,stepwise,NCDs strongly linked to tobacco use,-0.0107015749041991,0.027880137226079,-38.3842260797371,3
Utah,Male,western_europe,stepwise,Suicide,0.00978715645292455,0.027880137226079,35.1044055972927,4
Utah,Male,western_europe,stepwise,Diabetes,0.0065690149086674,0.027880137226079,23.5616304733349,5
Vermont,Female,local_best3,horiuchi,NCDs strongly linked to tobacco use,0.00576689983692269,0.012321735802432,46.802657753662,1
Vermont,Female,local_best3,horiuchi,Mental and substance use disorders,0.00412281522759927,0.012321735802432,33.4596950762857,2
Vermont,Female,local_best3,horiuchi,Other,0.00231519951122816,0.012321735802432,18.7895565068941,3
Vermont,Female,local_best3,horiuchi,Atherosclerotic CVDs,0.00135779593764829,0.012321735802432,11.0195183488701,4
Vermont,Female,local_best3,horiuchi,Suicide,0.00124172800674449,0.012321735802432,10.0775412381379,5
Vermont,Female,local_best3,stepwise,NCDs strongly linked to tobacco use,0.00576688722301022,0.012321735802432,46.8025553824322,1
Vermont,Female,local_best3,stepwise,Mental and substance use disorders,0.00412282218014287,0.012321735802432,33.4597515013195,2
Vermont,Female,local_best3,stepwise,Other,0.00231520261544643,0.012321735802432,18.7895816999214,3
Vermont,Female,local_best3,stepwise,Atherosclerotic CVDs,0.00135779281962101,0.012321735802432,11.0194930437724,4
Vermont,Female,local_best3,stepwise,Suicide,0.00124172894780106,0.012321735802432,10.077548875508,5
Vermont,Female,western_europe,horiuchi,Mental and substance use disorders,0.0172734751092135,0.0376985346505554,45.8200173278062,1
Vermont,Female,western_europe,horiuchi,Atherosclerotic CVDs,0.0057755654775381,0.0376985346505554,15.3203978114121,2
Vermont,Female,western_europe,horiuchi,NCDs strongly linked to tobacco use,0.00532102323103334,0.0376985346505554,14.1146685948308,3
Vermont,Female,western_europe,horiuchi,Diabetes,0.00267484213458735,0.0376985346505554,7.09534776187367,4
Vermont,Female,western_europe,horiuchi,Road injury,0.002436901279947,0.0376985346505554,6.46418037872223,5
Vermont,Female,western_europe,stepwise,Mental and substance use disorders,0.0172732631336206,0.0376985346505554,45.8194550364735,1
Vermont,Female,western_europe,stepwise,Atherosclerotic CVDs,0.00577546242814797,0.0376985346505554,15.3201244602299,2
Vermont,Female,western_europe,stepwise,NCDs strongly linked to tobacco use,0.00532115455261567,0.0376985346505554,14.1150169414802,3
Vermont,Female,western_europe,stepwise,Diabetes,0.00267481836753009,0.0376985346505554,7.09528471683097,4
Vermont,Female,western_europe,stepwise,Road injury,0.00243697687178612,0.0376985346505554,6.46438089537313,5
Vermont,Male,local_best3,horiuchi,Mental and substance use disorders,0.0094583101204887,0.0177365258807316,53.3267348075415,1
Vermont,Male,local_best3,horiuchi,Atherosclerotic CVDs,0.00656509688698781,0.0177365258807316,37.0145592836753,2
Vermont,Male,local_best3,horiuchi,NCDs strongly linked to tobacco use,0.00601059951525507,0.0177365258807316,33.8882572363554,3
Vermont,Male,local_best3,horiuchi,Diabetes,-0.00235841051541985,0.0177365258807316,-13.2969135628864,4
Vermont,Male,local_best3,horiuchi,Suicide,0.00170771478272203,0.0177365258807316,9.62823719935612,5
Vermont,Male,local_best3,stepwise,Mental and substance use disorders,0.00945836035702635,0.0177365258807316,53.3270180452961,1
Vermont,Male,local_best3,stepwise,Atherosclerotic CVDs,0.00656524301713762,0.0177365258807316,37.0153831775472,2
Vermont,Male,local_best3,stepwise,NCDs strongly linked to tobacco use,0.00601068052203496,0.0177365258807316,33.8887139592809,3
Vermont,Male,local_best3,stepwise,Diabetes,-0.00235851294536071,0.0177365258807316,-13.2974910713655,4
Vermont,Male,local_best3,stepwise,Suicide,0.00170771619395343,0.0177365258807316,9.62824515599553,5
Vermont,Male,western_europe,horiuchi,Mental and substance use disorders,0.0324440891201717,0.0467856749130589,69.3462030428376,1
Vermont,Male,western_europe,horiuchi,Atherosclerotic CVDs,0.0106538338049087,0.0467856749130589,22.7715723342809,2
Vermont,Male,western_europe,horiuchi,Other,-0.00914784410079827,0.0467856749130589,-19.5526603341676,3
Vermont,Male,western_europe,horiuchi,Suicide,0.00689984368510321,0.0467856749130589,14.7477699059062,4
Vermont,Male,western_europe,horiuchi,Road injury,0.00447072142964933,0.0467856749130589,9.55574850198742,5
Vermont,Male,western_europe,stepwise,Mental and substance use disorders,0.032444291569871,0.0467856749130589,69.3466357601163,1
Vermont,Male,western_europe,stepwise,Atherosclerotic CVDs,0.0106554642441618,0.0467856749130589,22.7750572455407,2
Vermont,Male,western_europe,stepwise,Other,-0.00914892483486479,0.0467856749130589,-19.5549703020553,3
Vermont,Male,western_europe,stepwise,Suicide,0.00690008552721644,0.0467856749130589,14.7482868207817,4
Vermont,Male,western_europe,stepwise,Road injury,0.00447094557527167,0.0467856749130589,9.55622759227042,5
Virginia,Female,local_best3,horiuchi,Other,0.013115246098208,0.0322769964430629,40.6334155699509,1
Virginia,Female,local_best3,horiuchi,NCDs strongly linked to tobacco use,0.00618421759746435,0.0322769964430629,19.1598298446802,2
Virginia,Female,local_best3,horiuchi,Atherosclerotic CVDs,0.00504504227330416,0.0322769964430629,15.6304576920708,3
Virginia,Female,local_best3,horiuchi,Diabetes,0.00212785599189169,0.0322769964430629,6.59248451337552,4
Virginia,Female,local_best3,horiuchi,Mental and substance use disorders,0.0010109995934432,0.0322769964430629,3.13226044816969,5
Virginia,Female,local_best3,stepwise,Other,0.0131153575530821,0.0322769964430629,40.633760877403,1
Virginia,Female,local_best3,stepwise,NCDs strongly linked to tobacco use,0.00618406885146028,0.0322769964430629,19.1593690025311,2
Virginia,Female,local_best3,stepwise,Atherosclerotic CVDs,0.00504492182067912,0.0322769964430629,15.6300845079511,3
Virginia,Female,local_best3,stepwise,Diabetes,0.00212780885219172,0.0322769964430629,6.59233846601929,4
Virginia,Female,local_best3,stepwise,Mental and substance use disorders,0.00101108387961457,0.0322769964430629,3.13252158204416,5
Virginia,Female,western_europe,horiuchi,Mental and substance use disorders,0.01396407811668,0.0576537952911863,24.2205704692172,1
Virginia,Female,western_europe,horiuchi,Atherosclerotic CVDs,0.00946588660302361,0.0576537952911863,16.4184969180523,2
Virginia,Female,western_europe,horiuchi,Other,0.00943046879739562,0.0576537952911863,16.357065046223,3
Virginia,Female,western_europe,horiuchi,NCDs strongly linked to tobacco use,0.00575092205876182,0.0576537952911863,9.97492364503709,4
Virginia,Female,western_europe,horiuchi,Diabetes,0.00567515584750933,0.0576537952911863,9.84350781912341,5
Virginia,Female,western_europe,stepwise,Mental and substance use disorders,0.0139641234490789,0.0576537952911863,24.2206490978638,1
Virginia,Female,western_europe,stepwise,Atherosclerotic CVDs,0.00946508455396261,0.0576537952911863,16.4171057710221,2
Virginia,Female,western_europe,stepwise,Other,0.00943097259690151,0.0576537952911863,16.3579388820275,3
Virginia,Female,western_europe,stepwise,NCDs strongly linked to tobacco use,0.00575081180181991,0.0576537952911863,9.97473240534271,4
Virginia,Female,western_europe,stepwise,Diabetes,0.00567483307891875,0.0576537952911863,9.84294797984666,5
Virginia,Male,local_best3,horiuchi,Other,0.00910364955207876,0.038018168036947,23.9455240011344,1
Virginia,Male,local_best3,horiuchi,Atherosclerotic CVDs,0.00864465990459695,0.038018168036947,22.7382337207723,2
Virginia,Male,local_best3,horiuchi,NCDs strongly linked to tobacco use,0.0083275584107324,0.038018168036947,21.9041548836321,3
Virginia,Male,local_best3,horiuchi,Mental and substance use disorders,0.00569183304746435,0.038018168036947,14.9713501237958,4
Virginia,Male,local_best3,horiuchi,Violence,0.00210150710996204,0.038018168036947,5.52763906961468,5
Virginia,Male,local_best3,stepwise,Other,0.0091037626957951,0.038018168036947,23.9458216054699,1
Virginia,Male,local_best3,stepwise,Atherosclerotic CVDs,0.00864426732257595,0.038018168036947,22.7372011038913,2
Virginia,Male,local_best3,stepwise,NCDs strongly linked to tobacco use,0.00832735125492634,0.038018168036947,21.9036099972876,3
Virginia,Male,local_best3,stepwise,Mental and substance use disorders,0.00569212789900464,0.038018168036947,14.9721256781044,4
Virginia,Male,local_best3,stepwise,Violence,0.00210167651981363,0.038018168036947,5.52808467196834,5
Virginia,Male,western_europe,horiuchi,Mental and substance use disorders,0.0283084088960812,0.0670673170692743,42.2089478647868,1
Virginia,Male,western_europe,horiuchi,Atherosclerotic CVDs,0.0127207213045576,0.0670673170692743,18.9670943470398,2
Virginia,Male,western_europe,horiuchi,Diabetes,0.00763990936814529,0.0670673170692743,11.3914044902884,3
Virginia,Male,western_europe,horiuchi,Road injury,0.00509317610696247,0.0670673170692743,7.59412531994041,4
Virginia,Male,western_europe,horiuchi,Violence,0.00450124517402051,0.0670673170692743,6.71153308454421,5
Virginia,Male,western_europe,stepwise,Mental and substance use disorders,0.0283061649221366,0.0670673170692743,42.205602011631,1
Virginia,Male,western_europe,stepwise,Atherosclerotic CVDs,0.0127198329831684,0.0670673170692743,18.9657698250103,2
Virginia,Male,western_europe,stepwise,Diabetes,0.0076399113330955,0.0670673170692743,11.3914074201063,3
Virginia,Male,western_europe,stepwise,Road injury,0.00509334686557073,0.0670673170692743,7.59437992772213,4
Virginia,Male,western_europe,stepwise,Violence,0.00450154591732332,0.0670673170692743,6.71198150460328,5
Washington,Female,local_best3,horiuchi,Other,0.00600808926652452,0.0151686927008916,39.6084842972089,1
Washington,Female,local_best3,horiuchi,NCDs strongly linked to tobacco use,0.00397482266691551,0.0151686927008916,26.2041215106288,2
Washington,Female,local_best3,horiuchi,Mental and substance use disorders,0.00274924976845425,0.0151686927008916,18.1245003947681,3
Washington,Female,local_best3,horiuchi,Neurological conditions,0.00134922068658105,0.0151686927008916,8.8947723655958,4
Washington,Female,local_best3,horiuchi,Suicide,0.00102495981444461,0.0151686927008916,6.75707415698631,5
Washington,Female,local_best3,stepwise,Other,0.00600810390532047,0.0151686927008916,39.6085808038508,1
Washington,Female,local_best3,stepwise,NCDs strongly linked to tobacco use,0.00397479993051336,0.0151686927008916,26.203971620308,2
Washington,Female,local_best3,stepwise,Mental and substance use disorders,0.00274925462039627,0.0151686927008916,18.1245323813216,3
Washington,Female,local_best3,stepwise,Neurological conditions,0.00134922155425765,0.0151686927008916,8.89477808577627,4
Washington,Female,local_best3,stepwise,Suicide,0.00102496840149513,0.0151686927008916,6.75713076733952,5
Washington,Female,western_europe,horiuchi,Mental and substance use disorders,0.0158582137190073,0.040545491549015,39.11215060702,1
Washington,Female,western_europe,horiuchi,Atherosclerotic CVDs,0.00445336810155839,0.040545491549015,10.9836332756621,2
Washington,Female,western_europe,horiuchi,NCDs strongly linked to tobacco use,0.00350372840771229,0.040545491549015,8.64147473332929,3
Washington,Female,western_europe,horiuchi,Diabetes,0.0034989358514691,0.040545491549015,8.62965453813595,4
Washington,Female,western_europe,horiuchi,Neurological conditions,0.00230962100898835,0.040545491549015,5.69636948708903,5
Washington,Female,western_europe,stepwise,Mental and substance use disorders,0.0158580835579246,0.040545491549015,39.111829582221,1
Washington,Female,western_europe,stepwise,Atherosclerotic CVDs,0.0044532142003687,0.040545491549015,10.9832536990833,2
Washington,Female,western_europe,stepwise,NCDs strongly linked to tobacco use,0.00350375786518176,0.040545491549015,8.64154738621457,3
Washington,Female,western_europe,stepwise,Diabetes,0.00349885885398016,0.040545491549015,8.62946463418856,4
Washington,Female,western_europe,stepwise,Neurological conditions,0.00230973159075731,0.040545491549015,5.69664222214474,5
Washington,Male,local_best3,horiuchi,Other,0.00351303607478626,0.0117878297565979,29.8022294801123,1
Washington,Male,local_best3,horiuchi,NCDs strongly linked to tobacco use,0.00350750525371535,0.0117878297565979,29.7553097231671,2
Washington,Male,local_best3,horiuchi,Atherosclerotic CVDs,0.00312321078499145,0.0117878297565979,26.4952145516297,3
Washington,Male,local_best3,horiuchi,Mental and substance use disorders,0.00293122115356614,0.0117878297565979,24.8665039629155,4
Washington,Male,local_best3,horiuchi,Diabetes,-0.00103500018639013,0.0117878297565979,-8.78024375785394,5
Washington,Male,local_best3,stepwise,Other,0.00351304239050049,0.0117878297565979,29.8022830583736,1
Washington,Male,local_best3,stepwise,NCDs strongly linked to tobacco use,0.00350749852145921,0.0117878297565979,29.755252611245,2
Washington,Male,local_best3,stepwise,Atherosclerotic CVDs,0.00312319431265828,0.0117878297565979,26.4950748114612,3
Washington,Male,local_best3,stepwise,Mental and substance use disorders,0.00293125475934736,0.0117878297565979,24.8667890517055,4
Washington,Male,local_best3,stepwise,Diabetes,-0.00103500033060389,0.0117878297565979,-8.78024498126618,5
Washington,Male,western_europe,horiuchi,Mental and substance use disorders,0.0258839252634269,0.0408369787889251,63.3835460679244,1
Washington,Male,western_europe,horiuchi,Atherosclerotic CVDs,0.00716363845937651,0.0408369787889251,17.5420382991684,2
Washington,Male,western_europe,horiuchi,Other,-0.00638917030538289,0.0408369787889251,-15.6455509071979,3
Washington,Male,western_europe,horiuchi,NCDs strongly linked to tobacco use,-0.00577351318355313,0.0408369787889251,-14.1379537732083,4
Washington,Male,western_europe,horiuchi,Suicide,0.00538402927048698,0.0408369787889251,13.1842007664561,5
Washington,Male,western_europe,stepwise,Mental and substance use disorders,0.0258833922434958,0.0408369787889251,63.3822408295182,1
Washington,Male,western_europe,stepwise,Atherosclerotic CVDs,0.00716377995770651,0.0408369787889251,17.5423847947569,2
Washington,Male,western_europe,stepwise,Other,-0.00638890571343487,0.0408369787889251,-15.6449029847613,3
Washington,Male,western_europe,stepwise,NCDs strongly linked to tobacco use,-0.00577386705943134,0.0408369787889251,-14.1388203306489,4
Washington,Male,western_europe,stepwise,Suicide,0.00538412776348507,0.0408369787889251,13.1844419522661,5
West Virginia,Female,local_best3,horiuchi,Mental and substance use disorders,0.0290408522432325,0.115628502461567,25.1156519586382,1
West Virginia,Female,local_best3,horiuchi,Other,0.0257074081354102,0.115628502461567,22.232760598067,2
West Virginia,Female,local_best3,horiuchi,NCDs strongly linked to tobacco use,0.0241626836314761,0.115628502461567,20.8968231163483,3
West Virginia,Female,local_best3,horiuchi,Atherosclerotic CVDs,0.0139108624030483,0.115628502461567,12.0306517051642,4
West Virginia,Female,local_best3,horiuchi,Diabetes,0.00707378903721923,0.115628502461567,6.11768628549907,5
West Virginia,Female,local_best3,stepwise,Mental and substance use disorders,0.0290460109991961,0.115628502461567,25.1201134502719,1
West Virginia,Female,local_best3,stepwise,Other,0.0257117118406671,0.115628502461567,22.236482608787,2
West Virginia,Female,local_best3,stepwise,NCDs strongly linked to tobacco use,0.0241582475023833,0.115628502461567,20.8929865803746,3
West Virginia,Female,local_best3,stepwise,Atherosclerotic CVDs,0.0139061760884872,0.115628502461567,12.0265987991234,4
West Virginia,Female,local_best3,stepwise,Diabetes,0.00707194277937023,0.115628502461567,6.11608957032098,5
West Virginia,Female,western_europe,horiuchi,Mental and substance use disorders,0.0417624170463195,0.14100530130969,29.6176219322397,1
West Virginia,Female,western_europe,horiuchi,NCDs strongly linked to tobacco use,0.0240246486323189,0.14100530130969,17.0381172971316,2
West Virginia,Female,western_europe,horiuchi,Other,0.0224078485684683,0.14100530130969,15.8914936958675,3
West Virginia,Female,western_europe,horiuchi,Atherosclerotic CVDs,0.01824710112808,0.14100530130969,12.9407199293904,4
West Virginia,Female,western_europe,horiuchi,Diabetes,0.0105190572594164,0.14100530130969,7.46004381517071,5
West Virginia,Female,western_europe,stepwise,Mental and substance use disorders,0.0417663450902497,0.14100530130969,29.6204076742605,1
West Virginia,Female,western_europe,stepwise,NCDs strongly linked to tobacco use,0.0240211551228138,0.14100530130969,17.0356397239676,2
West Virginia,Female,western_europe,stepwise,Other,0.0224148793927333,0.14100530130969,15.896479908584,3
West Virginia,Female,western_europe,stepwise,Atherosclerotic CVDs,0.0182384672704087,0.14100530130969,12.9345968562923,4
West Virginia,Female,western_europe,stepwise,Diabetes,0.0105155213810538,0.14100530130969,7.45753619430135,5
West Virginia,Male,local_best3,horiuchi,Mental and substance use disorders,0.0557898386428131,0.157839240318166,35.3459878103533,1
West Virginia,Male,local_best3,horiuchi,NCDs strongly linked to tobacco use,0.0262612881023481,0.157839240318166,16.6379970211537,2
West Virginia,Male,local_best3,horiuchi,Other,0.0249526493159151,0.157839240318166,15.8089010474307,3
West Virginia,Male,local_best3,horiuchi,Atherosclerotic CVDs,0.022923187165772,0.157839240318166,14.5231230963634,4
West Virginia,Male,local_best3,horiuchi,Diabetes,0.00786877857257751,0.157839240318166,4.98531199004503,5
West Virginia,Male,local_best3,stepwise,Mental and substance use disorders,0.0557909431120732,0.157839240318166,35.3466875534957,1
West Virginia,Male,local_best3,stepwise,NCDs strongly linked to tobacco use,0.0262581580634763,0.157839240318166,16.6360139662014,2
West Virginia,Male,local_best3,stepwise,Other,0.0249763782827601,0.157839240318166,15.823934677089,3
West Virginia,Male,local_best3,stepwise,Atherosclerotic CVDs,0.0229042983177457,0.157839240318166,14.5111559530926,4
West Virginia,Male,local_best3,stepwise,Diabetes,0.0078645656189642,0.157839240318166,4.98264284794525,5
West Virginia,Male,western_europe,horiuchi,Mental and substance use disorders,0.0775330749233942,0.186888389350493,41.4862984227381,1
West Virginia,Male,western_europe,horiuchi,Atherosclerotic CVDs,0.0269586046590573,0.186888389350493,14.424975651376,2
West Virginia,Male,western_europe,horiuchi,NCDs strongly linked to tobacco use,0.0183210810514322,0.186888389350493,9.80322058267223,3
West Virginia,Male,western_europe,horiuchi,Other,0.0164274428356442,0.186888389350493,8.78997507161132,4
West Virginia,Male,western_europe,horiuchi,Diabetes,0.0133668654726268,0.186888389350493,7.15232525631027,5
West Virginia,Male,western_europe,stepwise,Mental and substance use disorders,0.0775027877045817,0.186888389350493,41.4700923764889,1
West Virginia,Male,western_europe,stepwise,Atherosclerotic CVDs,0.0269341580065762,0.186888389350493,14.4118947678786,2
West Virginia,Male,western_europe,stepwise,NCDs strongly linked to tobacco use,0.0183287609441162,0.186888389350493,9.80732992981291,3
West Virginia,Male,western_europe,stepwise,Other,0.0164665506667401,0.186888389350493,8.81090083978333,4
West Virginia,Male,western_europe,stepwise,Diabetes,0.0133618222992159,0.186888389350493,7.14962676154106,5
Wisconsin,Female,local_best3,horiuchi,Other,0.0077038274539627,0.0229836953686079,33.5186632541472,1
Wisconsin,Female,local_best3,horiuchi,NCDs strongly linked to tobacco use,0.00554869042374073,0.0229836953686079,24.1418550618251,2
Wisconsin,Female,local_best3,horiuchi,Mental and substance use disorders,0.00498865729929299,0.0229836953686079,21.7052010970643,3
Wisconsin,Female,local_best3,horiuchi,Atherosclerotic CVDs,0.00225922713972626,0.0229836953686079,9.82969493588054,4
Wisconsin,Female,local_best3,horiuchi,Neurological conditions,0.00104406162562176,0.0229836953686079,4.54261862105859,5
Wisconsin,Female,local_best3,stepwise,Other,0.00770387613496398,0.0229836953686079,33.5188750608236,1
Wisconsin,Female,local_best3,stepwise,NCDs strongly linked to tobacco use,0.00554862157475694,0.0229836953686079,24.1415555060632,2
Wisconsin,Female,local_best3,stepwise,Mental and substance use disorders,0.0049886540065881,0.0229836953686079,21.7051867708002,3
Wisconsin,Female,local_best3,stepwise,Atherosclerotic CVDs,0.00225918951399412,0.0229836953686079,9.82953122968997,4
Wisconsin,Female,local_best3,stepwise,Neurological conditions,0.0010440543361161,0.0229836953686079,4.54258690507232,5
Wisconsin,Female,western_europe,horiuchi,Mental and substance use disorders,0.0180708940415043,0.0483604942167313,37.3670582449348,1
Wisconsin,Female,western_europe,horiuchi,Atherosclerotic CVDs,0.00666302453449141,0.0483604942167313,13.7778255628045,2
Wisconsin,Female,western_europe,horiuchi,NCDs strongly linked to tobacco use,0.00510306417927975,0.0483604942167313,10.5521340547307,3
Wisconsin,Female,western_europe,horiuchi,Other,0.0039184293895661,0.0483604942167313,8.10254207081789,4
Wisconsin,Female,western_europe,horiuchi,Diabetes,0.00358715072787164,0.0483604942167313,7.41752288923174,5
Wisconsin,Female,western_europe,stepwise,Mental and substance use disorders,0.0180704117358962,0.0483604942167313,37.3660609317023,1
Wisconsin,Female,western_europe,stepwise,Atherosclerotic CVDs,0.00666264493502228,0.0483604942167313,13.7770406256874,2
Wisconsin,Female,western_europe,stepwise,NCDs strongly linked to tobacco use,0.00510317730350501,0.0483604942167313,10.5523679734015,3
Wisconsin,Female,western_europe,stepwise,Other,0.00391888476486951,0.0483604942167313,8.1034836974716,4
Wisconsin,Female,western_europe,stepwise,Diabetes,0.00358702282436463,0.0483604942167313,7.41725840991018,5
Wisconsin,Male,local_best3,horiuchi,Mental and substance use disorders,0.00833405591854408,0.023754798660269,35.0836731463575,1
Wisconsin,Male,local_best3,horiuchi,Atherosclerotic CVDs,0.00645558709045291,0.023754798660269,27.1759284630359,2
Wisconsin,Male,local_best3,horiuchi,NCDs strongly linked to tobacco use,0.0051440544230078,0.023754798660269,21.6548011901759,3
Wisconsin,Male,local_best3,horiuchi,Other,0.00446676109751809,0.023754798660269,18.803615898412,4
Wisconsin,Male,local_best3,horiuchi,Diabetes,-0.000978703630480915,0.023754798660269,-4.12002494518231,5
Wisconsin,Male,local_best3,stepwise,Mental and substance use disorders,0.00833401458778532,0.023754798660269,35.0834991572644,1
Wisconsin,Male,local_best3,stepwise,Atherosclerotic CVDs,0.0064554740645521,0.023754798660269,27.1754526606415,2
Wisconsin,Male,local_best3,stepwise,NCDs strongly linked to tobacco use,0.00514401501188794,0.023754798660269,21.6546352821401,3
Wisconsin,Male,local_best3,stepwise,Other,0.00446686047916511,0.023754798660269,18.804034262922,4
Wisconsin,Male,local_best3,stepwise,Diabetes,-0.000978698057268579,0.023754798660269,-4.12000148376546,5
Wisconsin,Male,western_europe,horiuchi,Mental and substance use disorders,0.0312104803579648,0.0528039476925962,59.1063390556705,1
Wisconsin,Male,western_europe,horiuchi,Atherosclerotic CVDs,0.0105271535058172,0.0528039476925962,19.9363001552501,2
Wisconsin,Male,western_europe,horiuchi,Other,-0.00534102613772947,0.0528039476925962,-10.1148235522518,3
Wisconsin,Male,western_europe,horiuchi,Road injury,0.00506175136858378,0.0528039476925962,9.58593360869778,4
Wisconsin,Male,western_europe,horiuchi,Diabetes,0.00487799410450007,0.0528039476925962,9.23793450614305,5
Wisconsin,Male,western_europe,stepwise,Mental and substance use disorders,0.0312092358150309,0.0528039476925962,59.1039821429996,1
Wisconsin,Male,western_europe,stepwise,Atherosclerotic CVDs,0.0105274877225134,0.0528039476925962,19.9369330940943,2
Wisconsin,Male,western_europe,stepwise,Other,-0.00534042527757084,0.0528039476925962,-10.113685644605,3
Wisconsin,Male,western_europe,stepwise,Road injury,0.00506190765798598,0.0528039476925962,9.58622958922391,4
Wisconsin,Male,western_europe,stepwise,Diabetes,0.00487833878010779,0.0528039476925962,9.23858725205085,5
Wyoming,Female,local_best3,horiuchi,Other,0.0166827538097623,0.0481383007627177,34.6558842863908,1
Wyoming,Female,local_best3,horiuchi,NCDs strongly linked to tobacco use,0.0113070247702196,0.0481383007627177,23.488624631671,2
Wyoming,Female,local_best3,horiuchi,Mental and substance use disorders,0.0065656508776355,0.0481383007627177,13.6391413357085,3
Wyoming,Female,local_best3,horiuchi,Road injury,0.00335055958586017,0.0481383007627177,6.96027805878665,4
Wyoming,Female,local_best3,horiuchi,Suicide,0.00239470505054706,0.0481383007627177,4.97463560741579,5
Wyoming,Female,local_best3,stepwise,Other,0.0166829120753002,0.0481383007627177,34.6562130589802,1
Wyoming,Female,local_best3,stepwise,NCDs strongly linked to tobacco use,0.0113066787125957,0.0481383007627177,23.4879057495783,2
Wyoming,Female,local_best3,stepwise,Mental and substance use disorders,0.00656564657029324,0.0481383007627177,13.6391323878599,3
Wyoming,Female,local_best3,stepwise,Road injury,0.00335080995077286,0.0481383007627177,6.96079815382267,4
Wyoming,Female,local_best3,stepwise,Suicide,0.00239475677076095,0.0481383007627177,4.97474304829565,5
Wyoming,Female,western_europe,horiuchi,Mental and substance use disorders,0.0194784931423264,0.0735150996108411,26.4959079773238,1
Wyoming,Female,western_europe,horiuchi,Other,0.0130875817262485,0.0735150996108411,17.802576335377,2
Wyoming,Female,western_europe,horiuchi,NCDs strongly linked to tobacco use,0.0109541061598581,0.0735150996108411,14.9004846866082,3
Wyoming,Female,western_europe,horiuchi,Atherosclerotic CVDs,0.00671796828749416,0.0735150996108411,9.13821558163743,4
Wyoming,Female,western_europe,horiuchi,Road injury,0.00511069402704445,0.0735150996108411,6.95189703081187,5
Wyoming,Female,western_europe,stepwise,Mental and substance use disorders,0.0194779134024861,0.0735150996108411,26.4951193776438,1
Wyoming,Female,western_europe,stepwise,Other,0.0130879565008264,0.0735150996108411,17.8030861280318,2
Wyoming,Female,western_europe,stepwise,NCDs strongly linked to tobacco use,0.0109541001607032,0.0735150996108411,14.9004765261691,3
Wyoming,Female,western_europe,stepwise,Atherosclerotic CVDs,0.00671729345635908,0.0735150996108411,9.13729763261926,4
Wyoming,Female,western_europe,stepwise,Road injury,0.00511138376782067,0.0735150996108411,6.95283526088959,5
Wyoming,Male,local_best3,horiuchi,Other,0.0152972992673376,0.0486902438856074,31.4175860430623,1
Wyoming,Male,local_best3,horiuchi,Suicide,0.00891379947669169,0.0486902438856074,18.3071571743073,2
Wyoming,Male,local_best3,horiuchi,NCDs strongly linked to tobacco use,0.00797002167207928,0.0486902438856074,16.368826762922,3
Wyoming,Male,local_best3,horiuchi,Atherosclerotic CVDs,0.00683721501013213,0.0486902438856074,14.0422689732166,4
Wyoming,Male,local_best3,horiuchi,Road injury,0.0060800249411237,0.0486902438856074,12.4871523654884,5
Wyoming,Male,local_best3,stepwise,Other,0.0152973966392564,0.0486902438856074,31.4177860254634,1
Wyoming,Male,local_best3,stepwise,Suicide,0.00891394337664197,0.0486902438856074,18.3074527159575,2
Wyoming,Male,local_best3,stepwise,NCDs strongly linked to tobacco use,0.00797008042238606,0.0486902438856074,16.3689474242744,3
Wyoming,Male,local_best3,stepwise,Atherosclerotic CVDs,0.00683694058505119,0.0486902438856074,14.0417053591144,4
Wyoming,Male,local_best3,stepwise,Road injury,0.00608050851463965,0.0486902438856074,12.4881455285481,5
Wyoming,Male,western_europe,horiuchi,Mental and substance use disorders,0.0260416389816981,0.0777393929179346,33.4986394982385,1
Wyoming,Male,western_europe,horiuchi,Suicide,0.014136418203028,0.0777393929179346,18.1843691755493,2
Wyoming,Male,western_europe,horiuchi,Atherosclerotic CVDs,0.0108522585004072,0.0777393929179346,13.9597932181736,3
Wyoming,Male,western_europe,horiuchi,Road injury,0.0102085763680105,0.0777393929179346,13.1317932708674,4
Wyoming,Male,western_europe,horiuchi,Other,0.00585297904559334,0.0777393929179346,7.52897446957429,5
Wyoming,Male,western_europe,stepwise,Mental and substance use disorders,0.0260395688936664,0.0777393929179346,33.4959766423119,1
Wyoming,Male,western_europe,stepwise,Suicide,0.0141364622692765,0.0777393929179346,18.1844258601293,2
Wyoming,Male,western_europe,stepwise,Atherosclerotic CVDs,0.0108526014563493,0.0777393929179346,13.9602343792494,3
Wyoming,Male,western_europe,stepwise,Road injury,0.0102094204216134,0.0777393929179346,13.1328790184803,4
Wyoming,Male,western_europe,stepwise,Other,0.0058536493442643,0.0777393929179346,7.52983670768267,5
